{
  "batch_name": "collected_data_runs_2025_12_10_v1",
  "num_samples": 2463,
  "num_features": 38,
  "classes": [
    "contact",
    "edge",
    "no_contact"
  ],
  "class_distribution": {
    "contact": "861",
    "edge": "1221",
    "no_contact": "381"
  },
  "cv_results": {
    "Random Forest": {
      "scores": [
        0.48884381338742394,
        0.486815415821501,
        0.4726166328600406,
        0.49796747967479676,
        0.5101626016260162
      ],
      "mean_accuracy": 0.4912811886739557,
      "std_accuracy": 0.012453624465207208,
      "best_score": 0.5101626016260162,
      "worst_score": 0.4726166328600406
    },
    "SVM (RBF)": {
      "scores": [
        0.5030425963488844,
        0.5091277890466531,
        0.4847870182555781,
        0.5101626016260162,
        0.5182926829268293
      ],
      "mean_accuracy": 0.5050825376407921,
      "std_accuracy": 0.011249431230945241,
      "best_score": 0.5182926829268293,
      "worst_score": 0.4847870182555781
    },
    "SVM (Linear)": {
      "scores": [
        0.5010141987829615,
        0.5030425963488844,
        0.48884381338742394,
        0.5020325203252033,
        0.49390243902439024
      ],
      "mean_accuracy": 0.4977671135737728,
      "std_accuracy": 0.005497799036154715,
      "best_score": 0.5030425963488844,
      "worst_score": 0.48884381338742394
    },
    "K-NN": {
      "scores": [
        0.40973630831643004,
        0.4198782961460446,
        0.4279918864097363,
        0.4369918699186992,
        0.4329268292682927
      ],
      "mean_accuracy": 0.4255050380118406,
      "std_accuracy": 0.009731677839880583,
      "best_score": 0.4369918699186992,
      "worst_score": 0.40973630831643004
    },
    "Logistic Regression": {
      "scores": [
        0.4949290060851927,
        0.47058823529411764,
        0.4969574036511156,
        0.4878048780487805,
        0.5
      ],
      "mean_accuracy": 0.49005590461584125,
      "std_accuracy": 0.010529198538344005,
      "best_score": 0.5,
      "worst_score": 0.47058823529411764
    },
    "Gradient Boosting": {
      "scores": [
        0.4787018255578093,
        0.460446247464503,
        0.5152129817444219,
        0.4898373983739837,
        0.4959349593495935
      ],
      "mean_accuracy": 0.4880266824980623,
      "std_accuracy": 0.018179921644786903,
      "best_score": 0.5152129817444219,
      "worst_score": 0.460446247464503
    },
    "Linear Discriminant Analysis": {
      "scores": [
        0.4827586206896552,
        0.45841784989858014,
        0.49290060851926976,
        0.5060975609756098,
        0.5142276422764228
      ],
      "mean_accuracy": 0.4908804564719075,
      "std_accuracy": 0.019496242770185898,
      "best_score": 0.5142276422764228,
      "worst_score": 0.45841784989858014
    }
  }
}