{
  "batch_name": "reduce_signal_time_experiment",
  "num_samples": 150,
  "num_features": 38,
  "classes": [
    "contact",
    "edge",
    "no_contact"
  ],
  "class_distribution": {
    "contact": "50",
    "edge": "50",
    "no_contact": "50"
  },
  "cv_results": {
    "Random Forest": {
      "scores": [
        0.9666666666666667,
        1.0,
        1.0,
        0.9666666666666667,
        0.9
      ],
      "mean_accuracy": 0.9666666666666668,
      "std_accuracy": 0.036514837167011066,
      "best_score": 1.0,
      "worst_score": 0.9
    },
    "SVM (RBF)": {
      "scores": [
        0.9666666666666667,
        1.0,
        0.9666666666666667,
        0.9333333333333333,
        0.8666666666666667
      ],
      "mean_accuracy": 0.9466666666666669,
      "std_accuracy": 0.04521553322083511,
      "best_score": 1.0,
      "worst_score": 0.8666666666666667
    },
    "SVM (Linear)": {
      "scores": [
        0.9666666666666667,
        0.9666666666666667,
        0.9666666666666667,
        0.9666666666666667,
        0.9
      ],
      "mean_accuracy": 0.9533333333333334,
      "std_accuracy": 0.02666666666666666,
      "best_score": 0.9666666666666667,
      "worst_score": 0.9
    },
    "K-NN": {
      "scores": [
        0.9666666666666667,
        1.0,
        0.9666666666666667,
        0.9333333333333333,
        0.8666666666666667
      ],
      "mean_accuracy": 0.9466666666666669,
      "std_accuracy": 0.04521553322083511,
      "best_score": 1.0,
      "worst_score": 0.8666666666666667
    },
    "Logistic Regression": {
      "scores": [
        0.9666666666666667,
        1.0,
        1.0,
        0.9666666666666667,
        0.9
      ],
      "mean_accuracy": 0.9666666666666668,
      "std_accuracy": 0.036514837167011066,
      "best_score": 1.0,
      "worst_score": 0.9
    },
    "Gradient Boosting": {
      "scores": [
        0.9666666666666667,
        0.9666666666666667,
        0.9666666666666667,
        1.0,
        0.9
      ],
      "mean_accuracy": 0.96,
      "std_accuracy": 0.03265986323710903,
      "best_score": 1.0,
      "worst_score": 0.9
    },
    "Linear Discriminant Analysis": {
      "scores": [
        1.0,
        0.9666666666666667,
        1.0,
        1.0,
        0.9
      ],
      "mean_accuracy": 0.9733333333333334,
      "std_accuracy": 0.038873012632301994,
      "best_score": 1.0,
      "worst_score": 0.9
    }
  }
}