{
  "batch_name": "reduce_signal_time_experiment",
  "num_samples": 150,
  "num_classes": 3,
  "classes": [
    "contact",
    "edge",
    "no_contact"
  ],
  "best_classifier": {
    "name": "Linear Discriminant Analysis",
    "mean_accuracy": 0.9733333333333334,
    "std_accuracy": 0.038873012632301994
  },
  "worst_classifier": {
    "name": "SVM (RBF)",
    "mean_accuracy": 0.9466666666666669,
    "std_accuracy": 0.04521553322083511
  },
  "all_classifiers_performance": {
    "Random Forest": {
      "mean_accuracy": 0.9666666666666668,
      "std_accuracy": 0.036514837167011066
    },
    "SVM (RBF)": {
      "mean_accuracy": 0.9466666666666669,
      "std_accuracy": 0.04521553322083511
    },
    "SVM (Linear)": {
      "mean_accuracy": 0.9533333333333334,
      "std_accuracy": 0.02666666666666666
    },
    "K-NN": {
      "mean_accuracy": 0.9466666666666669,
      "std_accuracy": 0.04521553322083511
    },
    "Logistic Regression": {
      "mean_accuracy": 0.9666666666666668,
      "std_accuracy": 0.036514837167011066
    },
    "Gradient Boosting": {
      "mean_accuracy": 0.96,
      "std_accuracy": 0.03265986323710903
    },
    "Linear Discriminant Analysis": {
      "mean_accuracy": 0.9733333333333334,
      "std_accuracy": 0.038873012632301994
    }
  }
}