{
  "batch_name": "balanced_collected_data_2025_12_16_v3_undersample",
  "num_samples": 1335,
  "num_features": 38,
  "classes": [
    "contact",
    "edge",
    "no_contact"
  ],
  "class_distribution": {
    "contact": "445",
    "edge": "445",
    "no_contact": "445"
  },
  "cv_results": {
    "Random Forest": {
      "scores": [
        0.7677902621722846,
        0.7528089887640449,
        0.7340823970037453,
        0.7378277153558053,
        0.7827715355805244
      ],
      "mean_accuracy": 0.7550561797752808,
      "std_accuracy": 0.01828697470521903,
      "best_score": 0.7827715355805244,
      "worst_score": 0.7340823970037453
    },
    "SVM (RBF)": {
      "scores": [
        0.6966292134831461,
        0.7265917602996255,
        0.6704119850187266,
        0.6779026217228464,
        0.7528089887640449
      ],
      "mean_accuracy": 0.7048689138576779,
      "std_accuracy": 0.030830135771171042,
      "best_score": 0.7528089887640449,
      "worst_score": 0.6704119850187266
    },
    "SVM (Linear)": {
      "scores": [
        0.700374531835206,
        0.6554307116104869,
        0.6853932584269663,
        0.6779026217228464,
        0.7378277153558053
      ],
      "mean_accuracy": 0.6913857677902623,
      "std_accuracy": 0.027379276228460023,
      "best_score": 0.7378277153558053,
      "worst_score": 0.6554307116104869
    },
    "K-NN": {
      "scores": [
        0.6367041198501873,
        0.6816479400749064,
        0.6329588014981273,
        0.5917602996254682,
        0.6666666666666666
      ],
      "mean_accuracy": 0.6419475655430712,
      "std_accuracy": 0.031029685658738537,
      "best_score": 0.6816479400749064,
      "worst_score": 0.5917602996254682
    },
    "Logistic Regression": {
      "scores": [
        0.6853932584269663,
        0.6779026217228464,
        0.6666666666666666,
        0.6779026217228464,
        0.7415730337078652
      ],
      "mean_accuracy": 0.6898876404494383,
      "std_accuracy": 0.026525739639888822,
      "best_score": 0.7415730337078652,
      "worst_score": 0.6666666666666666
    },
    "Gradient Boosting": {
      "scores": [
        0.7490636704119851,
        0.7715355805243446,
        0.7490636704119851,
        0.7378277153558053,
        0.7677902621722846
      ],
      "mean_accuracy": 0.755056179775281,
      "std_accuracy": 0.012667816123811038,
      "best_score": 0.7715355805243446,
      "worst_score": 0.7378277153558053
    },
    "Extra Trees": {
      "scores": [
        0.7565543071161048,
        0.7602996254681648,
        0.7303370786516854,
        0.7602996254681648,
        0.8052434456928839
      ],
      "mean_accuracy": 0.7625468164794007,
      "std_accuracy": 0.02411007781188176,
      "best_score": 0.8052434456928839,
      "worst_score": 0.7303370786516854
    },
    "AdaBoost": {
      "scores": [
        0.6966292134831461,
        0.6928838951310862,
        0.6704119850187266,
        0.6741573033707865,
        0.6853932584269663
      ],
      "mean_accuracy": 0.6838951310861423,
      "std_accuracy": 0.010215866439689804,
      "best_score": 0.6966292134831461,
      "worst_score": 0.6704119850187266
    },
    "XGBoost": {
      "scores": [
        0.7528089887640449,
        0.7715355805243446,
        0.7902621722846442,
        0.7715355805243446,
        0.8014981273408239
      ],
      "mean_accuracy": 0.7775280898876404,
      "std_accuracy": 0.016849770605546065,
      "best_score": 0.8014981273408239,
      "worst_score": 0.7528089887640449
    },
    "Naive Bayes": {
      "scores": [
        0.40074906367041196,
        0.4606741573033708,
        0.43820224719101125,
        0.50187265917603,
        0.599250936329588
      ],
      "mean_accuracy": 0.48014981273408247,
      "std_accuracy": 0.0679710792331126,
      "best_score": 0.599250936329588,
      "worst_score": 0.40074906367041196
    },
    "Quadratic Discriminant Analysis": {
      "scores": [
        0.6104868913857678,
        0.6704119850187266,
        0.6591760299625468,
        0.700374531835206,
        0.7565543071161048
      ],
      "mean_accuracy": 0.6794007490636704,
      "std_accuracy": 0.04823179035806814,
      "best_score": 0.7565543071161048,
      "worst_score": 0.6104868913857678
    },
    "Linear Discriminant Analysis": {
      "scores": [
        0.6329588014981273,
        0.7153558052434457,
        0.6704119850187266,
        0.6779026217228464,
        0.7228464419475655
      ],
      "mean_accuracy": 0.6838951310861423,
      "std_accuracy": 0.03261654090947901,
      "best_score": 0.7228464419475655,
      "worst_score": 0.6329588014981273
    },
    "Ensemble (RF + SVM)": {
      "scores": [
        0.7415730337078652,
        0.7453183520599251,
        0.6928838951310862,
        0.7228464419475655,
        0.7790262172284644
      ],
      "mean_accuracy": 0.7363295880149814,
      "std_accuracy": 0.02828645331610368,
      "best_score": 0.7790262172284644,
      "worst_score": 0.6928838951310862
    }
  }
}