{
  "batch_name": "reduce_signal_time_experiment",
  "num_samples": 150,
  "num_features": 38,
  "num_classes": 3,
  "test_accuracy": 1.0,
  "model_performance": {
    "overall_accuracy": 1.0,
    "per_class_accuracy": {
      "0": 1.0,
      "1": 1.0,
      "2": 1.0
    }
  },
  "feature_analysis": {
    "consistently_important": [],
    "method_specific": {},
    "feature_groups": {
      "basic_gradients": {
        "acoustic_importance": 0.006726960359006434,
        "impulse_importance": 0.0,
        "acoustic_vs_impulse_ratio": Infinity
      }
    },
    "top_features": [
      25,
      18,
      24,
      23,
      31,
      17,
      6,
      35,
      5,
      19
    ]
  },
  "saliency_maps_summary": {
    "basic_gradients": {
      "gradients": "[[-1.01626823e-02  2.86604161e-03  3.42365820e-03  7.87891634e-03\n   4.39376384e-03 -2.02868693e-02  2.36510094e-02  9.96199809e-03\n  -1.11292237e-02 -2.51752650e-03  6.36678794e-03 -1.01703135e-02\n   1.10554798e-02  9.02766362e-03 -1.19579677e-02  3.20273358e-03\n   1.15513545e-03 -1.64119005e-02 -3.50554213e-02 -1.07233617e-02\n   5.41188568e-03 -5.98099735e-03 -9.94325057e-03 -2.53838971e-02\n  -2.79278848e-02 -3.65060903e-02 -2.02239165e-03  8.66575073e-03\n  -1.29786590e-02 -7.98134413e-03  1.05946260e-02  2.64559221e-02\n   5.82010858e-03  3.15855560e-03 -6.16486231e-03 -1.67566128e-02\n   1.20718665e-02 -1.48758804e-03]\n [-3.39949256e-05  8.70622680e-05  1.07431042e-04  2.74163525e-04\n   7.48323146e-05 -3.87374865e-04  3.68023553e-04  1.36994160e-04\n  -2.14459797e-04 -2.32492021e-05  1.22751822e-04 -6.07939364e-05\n   1.59641699e-04  1.03207181e-04 -8.97372520e-05 -2.41518355e-05\n   1.85398585e-05 -1.05582913e-04 -5.87340328e-04 -2.36041029e-04\n   1.33940834e-04 -1.21939484e-04 -8.23141963e-05 -3.75616451e-04\n  -5.14734245e-04 -5.75946295e-04 -8.12982835e-05  1.73426102e-04\n  -3.03833978e-04 -1.79997121e-04  2.36158012e-04  4.32327943e-04\n   1.64206052e-04  1.78677801e-04  5.31169826e-05 -1.31147317e-04\n   4.82899632e-05 -1.48293009e-04]\n [-3.69171263e-04 -1.57542803e-04 -8.93241231e-05 -3.08608491e-04\n  -1.52477922e-04  1.40378557e-04 -2.57314212e-04  5.16875161e-06\n  -1.86216304e-04 -5.35636682e-05 -7.26497747e-05 -6.87705833e-05\n  -2.20347967e-04 -2.32314560e-05 -3.18058243e-04  7.19700183e-05\n  -1.67915103e-04 -2.81422981e-04  2.05417397e-04  2.27654731e-04\n   6.18076156e-05  8.76482954e-05  1.17258518e-04  1.81251380e-04\n   1.50621025e-04  2.91761593e-04 -3.59698242e-05  1.18543081e-04\n   2.25544514e-04  6.61108279e-05  7.01724712e-05 -2.62863847e-04\n   2.98776940e-05 -3.54458258e-04 -4.52243927e-04 -2.86750583e-04\n   2.00006340e-04  4.17220697e-04]\n [ 2.74985013e-07  1.14434681e-06  4.73222769e-07  2.46958257e-06\n   1.66873576e-07 -3.42584008e-06  3.09167240e-06  7.77808566e-07\n  -2.57415286e-06 -4.83725046e-07  8.02320471e-07 -6.54823225e-07\n   1.35727964e-06  6.07805646e-07 -6.64440961e-07 -4.51477007e-07\n   1.54901969e-07 -9.68025120e-07 -5.36068728e-06 -3.37524261e-06\n  -2.34620390e-09 -1.04294747e-06 -1.14846820e-07 -3.65787537e-06\n  -5.36435346e-06 -5.01889417e-06 -1.27113708e-06  2.08876395e-06\n  -2.79005076e-06 -1.30817807e-06  2.12058217e-06  3.68222823e-06\n   1.58461035e-06  1.06642199e-06  2.60338822e-07 -6.22802816e-07\n  -2.86860029e-07 -1.65556071e-06]\n [-4.24620025e-02  2.09451411e-02 -4.96471075e-05  2.08196566e-02\n   1.39807514e-03 -8.05349201e-02  7.79230967e-02  2.75990516e-02\n  -5.94250523e-02 -2.47915927e-02  2.66303569e-02 -4.76015694e-02\n   4.67094444e-02  2.69601345e-02 -6.53478131e-02  2.43997946e-02\n   6.03102206e-04 -9.47801694e-02 -1.33648247e-01 -7.78821558e-02\n   1.43663783e-03 -8.78948811e-03 -2.03747600e-02 -1.15801089e-01\n  -1.24925323e-01 -1.36450499e-01 -2.98052859e-02  4.07632068e-02\n  -3.50449607e-02 -3.06949280e-02  3.29541713e-02  1.04485393e-01\n   6.20110938e-03 -7.44848931e-03 -3.68259773e-02 -8.82851258e-02\n   5.36694713e-02  1.45423412e-02]\n [ 1.85162662e-05 -3.70610746e-06  1.17978539e-06  6.61495903e-07\n  -6.00047997e-06  1.80762800e-05 -1.62135111e-05 -6.84340876e-06\n   3.45967146e-06  5.55684528e-06 -1.07844189e-05  1.39441936e-05\n  -1.87561272e-05 -9.97846564e-06  2.70569089e-05 -7.82003281e-06\n  -1.54634483e-06  3.47130299e-05  3.71609058e-05  1.72185828e-05\n  -6.18560671e-06  2.60909906e-06  1.68433926e-05  3.23616332e-05\n   2.62159210e-05  3.61490675e-05  6.16276475e-06 -6.19285902e-06\n   8.68120082e-07 -4.24132486e-06  8.43473742e-07 -3.35391233e-05\n   1.13484828e-06  8.63083915e-06  1.78236787e-05  3.48299327e-05\n  -3.15481266e-05 -1.43091020e-05]\n [-1.38586201e-03 -5.19173685e-04 -2.86491413e-04 -1.00328715e-03\n  -5.34028804e-04  5.24734554e-04 -1.10883685e-03 -1.61162156e-04\n  -5.66218456e-04  1.46846614e-05 -2.82588851e-04 -4.53176544e-05\n  -9.04454966e-04 -2.75009261e-05 -1.16824883e-03  1.49195024e-04\n  -5.96382190e-04 -1.06446934e-03  8.95318692e-04  8.77577055e-04\n   2.34989871e-04  4.27819730e-04  4.93120286e-04  7.97238608e-04\n   6.06631162e-04  1.04831299e-03 -1.81343930e-04  4.63476084e-04\n   7.81139999e-04  3.46572779e-04  2.35469459e-04 -9.44260159e-04\n  -4.03156482e-05 -1.24424091e-03 -1.64375291e-03 -1.17887021e-03\n   8.42793030e-04  1.49780849e-03]\n [-4.12600821e-06 -2.29053353e-06 -1.24992127e-07 -2.46560012e-06\n  -1.35165476e-06  7.53297400e-07 -1.19316826e-06  2.97400760e-07\n  -2.37285781e-06 -4.37584816e-07 -3.54898248e-07 -6.99859527e-07\n  -2.12114219e-06  3.10026183e-09 -3.42467683e-06  8.78865023e-07\n  -1.84664964e-06 -3.26597501e-06  8.97441737e-07  2.38877283e-06\n   1.20094148e-06  2.31959135e-07  7.66228140e-07  8.21596757e-07\n   5.08354731e-07  1.94539234e-06 -1.63562831e-07  1.35900279e-06\n   1.11300756e-06  4.92613140e-07  1.14607758e-06 -1.72275497e-06\n   5.48989476e-07 -3.52927532e-06 -4.51974756e-06 -3.23023960e-06\n   2.08487927e-06  3.63231857e-06]\n [-4.56257164e-03  2.21982040e-03  3.99176823e-03  5.76491281e-03\n   3.37579614e-03 -1.47108855e-02  1.46531006e-02  5.72732557e-03\n  -7.61703635e-03 -1.37155224e-03  4.29282291e-03 -6.47679251e-03\n   7.32553424e-03  5.09208720e-03 -7.78798712e-03  8.59372842e-04\n  -7.09057960e-04 -1.07195415e-02 -2.21406370e-02 -9.80119780e-03\n   5.01754601e-03 -3.89256817e-03 -5.67416335e-03 -1.68986525e-02\n  -1.81044098e-02 -2.31132749e-02 -3.27401515e-03  6.33337442e-03\n  -9.03251860e-03 -4.50439751e-03  7.89657887e-03  1.68308076e-02\n   5.64677780e-03  1.36157172e-03 -3.68412165e-03 -1.00736246e-02\n   8.22213385e-03 -1.97072141e-03]\n [-4.51794676e-06 -2.18795344e-06 -2.23382401e-07 -2.60960792e-06\n  -1.51191762e-06  1.08705683e-06 -1.33824051e-06  3.30688181e-07\n  -2.64309597e-06 -7.73278202e-07 -4.67150528e-07 -6.93023310e-07\n  -2.26517614e-06  1.46085569e-07 -3.95194320e-06  9.47422336e-07\n  -1.99838496e-06 -3.52186180e-06  1.26504199e-06  2.62505159e-06\n   1.42926558e-06  1.86190050e-07  5.02881790e-07  7.57526095e-07\n   8.05968966e-07  2.32350271e-06 -3.41493489e-07  1.52772407e-06\n   1.53623807e-06  7.92983428e-07  1.38814482e-06 -2.07041126e-06\n   8.25112295e-07 -4.02951582e-06 -5.18078195e-06 -3.56025839e-06\n   2.32791967e-06  4.34918320e-06]]",
      "mean_absolute_gradient": "[0.00590037 0.00268041 0.00079503 0.00360578 0.0009938  0.01166085\n 0.01179832 0.00436    0.00791492 0.00287794 0.00377804 0.00644396\n 0.00663994 0.00412446 0.00867049 0.00287173 0.00032557 0.01234055\n 0.01925771 0.00997736 0.00123056 0.00193045 0.00367031 0.01594753\n 0.01722625 0.01980313 0.00354082 0.00565289 0.0058373  0.00437802\n 0.00519927 0.01494526 0.00179065 0.00137633 0.00488519 0.01167544\n 0.00750908 0.00200879]",