{
  "batch_name": "balanced_collected_data_2025_12_15_v1_oversample",
  "num_samples": 5577,
  "original_dimensions": 38,
  "num_classes": 3,
  "classes": [
    "contact",
    "edge",
    "no_contact"
  ],
  "pca_analysis": {
    "explained_variance_ratio": [
      0.19118656758649435,
      0.14418845074113695,
      0.10795811368814855,
      0.09149701301219748,
      0.06471746863378934,
      0.05483157852541484,
      0.051436806416860756,
      0.04187082509123201,
      0.040747594823759406,
      0.039333891151506664,
      0.026548040309855678,
      0.02509788897896165,
      0.022018858633828388,
      0.018739905005201812,
      0.017773288244902857,
      0.012793206736415205
    ],
    "cumulative_variance": [
      0.19118656758649435,
      0.3353750183276313,
      0.44333313201577984,
      0.5348301450279773,
      0.5995476136617667,
      0.6543791921871815,
      0.7058159986040423,
      0.7476868236952743,
      0.7884344185190337,
      0.8277683096705404,
      0.8543163499803961,
      0.8794142389593578,
      0.9014330975931861,
      0.920173002598388,
      0.9379462908432908,
      0.950739497579706,
      0.9625055607360101,
      0.9709145837810869,
      0.9778959132509045,
      0.9824929876666563,
      0.9864161798076928,
      0.9895134463816838,
      0.9915880879182686,
      0.9935936220483083,
      0.9951878248418004,
      0.9965386042881608,
      0.997669848050778,
      0.9986650382839529,
      0.9995005931154382,
      0.999865958464759,
      0.9999239502659572,
      0.999966984120475,
      0.9999955876231461,
      0.9999981013981212,
      0.9999994741274915,
      1.0000000000000002,
      1.0000000000000002,
      1.0000000000000002
    ],
    "components_for_95_variance": 16,
    "n_components_used": 16,
    "total_explained_variance": 0.9507394975797059
  },
  "tsne_analysis": {
    "methods_tested": [
      "perplexity_5",
      "perplexity_10",
      "perplexity_20",
      "perplexity_30",
      "perplexity_50",
      "best_perplexity",
      "silhouette_score"
    ],
    "best_perplexity": 50,
    "best_silhouette_score": -0.018240632489323616,
    "perplexity_results": {
      "perplexity_5": {
        "perplexity": 5,
        "silhouette_score": -0.036060068756341934,
        "kl_divergence": 0.35922837257385254
      },
      "perplexity_10": {
        "perplexity": 10,
        "silhouette_score": -0.03332753852009773,
        "kl_divergence": 0.5315952301025391
      },
      "perplexity_20": {
        "perplexity": 20,
        "silhouette_score": -0.027021115645766258,
        "kl_divergence": 0.65986168384552
      },
      "perplexity_30": {
        "perplexity": 30,
        "silhouette_score": -0.021945225074887276,
        "kl_divergence": 0.7154154181480408
      },
      "perplexity_50": {
        "perplexity": 50,
        "silhouette_score": -0.018240632489323616,
        "kl_divergence": 0.7598950266838074
      }
    }
  }
}