{
  "batch_name": "balanced_collected_data_runs_2026_01_15_workspace_2_squares_cutout_undersample",
  "num_samples": 360,
  "num_features": 38,
  "classes": [
    "contact",
    "no_contact"
  ],
  "class_distribution": {
    "contact": "180",
    "no_contact": "180"
  },
  "cv_results": {
    "Random Forest": {
      "scores": [
        0.6111111111111112,
        0.5416666666666666,
        0.5972222222222222,
        0.6111111111111112,
        0.625
      ],
      "mean_accuracy": 0.5972222222222222,
      "std_accuracy": 0.029133579115837565,
      "best_score": 0.625,
      "worst_score": 0.5416666666666666
    },
    "SVM (RBF)": {
      "scores": [
        0.6944444444444444,
        0.4861111111111111,
        0.5138888888888888,
        0.5416666666666666,
        0.5277777777777778
      ],
      "mean_accuracy": 0.5527777777777778,
      "std_accuracy": 0.07317744373510827,
      "best_score": 0.6944444444444444,
      "worst_score": 0.4861111111111111
    },
    "SVM (Linear)": {
      "scores": [
        0.5833333333333334,
        0.5,
        0.5,
        0.5555555555555556,
        0.5972222222222222
      ],
      "mean_accuracy": 0.5472222222222223,
      "std_accuracy": 0.040824829046386304,
      "best_score": 0.5972222222222222,
      "worst_score": 0.5
    },
    "K-NN": {
      "scores": [
        0.5555555555555556,
        0.5,
        0.5277777777777778,
        0.5416666666666666,
        0.4861111111111111
      ],
      "mean_accuracy": 0.5222222222222223,
      "std_accuracy": 0.02576005137637696,
      "best_score": 0.5555555555555556,
      "worst_score": 0.4861111111111111
    },
    "Logistic Regression": {
      "scores": [
        0.5555555555555556,
        0.5277777777777778,
        0.5277777777777778,
        0.5277777777777778,
        0.625
      ],
      "mean_accuracy": 0.5527777777777778,
      "std_accuracy": 0.03767961101736259,
      "best_score": 0.625,
      "worst_score": 0.5277777777777778
    },
    "Gradient Boosting": {
      "scores": [
        0.5833333333333334,
        0.5555555555555556,
        0.5833333333333334,
        0.5972222222222222,
        0.6388888888888888
      ],
      "mean_accuracy": 0.5916666666666667,
      "std_accuracy": 0.02721655269759084,
      "best_score": 0.6388888888888888,
      "worst_score": 0.5555555555555556
    },
    "Extra Trees": {
      "scores": [
        0.6527777777777778,
        0.5555555555555556,
        0.5694444444444444,
        0.4722222222222222,
        0.5277777777777778
      ],
      "mean_accuracy": 0.5555555555555556,
      "std_accuracy": 0.05892556509887897,
      "best_score": 0.6527777777777778,
      "worst_score": 0.4722222222222222
    },
    "AdaBoost": {
      "scores": [
        0.5833333333333334,
        0.5277777777777778,
        0.5972222222222222,
        0.625,
        0.5694444444444444
      ],
      "mean_accuracy": 0.5805555555555555,
      "std_accuracy": 0.032155102507750624,
      "best_score": 0.625,
      "worst_score": 0.5277777777777778
    },
    "XGBoost": {
      "scores": [
        0.5972222222222222,
        0.5,
        0.5555555555555556,
        0.5555555555555556,
        0.6111111111111112
      ],
      "mean_accuracy": 0.5638888888888889,
      "std_accuracy": 0.038888888888888896,
      "best_score": 0.6111111111111112,
      "worst_score": 0.5
    },
    "Naive Bayes": {
      "scores": [
        0.5277777777777778,
        0.4305555555555556,
        0.5,
        0.5277777777777778,
        0.5555555555555556
      ],
      "mean_accuracy": 0.5083333333333334,
      "std_accuracy": 0.04267303193260338,
      "best_score": 0.5555555555555556,
      "worst_score": 0.4305555555555556
    },
    "Quadratic Discriminant Analysis": {
      "scores": [
        0.625,
        0.5416666666666666,
        0.5277777777777778,
        0.5833333333333334,
        0.5555555555555556
      ],
      "mean_accuracy": 0.5666666666666667,
      "std_accuracy": 0.03447131568330794,
      "best_score": 0.625,
      "worst_score": 0.5277777777777778
    },
    "Linear Discriminant Analysis": {
      "scores": [
        0.5833333333333334,
        0.5416666666666666,
        0.5,
        0.5694444444444444,
        0.6388888888888888
      ],
      "mean_accuracy": 0.5666666666666667,
      "std_accuracy": 0.04598040377013013,
      "best_score": 0.6388888888888888,
      "worst_score": 0.5
    },
    "Ensemble (RF + SVM)": {
      "scores": [
        0.6666666666666666,
        0.5555555555555556,
        0.5555555555555556,
        0.6111111111111112,
        0.5833333333333334
      ],
      "mean_accuracy": 0.5944444444444446,
      "std_accuracy": 0.04157397096415488,
      "best_score": 0.6666666666666666,
      "worst_score": 0.5555555555555556
    }
  }
}