{
  "batch_name": "balanced_collected_data_runs_2026_01_15_workspace_2_squares_cutout_undersample",
  "num_samples": 360,
  "num_classes": 2,
  "classes": [
    "contact",
    "no_contact"
  ],
  "best_classifier": {
    "name": "Random Forest",
    "mean_accuracy": 0.5972222222222222,
    "std_accuracy": 0.029133579115837565
  },
  "worst_classifier": {
    "name": "Naive Bayes",
    "mean_accuracy": 0.5083333333333334,
    "std_accuracy": 0.04267303193260338
  },
  "all_classifiers_performance": {
    "Random Forest": {
      "mean_accuracy": 0.5972222222222222,
      "std_accuracy": 0.029133579115837565
    },
    "SVM (RBF)": {
      "mean_accuracy": 0.5527777777777778,
      "std_accuracy": 0.07317744373510827
    },
    "SVM (Linear)": {
      "mean_accuracy": 0.5472222222222223,
      "std_accuracy": 0.040824829046386304
    },
    "K-NN": {
      "mean_accuracy": 0.5222222222222223,
      "std_accuracy": 0.02576005137637696
    },
    "Logistic Regression": {
      "mean_accuracy": 0.5527777777777778,
      "std_accuracy": 0.03767961101736259
    },
    "Gradient Boosting": {
      "mean_accuracy": 0.5916666666666667,
      "std_accuracy": 0.02721655269759084
    },
    "Extra Trees": {
      "mean_accuracy": 0.5555555555555556,
      "std_accuracy": 0.05892556509887897
    },
    "AdaBoost": {
      "mean_accuracy": 0.5805555555555555,
      "std_accuracy": 0.032155102507750624
    },
    "XGBoost": {
      "mean_accuracy": 0.5638888888888889,
      "std_accuracy": 0.038888888888888896
    },
    "Naive Bayes": {
      "mean_accuracy": 0.5083333333333334,
      "std_accuracy": 0.04267303193260338
    },
    "Quadratic Discriminant Analysis": {
      "mean_accuracy": 0.5666666666666667,
      "std_accuracy": 0.03447131568330794
    },
    "Linear Discriminant Analysis": {
      "mean_accuracy": 0.5666666666666667,
      "std_accuracy": 0.04598040377013013
    },
    "Ensemble (RF + SVM)": {
      "mean_accuracy": 0.5944444444444446,
      "std_accuracy": 0.04157397096415488
    }
  }
}