{
  "batch_name": "balanced_collected_data_runs_2026_01_15_workspace1_undersample",
  "num_samples": 3000,
  "original_dimensions": 38,
  "num_classes": 3,
  "classes": [
    "contact",
    "edge",
    "no_contact"
  ],
  "pca_analysis": {
    "explained_variance_ratio": [
      0.35740839956154447,
      0.15917031929117875,
      0.09648065656090457,
      0.06669499268757291,
      0.06471697107098671,
      0.03863676399658316,
      0.033104044496133245,
      0.02927963797358962,
      0.02572551782290998,
      0.023763768756619646,
      0.023022703636812827,
      0.02099503038032682,
      0.01136513256956438
    ],
    "cumulative_variance": [
      0.35740839956154447,
      0.5165787188527232,
      0.6130593754136278,
      0.6797543681012007,
      0.7444713391721874,
      0.7831081031687706,
      0.8162121476649038,
      0.8454917856384934,
      0.8712173034614034,
      0.894981072218023,
      0.9180037758548358,
      0.9389988062351626,
      0.950363938804727,
      0.9592586823016358,
      0.967864389584934,
      0.9740336632275368,
      0.9796006687263381,
      0.9837976660884632,
      0.9872917180523773,
      0.9899309032351705,
      0.9925211168110483,
      0.9948349471840223,
      0.9963155861539112,
      0.9974995592060096,
      0.9981530484113098,
      0.9986522655480401,
      0.9989888860967333,
      0.9992582719647228,
      0.9994654739340229,
      0.9996671806782285,
      0.9998242804137417,
      0.9999219130123814,
      0.9999614388321385,
      0.99998259027291,
      0.9999972232835435,
      1.0,
      1.0,
      1.0
    ],
    "components_for_95_variance": 13,
    "n_components_used": 13,
    "total_explained_variance": 0.9503639388047271
  },
  "tsne_analysis": {
    "methods_tested": [
      "perplexity_5",
      "perplexity_10",
      "perplexity_20",
      "perplexity_30",
      "perplexity_50",
      "best_perplexity",
      "silhouette_score"
    ],
    "best_perplexity": 5,
    "best_silhouette_score": 0.04640761390328407,
    "perplexity_results": {
      "perplexity_5": {
        "perplexity": 5,
        "silhouette_score": 0.04640761390328407,
        "kl_divergence": 1.625933051109314
      },
      "perplexity_10": {
        "perplexity": 10,
        "silhouette_score": 0.0415615551173687,
        "kl_divergence": 1.684728980064392
      },
      "perplexity_20": {
        "perplexity": 20,
        "silhouette_score": 0.04621497541666031,
        "kl_divergence": 1.6097639799118042
      },
      "perplexity_30": {
        "perplexity": 30,
        "silhouette_score": 0.043549973517656326,
        "kl_divergence": 1.5298616886138916
      },
      "perplexity_50": {
        "perplexity": 50,
        "silhouette_score": 0.043509893119335175,
        "kl_divergence": 1.4155367612838745
      }
    }
  }
}