{
  "batch_name": "collected_data_runs_2025_12_11_v2_2",
  "num_samples": 1300,
  "num_features": 38,
  "num_classes": 84,
  "test_accuracy": 0.6807692050933838,
  "model_performance": {
    "overall_accuracy": 0.6807692050933838,
    "per_class_accuracy": {
      "0": 0.9887005686759949,
      "1": 0.0,
      "2": 0.05882352963089943,
      "4": 0.0,
      "5": 0.0,
      "14": 0.0,
      "17": 0.0,
      "18": 0.0,
      "23": 0.0,
      "24": 0.0,
      "26": 0.0,
      "27": 0.0,
      "29": 0.0,
      "30": 0.0,
      "32": 0.0,
      "35": 0.0,
      "40": 0.0,
      "44": 0.0,
      "46": 0.0,
      "49": 0.0,
      "51": 0.0,
      "54": 0.0,
      "55": 0.0,
      "60": 0.0,
      "61": 0.0,
      "62": 0.0,
      "63": 0.0,
      "66": 0.0,
      "72": 0.0,
      "74": 0.0,
      "75": 0.0,
      "77": 0.0,
      "78": 0.0,
      "79": 0.0,
      "81": 0.0,
      "82": 0.0
    }
  },
  "feature_analysis": {
    "consistently_important": [],
    "method_specific": {},
    "feature_groups": {
      "basic_gradients": {
        "acoustic_importance": 0.20933789142260426,
        "impulse_importance": 0.0,
        "acoustic_vs_impulse_ratio": Infinity
      }
    },
    "top_features": [
      6,
      23,
      26,
      10,
      12,
      4,
      14,
      30,
      22,
      24
    ]
  },
  "saliency_maps_summary": {
    "basic_gradients": {
      "gradients": "[[-1.37580037e-02  1.22648522e-01 -7.06216633e-01 -1.24424584e-02\n  -5.94300807e-01 -3.77608597e-01 -5.96728504e-01  2.61503016e-03\n   1.34361613e+00 -5.41607022e-01 -1.07333338e+00 -1.34487271e-01\n   6.09654248e-01  6.86679244e-01  7.50909746e-01  1.80301890e-01\n   8.60113353e-02  3.41095448e-01  8.70060265e-01  1.68158078e+00\n   7.94490874e-01 -2.69515187e-01  1.00376022e+00  1.29877615e+00\n   9.08377171e-01  5.84667385e-01  1.38995469e+00 -3.39510255e-02\n   9.59975421e-01  7.21293867e-01  8.47645104e-01 -4.71865088e-01\n  -2.13785872e-01  2.83284247e-01  1.48206055e-01  2.78387010e-01\n  -1.15119827e+00 -4.33978945e-01]\n [-2.93301623e-02  1.59237087e-02 -1.18264651e+00 -1.40979856e-01\n   1.59943771e+00  1.43670762e+00 -3.27456760e+00 -6.92049742e-01\n  -3.62106472e-01  5.92322499e-02  1.90690255e+00 -5.04684567e-01\n   1.77123547e+00  8.76826108e-01 -1.40247774e+00 -1.44937173e-01\n   4.92842585e-01 -1.41802832e-01  1.65353194e-01 -1.37505308e-01\n  -6.52287781e-01  1.27893901e+00 -9.60344732e-01  1.64188099e+00\n  -1.40392625e+00  2.29340360e-01 -1.95833373e+00 -4.78572659e-02\n   8.33228528e-01  4.61114228e-01 -1.02570951e+00  1.08958280e+00\n  -2.06958324e-01  2.38620847e-01 -2.39629671e-01 -4.55858469e-01\n   1.13104844e+00  4.47216690e-01]\n [ 4.40941304e-02  5.65848351e-02  2.05410402e-02  2.99136713e-02\n  -2.48161498e-02  3.52692567e-02  5.24105653e-02  1.50197349e-03\n   2.81577446e-02  5.03705852e-02  2.30747368e-02  2.28363890e-02\n   4.63672765e-02 -1.01966935e-03  4.32998575e-02 -4.05263938e-02\n   1.49388667e-02  4.21812758e-02 -1.97111350e-02 -2.15836968e-02\n   1.31967990e-02  5.50243035e-02 -6.31938428e-02 -3.81751284e-02\n  -6.32797629e-02 -3.95181999e-02 -1.46373920e-02 -2.71490347e-02\n  -1.70576144e-02 -2.16753669e-02  1.96339632e-03  2.68224645e-02\n   5.34726158e-02  2.64259428e-03  5.09429537e-02  3.74611579e-02\n   2.07031947e-02  1.41606294e-02]\n [ 2.94761211e-01  3.58829111e-01  1.64708480e-01  1.37526719e-02\n   1.02517858e-01 -7.83399958e-03  3.74542981e-01  4.60939705e-02\n   8.10609907e-02  1.35590106e-01  3.65841314e-02  5.51280119e-02\n   3.38393062e-01  1.02953956e-01  3.06819260e-01 -1.84148580e-01\n   1.81132078e-01  2.40692049e-01 -1.07554257e-01 -7.19269663e-02\n   1.17387585e-01  2.65162885e-01 -2.09171176e-01 -1.38447762e-01\n  -2.26907745e-01 -2.15964913e-01 -3.53008986e-01 -3.10319532e-02\n  -1.77599326e-01 -1.72490075e-01 -2.52350390e-01  5.25437929e-02\n   1.79826587e-01 -4.33982164e-03  3.39085788e-01  1.24985434e-01\n   3.72675210e-02  1.48913383e-01]\n [ 7.91673828e-03  5.82192428e-02  1.05816744e-01 -7.79102743e-03\n  -7.90943280e-02  5.64550757e-02  6.80649802e-02  7.50857145e-02\n  -4.54446413e-02  7.03104287e-02  5.87570248e-03 -8.77431333e-02\n  -7.77739957e-02 -7.36706704e-02 -2.00313658e-01  1.86434798e-02\n  -5.37165105e-02 -2.14434019e-03 -8.36019889e-02 -8.08946490e-02\n   9.77181643e-02 -5.41013991e-03 -1.95705324e-01 -2.21000642e-01\n  -6.07872792e-02 -1.39152467e-01 -1.17019549e-01  3.37584168e-02\n  -3.95916253e-02 -7.36676902e-02  2.37687584e-02  6.40527233e-02\n   1.71118528e-02  8.40931609e-02  2.15714183e-02  2.99252607e-02\n   3.18423919e-02 -3.21427323e-02]\n [ 9.93675813e-02  1.02448352e-01  9.43133906e-02  7.00290948e-02\n  -6.80851489e-02 -4.91532274e-02  7.93919489e-02  1.61654465e-02\n  -9.73930955e-02  3.07815126e-03 -3.55758108e-02  6.75276443e-02\n   5.23830540e-02 -5.81366085e-02  1.52654694e-02 -6.08019158e-03\n  -4.90772016e-02  5.14364941e-03 -5.25610894e-02 -3.92764397e-02\n   8.90564397e-02  9.41969920e-03  5.08142151e-02 -9.15257633e-02\n   5.54682389e-02 -1.15412042e-01 -8.57049823e-02  5.67602143e-02\n  -1.07481554e-01 -8.18079412e-02  8.96481797e-02 -2.38263048e-02\n   8.09412748e-02  3.57526280e-02  9.72993523e-02  6.34439439e-02\n  -3.63177471e-02 -6.87650442e-02]\n [ 1.05070442e-01  9.13117826e-02  9.73963588e-02  9.00088549e-02\n  -1.55987844e-01 -3.10623385e-02  1.81920364e-01  2.42386553e-02\n  -3.47872265e-02 -2.43559815e-02  2.41051130e-05  1.09425381e-01\n   1.49636105e-01 -1.09573297e-01  9.81069878e-02  2.98152156e-02\n  -4.45906818e-02  2.51516905e-02  3.81748565e-03  3.25740501e-02\n   7.13273659e-02  4.47237790e-02 -4.68744338e-02 -7.09558576e-02\n   2.51531862e-02 -8.31736773e-02 -2.24129744e-02 -2.59194281e-02\n  -8.99511725e-02 -5.67201898e-02  6.09698072e-02  8.51610955e-03\n   6.48216531e-02  5.98664209e-03  1.32372409e-01  7.70006999e-02\n  -2.10426431e-02 -2.39085574e-02]\n [ 3.55664790e-02  4.38462421e-02  2.77408250e-02  2.25493535e-02\n  -1.31743914e-02  1.79694183e-02  4.09089066e-02  1.30728073e-02\n   8.28508381e-03  4.43719625e-02  4.29855613e-03  8.81988369e-03\n  -4.14884835e-03 -2.69622300e-02  9.65075381e-03  4.14659269e-03\n  -3.52116227e-02  2.84445807e-02 -4.05513793e-02 -2.95671001e-02\n   2.62038764e-02  1.10103441e-02 -1.15150614e-02 -3.37371938e-02\n  -3.63972522e-02 -6.94722831e-02  1.20784594e-02  3.64267826e-03\n  -3.90511006e-02 -1.57480072e-02  1.87144317e-02  3.08117662e-02\n   5.03218099e-02  8.49378947e-03  3.76201756e-02  4.32202555e-02\n  -1.24401851e-02 -4.89196554e-03]\n [ 2.98152734e-02  2.72984263e-02 -6.47223666e-02 -5.65627180e-02\n   3.59025687e-01  5.40819056e-02 -1.62466671e-02  8.57355073e-03\n   3.35329771e-01  6.91938996e-02 -1.29456922e-01  7.84736052e-02\n   2.79552937e-01  1.94438845e-02  2.97850650e-02  4.05159071e-02\n   7.52786398e-02 -1.58597827e-01  1.50920004e-01  5.75597771e-02\n  -1.09561473e-01  5.86107932e-03 -2.66372681e-01  2.56472886e-01\n   5.50611466e-02  3.00566964e-02  1.84808802e-02 -9.64737982e-02\n  -7.70353377e-02 -7.91047364e-02 -4.90167379e-01 -1.14942506e-01\n   1.74126312e-01 -5.45133129e-02  1.25539884e-01 -7.94094726e-02\n   1.28623784e-01  3.96004319e-02]\n [-1.87150031e-01 -3.97180945e-01 -4.15425599e-01 -7.38378614e-02\n   3.30213159e-01  2.09025487e-01 -1.33555889e-01 -2.52293676e-01\n   1.93960220e-01 -2.55252808e-01  3.39373410e-01  1.13406762e-01\n   4.36340496e-02  1.59877050e-03  3.04617584e-01 -2.76906509e-02\n   3.09936643e-01 -4.01640497e-03  1.51638523e-01  3.29358578e-01\n  -9.67106894e-02  1.53650641e-01 -1.73131660e-01  3.85748267e-01\n  -7.59619623e-02  1.55356780e-01 -8.54108017e-03 -2.75612827e-02\n   2.19851047e-01  2.14763060e-01 -1.75780207e-01  6.94760233e-02\n  -2.29046238e-03 -2.19757468e-01 -5.82674481e-02 -1.77465528e-01\n   1.34853184e-01  1.52109966e-01]]",