{
  "batch_name": "collected_data_runs_2025_12_11_v2_2",
  "num_samples": 650,
  "num_features": 38,
  "num_classes": 3,
  "test_accuracy": 0.6307692527770996,
  "model_performance": {
    "overall_accuracy": 0.6307692527770996,
    "per_class_accuracy": {
      "0": 0.03999999910593033,
      "1": 0.8876404762268066,
      "2": 0.125
    }
  },
  "feature_analysis": {
    "consistently_important": [],
    "method_specific": {},
    "feature_groups": {
      "basic_gradients": {
        "acoustic_importance": 0.3220863201116261,
        "impulse_importance": 0.0,
        "acoustic_vs_impulse_ratio": Infinity
      }
    },
    "top_features": [
      23,
      26,
      2,
      9,
      7,
      22,
      32,
      1,
      20,
      24
    ]
  },
  "saliency_maps_summary": {
    "basic_gradients": {
      "gradients": "[[ 5.29903807e-02  6.75405711e-02  8.16030502e-02  1.31346628e-01\n  -2.43304367e-03 -5.02972417e-02  1.16175920e-01  4.92784828e-02\n  -4.88913655e-02  4.77856770e-02 -3.11644860e-02 -4.40632515e-02\n   1.37335181e-01 -1.74224172e-02  2.45195497e-02 -2.83453148e-02\n  -3.76207381e-02 -2.66224705e-02 -1.30607113e-01 -5.14474623e-02\n   6.63447157e-02 -2.05309372e-02 -6.45503253e-02 -1.36590600e-01\n   2.53107082e-02 -2.06384435e-03  6.51239678e-02 -3.97073076e-04\n   5.68715995e-03  4.40540863e-03  3.82583737e-02  5.52902604e-03\n  -6.61663264e-02 -4.23920043e-02  5.78731075e-02  8.47590249e-03\n  -3.90817113e-02  8.88238400e-02]\n [ 2.22007766e-01  3.38762522e-01 -1.21540790e-02  1.00128785e-01\n   2.22628415e-02 -1.38541698e-01  1.88316017e-01 -4.89192717e-02\n   1.14447353e-02  2.58159459e-01 -1.02402017e-01  6.28749803e-02\n   1.90206468e-01  1.50418103e-01  3.26990150e-02 -1.37500763e-01\n   6.89628813e-03 -7.63464645e-02 -3.28844160e-01 -2.78364599e-01\n   1.06982537e-01 -1.58279072e-02  1.65474266e-01 -8.20959210e-02\n  -1.08096406e-01 -4.31325808e-02 -1.32438660e-01 -6.42099604e-02\n  -7.55547583e-02  3.86742204e-02 -5.43540418e-02  1.05445661e-01\n   9.04707890e-03  1.71208858e-01  2.40598217e-01 -3.10204364e-02\n   9.99097340e-03 -8.39986801e-02]\n [-9.21357945e-02  1.08967498e-01 -4.28917289e-01 -4.00661826e-01\n  -2.86395371e-01 -1.78350389e-01 -1.66864514e-01  4.58712071e-01\n   3.43303651e-01  5.97056031e-01  2.34366551e-01 -5.42527437e-01\n  -2.20380023e-01 -1.90105602e-01 -6.11365080e-01 -1.54361859e-01\n  -1.28443137e-01  6.62767068e-02 -5.18440068e-01 -1.28054112e-01\n  -4.56084497e-02 -2.05668151e-01 -8.25826764e-01 -6.85171187e-01\n  -1.05917946e-01  4.50528488e-02  1.92912579e-01  2.47055322e-01\n  -1.59109496e-02  1.92768365e-01 -4.44430560e-01  4.83568966e-01\n  -6.43321574e-01  3.82174224e-01 -2.55492657e-01  3.18840533e-01\n   7.00055808e-02 -3.11915632e-02]\n [-2.68939845e-02  7.01222271e-02  3.72331113e-01  1.57090440e-01\n   4.55699721e-03  5.87947154e-03  9.54259709e-02  1.92560315e-01\n   9.89604741e-02  8.77958983e-02  3.26628797e-02 -4.65277322e-02\n  -5.18707559e-03 -3.47367637e-02 -8.40257853e-02 -1.70353606e-01\n  -7.30251744e-02 -2.36036573e-02 -2.94218659e-01 -5.32852225e-02\n   2.07384348e-01 -3.16387042e-02 -2.92701334e-01 -4.01672840e-01\n   7.82503858e-02 -4.34149317e-02  2.21368521e-01 -2.29237899e-02\n  -1.12479538e-01 -1.58308163e-01  3.47618386e-02 -2.42381543e-02\n  -1.62561536e-01 -1.30254962e-02  1.84553757e-01 -1.25419665e-02\n   9.98186599e-03  1.42175823e-01]\n [-1.06108822e-01 -3.25679451e-01  5.05064487e-01  2.29211547e-03\n  -5.62294602e-01  3.91113728e-01  3.55390817e-01 -4.88406032e-01\n  -8.46989919e-03 -2.60195315e-01  2.03095749e-01  2.28982568e-01\n   4.89514828e-01 -3.87284935e-01  2.45659482e-02  2.80413896e-01\n   2.47622444e-03 -1.55647963e-01  2.00444669e-01  2.92020768e-01\n   1.00196731e+00  6.15368374e-02 -2.66088873e-01  2.98626781e-01\n  -3.57776731e-01  8.28636959e-02 -1.25529301e+00 -6.69626370e-02\n   1.04041882e-01 -1.75858051e-01  2.98310041e-01 -1.68686286e-01\n   3.18392426e-01 -4.61059839e-01 -4.52670418e-02 -2.92407751e-01\n   2.17446938e-01  1.49184033e-01]\n [ 3.40378642e-01 -5.26164234e-01 -6.14569150e-02 -3.50400396e-02\n   5.94855547e-01  4.79443043e-01 -1.48211479e-01 -4.06700015e-01\n   9.75137174e-01  4.55782831e-01 -7.70045459e-01  1.20688297e-01\n  -3.92222358e-03  7.64314592e-01  4.57562387e-01 -2.55180467e-02\n   5.72660938e-02 -3.86336327e-01  1.61063641e-01 -1.07826009e-01\n   3.28896403e-01 -2.40662962e-01  7.72641674e-02  1.42964447e+00\n  -7.11669505e-01  6.23777620e-02 -3.52199733e-01 -1.34136170e-01\n   1.80008605e-01 -3.08285266e-01 -3.40732671e-02  3.90944541e-01\n   9.45926964e-01  2.68430829e-01  1.86039865e-01 -4.35833067e-01\n   3.65651071e-01 -2.76089281e-01]\n [-1.10202730e+00 -1.90907621e+00 -1.26928031e+00 -1.28831446e+00\n  -6.73544943e-01  1.41367924e+00 -7.10599542e-01  1.77430296e+00\n   8.81403685e-01 -1.03834443e-01  6.09397531e-01 -7.18796849e-01\n  -8.94330323e-01  4.30394076e-02 -8.76405835e-02 -2.12346300e-01\n   2.54086792e-01  2.39877492e-01  7.00637639e-01  4.03237671e-01\n  -5.14090359e-01 -6.03554726e-01  4.23482448e-01  2.11012214e-01\n  -1.50646269e+00  6.35408461e-01  1.19610620e+00 -1.61878932e-02\n  -9.22055393e-02 -2.16063589e-01  1.13191955e-01 -6.03192672e-02\n   1.86033741e-01 -2.85178244e-01 -1.39916635e+00  3.35112184e-01\n   5.80794811e-01  1.02631725e-01]\n [-6.79192245e-02  4.54042822e-01 -7.16585442e-02  1.97642937e-01\n  -4.34901297e-01 -9.03863966e-01  1.64392382e-01  2.76286662e-01\n  -9.44097415e-02  2.37153605e-01  4.25316602e-01 -3.73041570e-01\n   4.85571623e-01 -6.94322586e-01 -2.66405344e-01  1.96652040e-01\n  -3.42966408e-01 -1.10476010e-01 -3.76466155e-01  2.45732099e-01\n   2.72090107e-01 -4.48982716e-01 -1.36534795e-01 -8.97621274e-01\n   6.15534782e-01  2.42112696e-01  2.45935917e-01 -2.19043996e-03\n   1.99295893e-01  2.51990199e-01 -7.81413168e-02 -3.19491699e-02\n  -9.35989082e-01  8.72610509e-02 -9.99726206e-02  2.43588790e-01\n  -1.28405437e-01 -1.78333418e-03]\n [ 4.42060791e-02  2.76291221e-01  1.34956455e+00 -1.76027402e-01\n  -4.22810823e-01  2.63003409e-01  1.02065754e+00 -2.53180992e-02\n   4.87138033e-01  2.70354331e-01  6.50731385e-01  6.22717142e-01\n   1.00556063e-02 -1.90981120e-01  1.11115359e-01 -3.46475810e-01\n  -2.45054048e-02 -1.06420340e-02 -2.71658510e-01  3.94103914e-01\n   1.32441878e+00 -8.99903327e-02 -1.38081968e-01 -1.14730895e+00\n  -6.48083631e-03  2.95343157e-02 -1.32175043e-01 -3.99461567e-01\n   1.27156779e-01 -3.22898477e-01  5.53889751e-01  1.67862877e-01\n   2.78767049e-01 -4.50890623e-02  5.94422638e-01 -1.62277997e-01\n  -2.25730073e-02  1.41090214e-01]\n [-8.50483418e-01 -2.01558113e-01  8.81121278e-01 -7.43852735e-01\n   9.14871871e-01 -2.35416777e-02  3.35294157e-01 -1.08160210e+00\n  -2.58037269e-01 -2.56591177e+00  6.11481845e-01  1.12862098e+00\n   9.53157842e-01  5.94428062e-01  6.25712425e-02 -2.89275736e-01\n   8.56419206e-01 -6.53146029e-01  1.18367195e+00  1.59137595e+00\n   3.90853047e-01 -1.45966783e-01  2.31701231e+00  5.67312181e-01\n   6.84764147e-01  2.04108581e-01 -1.59337497e+00 -2.15480149e-01\n   6.37531936e-01  9.74840760e-01  2.59153545e-01 -5.35487056e-01\n   8.50808978e-01 -3.85843456e-01 -9.34996665e-01 -8.64338994e-01\n  -1.53550625e-01 -1.35265422e+00]]",
      "mean_absolute_gradient": "[0.29051512 0.4278205  0.50331515 0.32323974 0.39189273 0.38477138\n 0.33013284 0.48020858 0.3207196  0.48840293 0.36706644 0.38888407\n 0.3389661  0.30670536 0.17624703 0.18412435 0.17837055 0.17489752\n 0.41660523 0.3545448  0.4258636  0.18643601 0.4707017  0.58570564\n 0.42002645 0.13900699 0.53869283 0.11690049 0.1549873  0.26440924\n 0.19085649 0.1974031  0.43970147 0.21416631 0.39983827 0.27044377\n 0.15974821 0.23696227]",