{
  "n_components": "15",
  "explained_variance_ratio": [
    0.23111283275494215,
    0.19428576950716037,
    0.11071486861064124,
    0.09356715361236434,
    0.05705744202621578,
    0.05552636968277376,
    0.04095317244478994,
    0.03483340185108962,
    0.02992849066415588,
    0.02656224352801785,
    0.022306724924422885,
    0.021144797006425468,
    0.01476874058612864,
    0.013489343760865071,
    0.010489969891070679
  ],
  "total_explained_variance": 0.9567413208510637,
  "components_for_95_variance": 15
}