{
  "batch_name": "combined_datasets",
  "num_samples": 8064,
  "num_features": 38,
  "classes": [
    "contact",
    "no_contact"
  ],
  "class_distribution": {
    "contact": "3876",
    "no_contact": "4188"
  },
  "cv_results": {
    "Random Forest": {
      "scores": [
        0.8803471791692499,
        0.8859268443893367,
        0.889026658400496,
        0.8809671419714817,
        0.8889578163771712
      ],
      "mean_accuracy": 0.885045128061547,
      "std_accuracy": 0.003758718710499254,
      "best_score": 0.889026658400496,
      "worst_score": 0.8803471791692499
    },
    "SVM (RBF)": {
      "scores": [
        0.8016119032858029,
        0.8047117172969622,
        0.7854928704277744,
        0.7923124612523249,
        0.8039702233250621
      ],
      "mean_accuracy": 0.7976198351175853,
      "std_accuracy": 0.007507200828872106,
      "best_score": 0.8047117172969622,
      "worst_score": 0.7854928704277744
    },
    "SVM (Linear)": {
      "scores": [
        0.6745195288282703,
        0.6676999380037197,
        0.6559206447613143,
        0.6652200867947923,
        0.6600496277915633
      ],
      "mean_accuracy": 0.6646819652359319,
      "std_accuracy": 0.006393663715429112,
      "best_score": 0.6745195288282703,
      "worst_score": 0.6559206447613143
    },
    "K-NN": {
      "scores": [
        0.7811531308121513,
        0.7675139491630503,
        0.7563546187228767,
        0.7724736515809052,
        0.7642679900744417
      ],
      "mean_accuracy": 0.768352668070685,
      "std_accuracy": 0.008272552005017994,
      "best_score": 0.7811531308121513,
      "worst_score": 0.7563546187228767
    },
    "Logistic Regression": {
      "scores": [
        0.6590204587724736,
        0.6596404215747055,
        0.6534407935523868,
        0.662120272783633,
        0.6445409429280397
      ],
      "mean_accuracy": 0.6557525779222477,
      "std_accuracy": 0.006283104608090257,
      "best_score": 0.662120272783633,
      "worst_score": 0.6445409429280397
    },
    "Gradient Boosting": {
      "scores": [
        0.8357098574085555,
        0.8307501549907006,
        0.8220706757594545,
        0.8146311221326721,
        0.825062034739454
      ],
      "mean_accuracy": 0.8256447690061673,
      "std_accuracy": 0.00723581522449005,
      "best_score": 0.8357098574085555,
      "worst_score": 0.8146311221326721
    },
    "Extra Trees": {
      "scores": [
        0.889026658400496,
        0.8877867327960323,
        0.8840669559826411,
        0.8853068815871048,
        0.8976426799007444
      ],
      "mean_accuracy": 0.8887659817334036,
      "std_accuracy": 0.004772187506555772,
      "best_score": 0.8976426799007444,
      "worst_score": 0.8840669559826411
    },
    "AdaBoost": {
      "scores": [
        0.7631742095474272,
        0.7836329820210788,
        0.7513949163050218,
        0.7470551766893986,
        0.7555831265508685
      ],
      "mean_accuracy": 0.760168082222759,
      "std_accuracy": 0.012880814215704585,
      "best_score": 0.7836329820210788,
      "worst_score": 0.7470551766893986
    },
    "XGBoost": {
      "scores": [
        0.8927464352138872,
        0.8859268443893367,
        0.8853068815871048,
        0.8859268443893367,
        0.8901985111662531
      ],
      "mean_accuracy": 0.8880211033491836,
      "std_accuracy": 0.0029396838941954002,
      "best_score": 0.8927464352138872,
      "worst_score": 0.8853068815871048
    },
    "Naive Bayes": {
      "scores": [
        0.5449473031618103,
        0.5362678239305642,
        0.578425294482331,
        0.5362678239305642,
        0.5415632754342432
      ],
      "mean_accuracy": 0.5474943041879026,
      "std_accuracy": 0.01581428591391022,
      "best_score": 0.578425294482331,
      "worst_score": 0.5362678239305642
    },
    "Quadratic Discriminant Analysis": {
      "scores": [
        0.5579665220086795,
        0.5375077495350279,
        0.6007439553626782,
        0.5381277123372598,
        0.544044665012407
      ],
      "mean_accuracy": 0.5556781208512105,
      "std_accuracy": 0.0237052008960076,
      "best_score": 0.6007439553626782,
      "worst_score": 0.5375077495350279
    },
    "Linear Discriminant Analysis": {
      "scores": [
        0.6584004959702418,
        0.6732796032238065,
        0.6534407935523868,
        0.6615003099814011,
        0.640818858560794
      ],
      "mean_accuracy": 0.657488012257726,
      "std_accuracy": 0.010588164798583367,
      "best_score": 0.6732796032238065,
      "worst_score": 0.640818858560794
    },
    "Ensemble (RF + SVM)": {
      "scores": [
        0.8543087414755115,
        0.8530688158710478,
        0.8443893366398016,
        0.8487290762554247,
        0.8542183622828784
      ],
      "mean_accuracy": 0.8509428665049329,
      "std_accuracy": 0.0038581671445953535,
      "best_score": 0.8543087414755115,
      "worst_score": 0.8443893366398016
    }
  }
}