{
  "batch_name": "combined_datasets",
  "num_samples": 8064,
  "num_classes": 2,
  "classes": [
    "contact",
    "no_contact"
  ],
  "best_classifier": {
    "name": "Extra Trees",
    "mean_accuracy": 0.8887659817334036,
    "std_accuracy": 0.004772187506555772
  },
  "worst_classifier": {
    "name": "Naive Bayes",
    "mean_accuracy": 0.5474943041879026,
    "std_accuracy": 0.01581428591391022
  },
  "all_classifiers_performance": {
    "Random Forest": {
      "mean_accuracy": 0.885045128061547,
      "std_accuracy": 0.003758718710499254
    },
    "SVM (RBF)": {
      "mean_accuracy": 0.7976198351175853,
      "std_accuracy": 0.007507200828872106
    },
    "SVM (Linear)": {
      "mean_accuracy": 0.6646819652359319,
      "std_accuracy": 0.006393663715429112
    },
    "K-NN": {
      "mean_accuracy": 0.768352668070685,
      "std_accuracy": 0.008272552005017994
    },
    "Logistic Regression": {
      "mean_accuracy": 0.6557525779222477,
      "std_accuracy": 0.006283104608090257
    },
    "Gradient Boosting": {
      "mean_accuracy": 0.8256447690061673,
      "std_accuracy": 0.00723581522449005
    },
    "Extra Trees": {
      "mean_accuracy": 0.8887659817334036,
      "std_accuracy": 0.004772187506555772
    },
    "AdaBoost": {
      "mean_accuracy": 0.760168082222759,
      "std_accuracy": 0.012880814215704585
    },
    "XGBoost": {
      "mean_accuracy": 0.8880211033491836,
      "std_accuracy": 0.0029396838941954002
    },
    "Naive Bayes": {
      "mean_accuracy": 0.5474943041879026,
      "std_accuracy": 0.01581428591391022
    },
    "Quadratic Discriminant Analysis": {
      "mean_accuracy": 0.5556781208512105,
      "std_accuracy": 0.0237052008960076
    },
    "Linear Discriminant Analysis": {
      "mean_accuracy": 0.657488012257726,
      "std_accuracy": 0.010588164798583367
    },
    "Ensemble (RF + SVM)": {
      "mean_accuracy": 0.8509428665049329,
      "std_accuracy": 0.0038581671445953535
    }
  }
}