{
  "batch_name": "balanced_collected_data_runs_2026_01_15_workspace_2_squares_cutout_undersample",
  "num_samples": 1080,
  "num_features": 70,
  "classes": [
    "contact",
    "no_contact"
  ],
  "class_distribution": {
    "contact": "540",
    "no_contact": "540"
  },
  "feature_statistics": {
    "features_shape": [
      1080,
      70
    ],
    "labels_shape": [
      1080
    ],
    "feature_mean": [
      1570.2794104180116,
      3195.35142008602,
      7386.089409722223,
      0.030199570964194008,
      8.590915660517739,
      7.485850301344469,
      8.78049135524265,
      9.70428723366111,
      15.221258702801778,
      0.005690506246820506,
      537.0876736111111,
      0.09062038539926073,
      3.1889126219750414,
      0.7968888498402925,
      5.5951061866901535,
      -9.680181534855692e-05,
      9.680181534855692e-05,
      0.044276507950767326,
      0.000308287413281505,
      0.0024111960986003935,
      7.719617652010035,
      0.030409992283950665,
      0.18147310065961528,
      0.40562339569893435,
      0.0002213439757825755,
      0.0002534754015801742,
      0.0026507612365228987,
      1.925994496745279e-07,
      3.6656075590186648,
      21.957919985276682,
      6.865827835269825,
      0.09337293484368948,
      0.008274812484806817,
      0.13865732627196445,
      0.21249838185807068,
      0.044276507950767326,
      0.04015107817378723,
      0.7056932170013035,
      2.9362300517382445,
      0.08915128676669189,
      2.250183211805092,
      0.6670688513528418,
      1.5702794106027809,
      2.0619094345361737,
      3.686984626446034,
      60.438699196082744,
      0.009824673720467168,
      0.0002557456719944434,
      0.0005657298479625887,
      0.0014431140191003646,
      0.18332197732152475,
      0.8025838332870348,
      3.3853754937648772,
      40.79149026694121,
      73.02325183727123,
      0.16856553819444445,
      0.9714189689192507,
      6.449382716038561,
      6.257407407407407,
      2.644026692708333,
      0.34028635571400323,
      0.1541997009053852,
      5.0805778381022115,
      6.650014577278454,
      5.506663251806189,
      7.202073533115564,
      45.94303578957579,
      0.1292389467592591,
      1.2594375969782157,
      46.74796292156642
    ],
    "feature_std": [
      250.4512097095399,
      207.19776047705403,
      1536.9590387295527,
      0.008821468809183594,
      3.0193244795958494,
      3.8069779932981453,
      4.634344069121212,
      4.740639873302948,
      4.890761360478127,
      0.0018413487942415723,
      36.153621593881155,
      0.029121771028151024,
      2.750030118561225,
      0.37369119799537814,
      7.389280783579688,
      7.172581359844191e-05,
      7.172581359844191e-05,
      0.006815829756194232,
      5.451022214436798e-05,
      0.0005754061016880222,
      0.8960627512620275,
      0.016623920940644056,
      0.0265211423542488,
      0.033991654337617576,
      3.0129870445177477e-05,
      3.9153424991637344e-05,
      0.0004915523204442127,
      2.744205371216836e-07,
      0.5310174890900953,
      5.269231714643923,
      30.390321352249202,
      0.019040273363054232,
      0.0014325598794552952,
      0.02901567776874692,
      0.04923565497088935,
      0.006815829756194232,
      0.007767046083480759,
      0.19773874800491079,
      0.802363484765801,
      0.019791556516369112,
      0.6094338365973635,
      0.16278212091289684,
      0.25045120996827497,
      0.18848852563148966,
      0.27904680689685785,
      1062.7613935077632,
      0.015652227055709022,
      0.002135103213497737,
      8.633004908965296e-05,
      0.0002990764224772757,
      0.026757994727406104,
      0.08885914570424679,
      0.5276738332118748,
      5.966712055142323,
      6.326869385548827,
      0.662040429401767,
      0.11258153671854479,
      23.42150689461679,
      1.4569249519109424,
      0.7451352976648966,
      0.08339109740989314,
      0.6425417668461283,
      0.4965925824958241,
      0.24045667143402133,
      0.3909518026795073,
      1.954876925723486,
      25.334582895311677,
      0.11984211870504839,
      5.690087216786839,
      3.0820046203236235
    ],
    "feature_min": [
      1167.4396963064466,
      2487.4051513413256,
      4464.84375,
      0.0035159674007445574,
      1.0374327708743714,
      1.5544512815871094,
      2.800505627764071,
      2.0819022748077884,
      2.934431068860359,
      0.0009040646255016327,
      457.03125,
      0.014850153587758541,
      1.2727272727272727,
      -0.3890567123889923,
      1.9584405422210693,
      -0.00043648404266672525,
      5.1155546290739215e-05,
      0.03366093710064888,
      0.00013489910634234548,
      0.0007019791519269347,
      4.286814212799072,
      0.0,
      0.10408076533564815,
      0.3745552377353402,
      0.00011954079673159868,
      0.00011275312135694548,
      0.0008361866930499673,
      6.41001349221959e-11,
      1.2552348375320435,
      1.3990378379821777,
      -1.2701341608503032,
      0.010843789204955101,
      0.002974914386868477,
      0.08641353994607925,
      0.1389368176460266,
      0.03366093710064888,
      0.008122013881802559,
      0.0591275617480278,
      1.790059208869934,
      0.014866162091493607,
      0.18203695118427277,
      0.3743111789226532,
      1.167439706793511,
      1.2584720320245961,
      2.58198600672142,
      1.8115613847575227e-05,
      0.0,
      0.0,
      0.00030252960277721286,
      0.0004320798325352371,
      0.10528985507246377,
      0.5426281269133705,
      1.7040815353393555,
      28.267751693725586,
      50.33731460571289,
      0.005859375,
      0.3877163231372833,
      0.33333333333143705,
      5.0,
      0.890625,
      0.25311774015426636,
      0.001751313485113783,
      4.099404051109105,
      5.6348330051202815,
      3.5714948177337646,
      0.6707431077957153,
      -29.001824942849748,
      0.0,
      -18.616156022795533,
      30.623256712596437
    ],
    "feature_max": [
      2941.0870572644762,
      3996.1196305030603,
      11191.40625,
      0.062321946024894714,
      21.64959435897111,
      41.993226896257944,
      33.86941809176273,
      28.06962574048191,
      38.62764093740239,
      0.013757416047155857,
      761.71875,
      0.21990156173706055,
      50.0,
      2.704653263092041,
      82.16472625732422,
      -5.1155546290739215e-05,
      0.00043648404266672525,
      0.0880073830485344,
      0.00046600386849604547,
      0.0037054461427032948,
      9.565085411071777,
      0.12133333333333333,
      0.26164641203703703,
      0.5460099906596386,
      0.00032810805714689195,
      0.0003749269526451826,
      0.00589078851044178,
      1.4334962088469183e-06,
      5.254024982452393,
      46.09539031982422,
      426.5992232992633,
      0.12671945989131927,
      0.017082426697015762,
      0.3449717164039612,
      0.47976309061050415,
      0.0880073830485344,
      0.0771460086107254,
      1.3539315462112427,
      5.563338279724121,
      0.18094202876091003,
      3.763789653778076,
      1.1987587213516235,
      2.94108707599551,
      2.3571998858881518,
      4.211710283550691,
      27599.5,
      0.2868753232453999,
      0.06603133678436279,
      0.0009484497713856399,
      0.0027267916593700647,
      0.2647463768115942,
      1.433422102544526,
      6.069749355316162,
      63.87533187866211,
      96.32778930664062,
      3.345703125,
      1.0,
      100.0,
      10.0,
      3.357421875,
      0.8628090620040894,
      3.005617977527802,
      7.277911904686097,
      7.261786439854501,
      6.887892723083496,
      10.516650199890137,
      426.59932440074704,
      1.0728125,
      10.403754233375977,
      54.376593942860886
    ]
  }
}