{
  "batch_name": "balanced_collected_data_2025_12_16_v3_oversample",
  "num_samples": 4053,
  "num_features": 38,
  "classes": [
    "contact",
    "edge",
    "no_contact"
  ],
  "class_distribution": {
    "contact": "1351",
    "edge": "1351",
    "no_contact": "1351"
  },
  "cv_results": {
    "Random Forest": {
      "scores": [
        0.9457459926017263,
        0.938347718865598,
        0.9531442663378545,
        0.9530864197530864,
        0.9419753086419753
      ],
      "mean_accuracy": 0.9464599412400482,
      "std_accuracy": 0.005916421613565263,
      "best_score": 0.9531442663378545,
      "worst_score": 0.938347718865598
    },
    "SVM (RBF)": {
      "scores": [
        0.6473489519112207,
        0.6806411837237978,
        0.6300863131935882,
        0.6641975308641975,
        0.6432098765432098
      ],
      "mean_accuracy": 0.6530967712472029,
      "std_accuracy": 0.01756240767434348,
      "best_score": 0.6806411837237978,
      "worst_score": 0.6300863131935882
    },
    "SVM (Linear)": {
      "scores": [
        0.5795314426633785,
        0.561035758323058,
        0.5647348951911221,
        0.5679012345679012,
        0.5938271604938271
      ],
      "mean_accuracy": 0.5734060982478574,
      "std_accuracy": 0.011942011756012042,
      "best_score": 0.5938271604938271,
      "worst_score": 0.561035758323058
    },
    "K-NN": {
      "scores": [
        0.7065351418002466,
        0.7127003699136868,
        0.7398273736128237,
        0.7493827160493827,
        0.7111111111111111
      ],
      "mean_accuracy": 0.7239113424974503,
      "std_accuracy": 0.017283374077852024,
      "best_score": 0.7493827160493827,
      "worst_score": 0.7065351418002466
    },
    "Logistic Regression": {
      "scores": [
        0.562268803945746,
        0.5462392108508015,
        0.5413070283600493,
        0.5530864197530864,
        0.5839506172839506
      ],
      "mean_accuracy": 0.5573704160387267,
      "std_accuracy": 0.015038550988381773,
      "best_score": 0.5839506172839506,
      "worst_score": 0.5413070283600493
    },
    "Gradient Boosting": {
      "scores": [
        0.8014796547472256,
        0.8175092478421702,
        0.7916152897657214,
        0.7975308641975308,
        0.7938271604938272
      ],
      "mean_accuracy": 0.8003924434092949,
      "std_accuracy": 0.009192355779829802,
      "best_score": 0.8175092478421702,
      "worst_score": 0.7916152897657214
    },
    "Extra Trees": {
      "scores": [
        0.969173859432799,
        0.9741060419235512,
        0.9864364981504316,
        0.9740740740740741,
        0.9728395061728395
      ],
      "mean_accuracy": 0.9753259959507391,
      "std_accuracy": 0.005840038878193645,
      "best_score": 0.9864364981504316,
      "worst_score": 0.969173859432799
    },
    "AdaBoost": {
      "scores": [
        0.531442663378545,
        0.5339087546239211,
        0.4969173859432799,
        0.5185185185185185,
        0.5172839506172839
      ],
      "mean_accuracy": 0.5196142546163097,
      "std_accuracy": 0.013160720240159848,
      "best_score": 0.5339087546239211,
      "worst_score": 0.4969173859432799
    },
    "XGBoost": {
      "scores": [
        0.9161528976572133,
        0.9297163995067818,
        0.9420468557336621,
        0.9432098765432099,
        0.9358024691358025
      ],
      "mean_accuracy": 0.933385699715334,
      "std_accuracy": 0.009877287878215922,
      "best_score": 0.9432098765432099,
      "worst_score": 0.9161528976572133
    },
    "Naive Bayes": {
      "scores": [
        0.35511713933415534,
        0.33415536374845867,
        0.344019728729963,
        0.3395061728395062,
        0.3469135802469136
      ],
      "mean_accuracy": 0.34394239697979934,
      "std_accuracy": 0.007059389222686159,
      "best_score": 0.35511713933415534,
      "worst_score": 0.33415536374845867
    },
    "Quadratic Discriminant Analysis": {
      "scores": [
        0.5191122071516646,
        0.49815043156596794,
        0.46115906288532676,
        0.5,
        0.5148148148148148
      ],
      "mean_accuracy": 0.4986473032835549,
      "std_accuracy": 0.020433529100525726,
      "best_score": 0.5191122071516646,
      "worst_score": 0.46115906288532676
    },
    "Linear Discriminant Analysis": {
      "scores": [
        0.5585696670776819,
        0.5400739827373613,
        0.5437731196054254,
        0.5567901234567901,
        0.582716049382716
      ],
      "mean_accuracy": 0.5563845884519949,
      "std_accuracy": 0.014989128508574963,
      "best_score": 0.582716049382716,
      "worst_score": 0.5400739827373613
    },
    "Ensemble (RF + SVM)": {
      "scores": [
        0.8618988902589396,
        0.8914919852034525,
        0.8828606658446363,
        0.8827160493827161,
        0.8716049382716049
      ],
      "mean_accuracy": 0.8781145057922698,
      "std_accuracy": 0.010275970518495553,
      "best_score": 0.8914919852034525,
      "worst_score": 0.8618988902589396
    }
  }
}