{
  "batch_name": "combined_datasets",
  "num_samples": 5846,
  "original_dimensions": 38,
  "num_classes": 2,
  "classes": [
    "contact",
    "no_contact"
  ],
  "pca_analysis": {
    "explained_variance_ratio": [
      0.32293327054735604,
      0.13844295172604443,
      0.11115880478917883,
      0.0933570308486348,
      0.0618705233207014,
      0.05343222087601647,
      0.03275397610507682,
      0.029788407825565272,
      0.029012668421807417,
      0.02503595212348508,
      0.022906223252959632,
      0.02155848756883037,
      0.01613237659924127
    ],
    "cumulative_variance": [
      0.32293327054735604,
      0.46137622227340047,
      0.5725350270625793,
      0.6658920579112141,
      0.7277625812319155,
      0.781194802107932,
      0.8139487782130088,
      0.8437371860385741,
      0.8727498544603814,
      0.8977858065838665,
      0.9206920298368262,
      0.9422505174056566,
      0.9583828940048978,
      0.9668301563749898,
      0.9748172894171938,
      0.9796046644525932,
      0.9838809486549974,
      0.9877369760181521,
      0.9906492156617246,
      0.9931357776385591,
      0.9949676879714476,
      0.9962516649668012,
      0.997165346048001,
      0.99778590481677,
      0.9983104494786019,
      0.99870178636039,
      0.998993189769956,
      0.9992801377720378,
      0.9995522699288725,
      0.9997041066466227,
      0.9998130059386622,
      0.9999014623610902,
      0.999955029872139,
      0.9999941046883265,
      0.9999978266664465,
      1.0000000000000002,
      1.0000000000000002,
      1.0000000000000002
    ],
    "components_for_95_variance": 13,
    "n_components_used": 13,
    "total_explained_variance": 0.9583828940048978
  },
  "tsne_analysis": {
    "methods_tested": [
      "perplexity_5",
      "perplexity_10",
      "perplexity_20",
      "perplexity_30",
      "perplexity_50",
      "best_perplexity",
      "silhouette_score"
    ],
    "best_perplexity": 10,
    "best_silhouette_score": 0.03568455949425697,
    "perplexity_results": {
      "perplexity_5": {
        "perplexity": 5,
        "silhouette_score": 0.03492406755685806,
        "kl_divergence": 1.8046977519989014
      },
      "perplexity_10": {
        "perplexity": 10,
        "silhouette_score": 0.03568455949425697,
        "kl_divergence": 1.8368079662322998
      },
      "perplexity_20": {
        "perplexity": 20,
        "silhouette_score": 0.03157632425427437,
        "kl_divergence": 1.7619315385818481
      },
      "perplexity_30": {
        "perplexity": 30,
        "silhouette_score": 0.029947059229016304,
        "kl_divergence": 1.6950979232788086
      },
      "perplexity_50": {
        "perplexity": 50,
        "silhouette_score": 0.029796786606311798,
        "kl_divergence": 1.591972827911377
      }
    }
  }
}