{
  "batch_name": "combined_datasets",
  "num_samples": 15807,
  "original_dimensions": 70,
  "num_classes": 2,
  "classes": [
    "contact",
    "no_contact"
  ],
  "pca_analysis": {
    "explained_variance_ratio": [
      0.3001835331898204,
      0.1190270204042324,
      0.101111096197018,
      0.07246991835946093,
      0.05148494325534061,
      0.040990641542634036,
      0.030945936716578634,
      0.02921970917479611,
      0.023094820791296076,
      0.021062896908250098,
      0.016456139067201003,
      0.015514899656810447,
      0.01402792458275951,
      0.013741066039480764,
      0.012744214152884556,
      0.011601429071916696,
      0.010571368646728302,
      0.01032273599832993,
      0.008470036468368653,
      0.008089605266170455,
      0.007567845525279385,
      0.006455970401237961,
      0.006393350988329998,
      0.0062157193739087796,
      0.005343310295639698,
      0.0050335283976093185,
      0.0047964476906547085
    ],
    "cumulative_variance": [
      0.3001835331898204,
      0.4192105535940528,
      0.5203216497910708,
      0.5927915681505317,
      0.6442765114058723,
      0.6852671529485063,
      0.7162130896650849,
      0.745432798839881,
      0.7685276196311771,
      0.7895905165394272,
      0.8060466556066282,
      0.8215615552634387,
      0.8355894798461981,
      0.8493305458856789,
      0.8620747600385634,
      0.8736761891104802,
      0.8842475577572084,
      0.8945702937555383,
      0.903040330223907,
      0.9111299354900774,
      0.9186977810153567,
      0.9251537514165946,
      0.9315471024049247,
      0.9377628217788334,
      0.9431061320744731,
      0.9481396604720824,
      0.9529361081627371,
      0.9575412497692568,
      0.9615587369646514,
      0.9654207482609187,
      0.9689497953769214,
      0.9722066761622226,
      0.9750645330071946,
      0.9777733208907476,
      0.9803521406467739,
      0.9826052005230838,
      0.9845502757585539,
      0.9862660085539697,
      0.9877331879265074,
      0.9890845922536579,
      0.9903152329861609,
      0.9914725071673348,
      0.9925500970675537,
      0.9934927303625756,
      0.9943291646043745,
      0.995062906770197,
      0.9957458279229008,
      0.9963767111762106,
      0.9969379283347776,
      0.9974387647029674,
      0.997877732423627,
      0.9982895491581335,
      0.9986599067992368,
      0.998913959919186,
      0.9991195774629589,
      0.9993116262806774,
      0.9994667465634697,
      0.9996145693660211,
      0.9997282746201777,
      0.9998121375891972,
      0.9998728780594996,
      0.9999148440821376,
      0.9999537707489387,
      0.9999768671772593,
      0.9999886524538272,
      0.9999997666663043,
      0.9999999999999994,
      0.9999999999999994,
      0.9999999999999994,
      0.9999999999999994
    ],
    "components_for_95_variance": 27,
    "n_components_used": 27,
    "total_explained_variance": 0.9529361081627373
  },
  "tsne_analysis": {
    "methods_tested": [
      "perplexity_5",
      "perplexity_10",
      "perplexity_20",
      "perplexity_30",
      "perplexity_50",
      "best_perplexity",
      "silhouette_score"
    ],
    "best_perplexity": 50,
    "best_silhouette_score": 0.019523920491337776,
    "perplexity_results": {
      "perplexity_5": {
        "perplexity": 5,
        "silhouette_score": 0.01104655396193266,
        "kl_divergence": 1.919636845588684
      },
      "perplexity_10": {
        "perplexity": 10,
        "silhouette_score": 0.010927270166575909,
        "kl_divergence": 1.8021409511566162
      },
      "perplexity_20": {
        "perplexity": 20,
        "silhouette_score": 0.017265431582927704,
        "kl_divergence": 1.662437915802002
      },
      "perplexity_30": {
        "perplexity": 30,
        "silhouette_score": 0.015963654965162277,
        "kl_divergence": 1.5820997953414917
      },
      "perplexity_50": {
        "perplexity": 50,
        "silhouette_score": 0.019523920491337776,
        "kl_divergence": 1.4709737300872803
      }
    }
  }
}