{
  "batch_name": "balanced_collected_data_2025_12_16_v3_undersample",
  "num_samples": 1335,
  "original_dimensions": 38,
  "num_classes": 3,
  "classes": [
    "contact",
    "edge",
    "no_contact"
  ],
  "pca_analysis": {
    "explained_variance_ratio": [
      0.23111283275494215,
      0.19428576950716037,
      0.11071486861064124,
      0.09356715361236434,
      0.05705744202621578,
      0.05552636968277376,
      0.04095317244478994,
      0.03483340185108962,
      0.02992849066415588,
      0.02656224352801785,
      0.022306724924422885,
      0.021144797006425468,
      0.01476874058612864,
      0.013489343760865071,
      0.010489969891070679
    ],
    "cumulative_variance": [
      0.23111283275494215,
      0.4253986022621025,
      0.5361134708727437,
      0.6296806244851081,
      0.6867380665113239,
      0.7422644361940977,
      0.7832176086388876,
      0.8180510104899772,
      0.8479795011541331,
      0.874541744682151,
      0.8968484696065738,
      0.9179932666129993,
      0.9327620071991279,
      0.946251350959993,
      0.9567413208510637,
      0.9648163133168054,
      0.971425519327608,
      0.9771832818830787,
      0.9819575522736891,
      0.9861243373563033,
      0.9889531254193088,
      0.9912226627027678,
      0.9931699813880864,
      0.994837636134503,
      0.9963364653059904,
      0.9974377393237687,
      0.9981723518309561,
      0.9988608652772758,
      0.9992730390367538,
      0.9996103875954875,
      0.9998891966256168,
      0.9999507185657752,
      0.9999839145116751,
      0.9999957106057051,
      0.9999998903769095,
      1.0000000000000002,
      1.0000000000000002,
      1.0000000000000002
    ],
    "components_for_95_variance": 15,
    "n_components_used": 15,
    "total_explained_variance": 0.9567413208510637
  },
  "tsne_analysis": {
    "methods_tested": [
      "perplexity_5",
      "perplexity_10",
      "perplexity_20",
      "perplexity_30",
      "perplexity_50",
      "best_perplexity",
      "silhouette_score"
    ],
    "best_perplexity": 5,
    "best_silhouette_score": 0.0016052789287641644,
    "perplexity_results": {
      "perplexity_5": {
        "perplexity": 5,
        "silhouette_score": 0.0016052789287641644,
        "kl_divergence": 1.4914509057998657
      },
      "perplexity_10": {
        "perplexity": 10,
        "silhouette_score": -0.004542688839137554,
        "kl_divergence": 1.608561635017395
      },
      "perplexity_20": {
        "perplexity": 20,
        "silhouette_score": -0.010645811446011066,
        "kl_divergence": 1.5914901494979858
      },
      "perplexity_30": {
        "perplexity": 30,
        "silhouette_score": -0.013253635726869106,
        "kl_divergence": 1.5754536390304565
      },
      "perplexity_50": {
        "perplexity": 50,
        "silhouette_score": -0.0050940667279064655,
        "kl_divergence": 1.402359962463379
      }
    }
  }
}