{
  "batch_name": "collected_data_runs_validate_2025_12_16_v3_static_reference",
  "num_samples": 910,
  "original_dimensions": 38,
  "num_classes": 3,
  "classes": [
    "contact",
    "edge",
    "no_contact"
  ],
  "pca_analysis": {
    "explained_variance_ratio": [
      0.33006522515743103,
      0.17465975913411963,
      0.07455091320137003,
      0.05352362420090137,
      0.040233694105800535,
      0.03831346481541753,
      0.03289376158802197,
      0.03248069695845839,
      0.029274799056417496,
      0.027389739969670594,
      0.02557631897705806,
      0.02305177813623594,
      0.020006856871882136,
      0.019413623476920553,
      0.01646630473807365,
      0.014618516083695562
    ],
    "cumulative_variance": [
      0.33006522515743103,
      0.5047249842915507,
      0.5792758974929206,
      0.632799521693822,
      0.6730332157996226,
      0.7113466806150401,
      0.7442404422030621,
      0.7767211391615204,
      0.8059959382179379,
      0.8333856781876086,
      0.8589619971646666,
      0.8820137753009025,
      0.9020206321727846,
      0.9214342556497052,
      0.9379005603877788,
      0.9525190764714744,
      0.9657812045194188,
      0.9746233116176048,
      0.9828918430839044,
      0.9893849253589154,
      0.9930033438251397,
      0.9953664720559815,
      0.9969440240469407,
      0.997983905693616,
      0.9986246387139807,
      0.9991877161189191,
      0.9994952040253012,
      0.9996950190074826,
      0.999834304539662,
      0.9998887899597348,
      0.9999410311855156,
      0.999965993411322,
      0.9999860541327351,
      0.9999947731417231,
      0.999998083801844,
      1.0,
      1.0,
      1.0
    ],
    "components_for_95_variance": 16,
    "n_components_used": 16,
    "total_explained_variance": 0.9525190764714744
  },
  "tsne_analysis": {
    "methods_tested": [
      "perplexity_5",
      "perplexity_10",
      "perplexity_20",
      "perplexity_30",
      "perplexity_50",
      "best_perplexity",
      "silhouette_score"
    ],
    "best_perplexity": 10,
    "best_silhouette_score": 0.09692920744419098,
    "perplexity_results": {
      "perplexity_5": {
        "perplexity": 5,
        "silhouette_score": 0.08017589896917343,
        "kl_divergence": 1.4845654964447021
      },
      "perplexity_10": {
        "perplexity": 10,
        "silhouette_score": 0.09692920744419098,
        "kl_divergence": 1.5974053144454956
      },
      "perplexity_20": {
        "perplexity": 20,
        "silhouette_score": 0.09206252545118332,
        "kl_divergence": 1.548274278640747
      },
      "perplexity_30": {
        "perplexity": 30,
        "silhouette_score": 0.09056287258863449,
        "kl_divergence": 1.4792938232421875
      },
      "perplexity_50": {
        "perplexity": 50,
        "silhouette_score": 0.06124500557780266,
        "kl_divergence": 1.3243595361709595
      }
    }
  }
}