{
  "batch_name": "combined_datasets",
  "num_samples": 5140,
  "num_classes": 2,
  "classes": [
    "contact",
    "no_contact"
  ],
  "best_classifier": {
    "name": "Extra Trees",
    "mean_accuracy": 0.9247081712062256,
    "std_accuracy": 0.011304154899870775
  },
  "worst_classifier": {
    "name": "Naive Bayes",
    "mean_accuracy": 0.600194552529183,
    "std_accuracy": 0.03028402444516839
  },
  "all_classifiers_performance": {
    "Random Forest": {
      "mean_accuracy": 0.9221789883268482,
      "std_accuracy": 0.013021945938273553
    },
    "SVM (RBF)": {
      "mean_accuracy": 0.8601167315175097,
      "std_accuracy": 0.0077186126166838166
    },
    "SVM (Linear)": {
      "mean_accuracy": 0.7608949416342412,
      "std_accuracy": 0.007052361463187493
    },
    "K-NN": {
      "mean_accuracy": 0.8346303501945526,
      "std_accuracy": 0.004960135713611676
    },
    "Logistic Regression": {
      "mean_accuracy": 0.7552529182879377,
      "std_accuracy": 0.008713694815781561
    },
    "Gradient Boosting": {
      "mean_accuracy": 0.8998054474708171,
      "std_accuracy": 0.006711357319323098
    },
    "Extra Trees": {
      "mean_accuracy": 0.9247081712062256,
      "std_accuracy": 0.011304154899870775
    },
    "AdaBoost": {
      "mean_accuracy": 0.854863813229572,
      "std_accuracy": 0.008860153725086148
    },
    "XGBoost": {
      "mean_accuracy": 0.9223735408560311,
      "std_accuracy": 0.014075172955397607
    },
    "Naive Bayes": {
      "mean_accuracy": 0.600194552529183,
      "std_accuracy": 0.03028402444516839
    },
    "Quadratic Discriminant Analysis": {
      "mean_accuracy": 0.7017509727626459,
      "std_accuracy": 0.05673666798074957
    },
    "Linear Discriminant Analysis": {
      "mean_accuracy": 0.7527237354085603,
      "std_accuracy": 0.00575165194517293
    },
    "Ensemble (RF + SVM)": {
      "mean_accuracy": 0.9013618677042802,
      "std_accuracy": 0.00808271520538557
    }
  }
}