{
  "batch_name": "combined_datasets",
  "num_samples": 5140,
  "num_features": 38,
  "classes": [
    "contact",
    "no_contact"
  ],
  "class_distribution": {
    "contact": "2130",
    "no_contact": "3010"
  },
  "cv_results": {
    "Random Forest": {
      "scores": [
        0.9114785992217899,
        0.9202334630350194,
        0.9406614785992218,
        0.9056420233463035,
        0.9328793774319066
      ],
      "mean_accuracy": 0.9221789883268482,
      "std_accuracy": 0.013021945938273553,
      "best_score": 0.9406614785992218,
      "worst_score": 0.9056420233463035
    },
    "SVM (RBF)": {
      "scores": [
        0.8521400778210116,
        0.8550583657587548,
        0.8589494163424124,
        0.8599221789883269,
        0.8745136186770428
      ],
      "mean_accuracy": 0.8601167315175097,
      "std_accuracy": 0.0077186126166838166,
      "best_score": 0.8745136186770428,
      "worst_score": 0.8521400778210116
    },
    "SVM (Linear)": {
      "scores": [
        0.7655642023346303,
        0.7684824902723736,
        0.7597276264591439,
        0.7480544747081712,
        0.7626459143968871
      ],
      "mean_accuracy": 0.7608949416342412,
      "std_accuracy": 0.007052361463187493,
      "best_score": 0.7684824902723736,
      "worst_score": 0.7480544747081712
    },
    "K-NN": {
      "scores": [
        0.8394941634241245,
        0.8326848249027238,
        0.8268482490272373,
        0.8336575875486382,
        0.8404669260700389
      ],
      "mean_accuracy": 0.8346303501945526,
      "std_accuracy": 0.004960135713611676,
      "best_score": 0.8404669260700389,
      "worst_score": 0.8268482490272373
    },
    "Logistic Regression": {
      "scores": [
        0.7607003891050583,
        0.7577821011673151,
        0.7568093385214008,
        0.7383268482490273,
        0.7626459143968871
      ],
      "mean_accuracy": 0.7552529182879377,
      "std_accuracy": 0.008713694815781561,
      "best_score": 0.7626459143968871,
      "worst_score": 0.7383268482490273
    },
    "Gradient Boosting": {
      "scores": [
        0.9017509727626459,
        0.8949416342412452,
        0.9095330739299611,
        0.8900778210116731,
        0.9027237354085603
      ],
      "mean_accuracy": 0.8998054474708171,
      "std_accuracy": 0.006711357319323098,
      "best_score": 0.9095330739299611,
      "worst_score": 0.8900778210116731
    },
    "Extra Trees": {
      "scores": [
        0.9250972762645915,
        0.9231517509727627,
        0.9406614785992218,
        0.9056420233463035,
        0.9289883268482491
      ],
      "mean_accuracy": 0.9247081712062256,
      "std_accuracy": 0.011304154899870775,
      "best_score": 0.9406614785992218,
      "worst_score": 0.9056420233463035
    },
    "AdaBoost": {
      "scores": [
        0.853112840466926,
        0.8589494163424124,
        0.867704280155642,
        0.8404669260700389,
        0.8540856031128404
      ],
      "mean_accuracy": 0.854863813229572,
      "std_accuracy": 0.008860153725086148,
      "best_score": 0.867704280155642,
      "worst_score": 0.8404669260700389
    },
    "XGBoost": {
      "scores": [
        0.9105058365758755,
        0.9134241245136187,
        0.943579766536965,
        0.9095330739299611,
        0.9348249027237354
      ],
      "mean_accuracy": 0.9223735408560311,
      "std_accuracy": 0.014075172955397607,
      "best_score": 0.943579766536965,
      "worst_score": 0.9095330739299611
    },
    "Naive Bayes": {
      "scores": [
        0.6605058365758755,
        0.5894941634241245,
        0.5817120622568094,
        0.5826848249027238,
        0.5865758754863813
      ],
      "mean_accuracy": 0.600194552529183,
      "std_accuracy": 0.03028402444516839,
      "best_score": 0.6605058365758755,
      "worst_score": 0.5817120622568094
    },
    "Quadratic Discriminant Analysis": {
      "scores": [
        0.8093385214007782,
        0.6974708171206225,
        0.6498054474708171,
        0.6916342412451362,
        0.6605058365758755
      ],
      "mean_accuracy": 0.7017509727626459,
      "std_accuracy": 0.05673666798074957,
      "best_score": 0.8093385214007782,
      "worst_score": 0.6498054474708171
    },
    "Linear Discriminant Analysis": {
      "scores": [
        0.7577821011673151,
        0.7577821011673151,
        0.7490272373540856,
        0.7431906614785992,
        0.7558365758754864
      ],
      "mean_accuracy": 0.7527237354085603,
      "std_accuracy": 0.00575165194517293,
      "best_score": 0.7577821011673151,
      "worst_score": 0.7431906614785992
    },
    "Ensemble (RF + SVM)": {
      "scores": [
        0.8910505836575876,
        0.8988326848249028,
        0.9036964980544747,
        0.8978599221789884,
        0.9153696498054474
      ],
      "mean_accuracy": 0.9013618677042802,
      "std_accuracy": 0.00808271520538557,
      "best_score": 0.9153696498054474,
      "worst_score": 0.8910505836575876
    }
  }
}