{
  "batch_name": "balanced_collected_data_2025_12_16_v3_undersample",
  "num_samples": 1335,
  "original_dimensions": 38,
  "num_classes": 3,
  "classes": [
    "contact",
    "edge",
    "no_contact"
  ],
  "pca_analysis": {
    "explained_variance_ratio": [
      0.27275947540672246,
      0.18891289524969598,
      0.1031905234530092,
      0.08383981459807383,
      0.052630792051282134,
      0.0464918764787715,
      0.04022965157049852,
      0.029720003560987293,
      0.02662438575400603,
      0.025098350174275575,
      0.024073899112821817,
      0.021267680775722286,
      0.02008496652222951,
      0.015095653904997602
    ],
    "cumulative_variance": [
      0.27275947540672246,
      0.4616723706564184,
      0.5648628941094276,
      0.6487027087075015,
      0.7013335007587836,
      0.7478253772375552,
      0.7880550288080537,
      0.8177750323690409,
      0.844399418123047,
      0.8694977682973225,
      0.8935716674101444,
      0.9148393481858667,
      0.9349243147080961,
      0.9500199686130937,
      0.959301343697617,
      0.9673998721195448,
      0.973044015330692,
      0.977957463410775,
      0.9822363030021618,
      0.9860859780949077,
      0.9895596039708424,
      0.9919174584029602,
      0.9939261145445866,
      0.9954243491879894,
      0.9966697259706849,
      0.997567857653827,
      0.9984345732987533,
      0.999056363968893,
      0.9993680447016928,
      0.999668178000296,
      0.9998463542292123,
      0.9999249663625727,
      0.999961919982208,
      0.9999926617203798,
      0.999997453391225,
      1.0,
      1.0,
      1.0
    ],
    "components_for_95_variance": 14,
    "n_components_used": 14,
    "total_explained_variance": 0.9500199686130937
  },
  "tsne_analysis": {
    "methods_tested": [
      "perplexity_5",
      "perplexity_10",
      "perplexity_20",
      "perplexity_30",
      "perplexity_50",
      "best_perplexity",
      "silhouette_score"
    ],
    "best_perplexity": 20,
    "best_silhouette_score": 0.04845178872346878,
    "perplexity_results": {
      "perplexity_5": {
        "perplexity": 5,
        "silhouette_score": 0.027931256219744682,
        "kl_divergence": 1.4075616598129272
      },
      "perplexity_10": {
        "perplexity": 10,
        "silhouette_score": 0.04299691691994667,
        "kl_divergence": 1.4554728269577026
      },
      "perplexity_20": {
        "perplexity": 20,
        "silhouette_score": 0.04845178872346878,
        "kl_divergence": 1.4056260585784912
      },
      "perplexity_30": {
        "perplexity": 30,
        "silhouette_score": 0.04205973073840141,
        "kl_divergence": 1.339883804321289
      },
      "perplexity_50": {
        "perplexity": 50,
        "silhouette_score": 0.030684933066368103,
        "kl_divergence": 1.2394137382507324
      }
    }
  }
}