{
  "edge": {
    "precision": 0.6790123456790124,
    "recall": 1.0,
    "f1-score": 0.8088235294117647,
    "support": 55.0
  },
  "no_surface": {
    "precision": 0.0,
    "recall": 0.0,
    "f1-score": 0.0,
    "support": 10.0
  },
  "surface": {
    "precision": 0.0,
    "recall": 0.0,
    "f1-score": 0.0,
    "support": 16.0
  },
  "accuracy": 0.6790123456790124,
  "macro avg": {
    "precision": 0.22633744855967078,
    "recall": 0.3333333333333333,
    "f1-score": 0.2696078431372549,
    "support": 81.0
  },
  "weighted avg": {
    "precision": 0.46105776558451456,
    "recall": 0.6790123456790124,
    "f1-score": 0.54920116194626,
    "support": 81.0
  }
}