{
  "batch_name": "balanced_collected_data_runs_2026_01_15_workspace_2_squares_cutout_undersample",
  "num_samples": 360,
  "original_dimensions": 38,
  "num_classes": 2,
  "classes": [
    "contact",
    "no_contact"
  ],
  "pca_analysis": {
    "explained_variance_ratio": [
      0.3429951331415991,
      0.15297746497634598,
      0.09332179328898833,
      0.0817188429299719,
      0.05581175720047329,
      0.04195936667820854,
      0.04028674309870491,
      0.03376481044130967,
      0.026282414018063808,
      0.024622354424076228,
      0.022111378369220305,
      0.020661436428324513,
      0.01282747132418463,
      0.009671866871728163
    ],
    "cumulative_variance": [
      0.3429951331415991,
      0.49597259811794503,
      0.5892943914069334,
      0.6710132343369053,
      0.7268249915373786,
      0.7687843582155871,
      0.809071101314292,
      0.8428359117556017,
      0.8691183257736655,
      0.8937406801977418,
      0.9158520585669621,
      0.9365134949952866,
      0.9493409663194712,
      0.9590128331911993,
      0.9668852497370136,
      0.9738444353033748,
      0.9796285094772225,
      0.9846523731948302,
      0.9876801605451335,
      0.9901875336475399,
      0.9925245533086804,
      0.9943848014065397,
      0.9960509339151805,
      0.997061360739613,
      0.9980189869471542,
      0.9986505124668484,
      0.9991562314480863,
      0.9994955820723728,
      0.999697705444061,
      0.9998716354645039,
      0.9999340069011237,
      0.99996240200904,
      0.9999816122410415,
      0.9999959914009394,
      0.9999984434163215,
      0.9999999999999999,
      0.9999999999999999,
      0.9999999999999999
    ],
    "components_for_95_variance": 14,
    "n_components_used": 14,
    "total_explained_variance": 0.9590128331911993
  },
  "tsne_analysis": {
    "methods_tested": [
      "perplexity_5",
      "perplexity_10",
      "perplexity_20",
      "perplexity_30",
      "perplexity_50",
      "best_perplexity",
      "silhouette_score"
    ],
    "best_perplexity": 50,
    "best_silhouette_score": 0.02231987565755844,
    "perplexity_results": {
      "perplexity_5": {
        "perplexity": 5,
        "silhouette_score": 0.014583011157810688,
        "kl_divergence": 1.0511127710342407
      },
      "perplexity_10": {
        "perplexity": 10,
        "silhouette_score": 0.02003307081758976,
        "kl_divergence": 1.0451149940490723
      },
      "perplexity_20": {
        "perplexity": 20,
        "silhouette_score": 0.01990170031785965,
        "kl_divergence": 0.8908405303955078
      },
      "perplexity_30": {
        "perplexity": 30,
        "silhouette_score": 0.02063240483403206,
        "kl_divergence": 0.8142516613006592
      },
      "perplexity_50": {
        "perplexity": 50,
        "silhouette_score": 0.02231987565755844,
        "kl_divergence": 0.6213357448577881
      }
    }
  }
}