{
  "batch_name": "collected_data_runs_2025_12_11_v2",
  "num_samples": 402,
  "num_features": 38,
  "num_classes": 3,
  "test_accuracy": 0.5802469253540039,
  "model_performance": {
    "overall_accuracy": 0.5802469253540039,
    "per_class_accuracy": {
      "0": 0.0,
      "1": 0.8545454740524292,
      "2": 0.0
    }
  },
  "feature_analysis": {
    "consistently_important": [],
    "method_specific": {},
    "feature_groups": {
      "basic_gradients": {
        "acoustic_importance": 0.21157558781928137,
        "impulse_importance": 0.0,
        "acoustic_vs_impulse_ratio": Infinity
      }
    },
    "top_features": [
      5,
      26,
      3,
      6,
      36,
      25,
      1,
      8,
      12,
      21
    ]
  },
  "saliency_maps_summary": {
    "basic_gradients": {
      "gradients": "[[ 6.23382777e-02  2.39904955e-01 -1.38253912e-01  4.14038211e-01\n   3.31497826e-02 -4.54309732e-01  2.95807391e-01  6.00644164e-02\n   1.01560771e-01 -6.05898276e-02  6.67427778e-02 -5.51052801e-02\n   2.54074633e-01  1.50121793e-01  7.32891485e-02 -4.63606082e-02\n   2.84212045e-02 -1.33702233e-02  9.63943377e-02  6.06911140e-04\n   2.45939940e-02 -2.44958531e-02 -2.46277116e-02  2.52896696e-02\n   1.02865107e-01 -8.64341855e-02  1.11230321e-01  5.38826585e-02\n   2.15025455e-01  8.86708051e-02 -2.92388827e-01 -9.23199207e-02\n   9.02020186e-02 -8.03619251e-02  1.86141700e-01 -1.59579627e-02\n   8.20354521e-02 -1.51532656e-02]\n [ 2.43243784e-01  1.29712775e-01 -2.96842426e-01  3.91939610e-01\n  -3.72602232e-02 -5.31201363e-01  4.81842794e-02 -1.05381504e-01\n   3.32178116e-01 -2.95050710e-01 -4.04446304e-01  1.22165054e-01\n   1.64007425e-01  1.48393229e-01  4.66556028e-02 -2.67550677e-01\n   2.01915652e-01 -3.65569582e-03 -2.50660300e-01 -1.14453295e-02\n  -5.30289626e-03 -7.71393254e-02  1.12400599e-01 -5.59213646e-02\n   3.73819917e-01 -3.56774420e-01  2.35490054e-01 -1.62616089e-01\n   6.69199228e-02  7.96198249e-02  4.65616249e-02 -5.89479655e-02\n   3.85862589e-01  6.30747303e-02  2.81243443e-01 -4.81588505e-02\n  -1.67707175e-01 -1.93792716e-01]\n [ 4.62295972e-02  2.27352172e-01 -6.71599448e-01  2.29646429e-01\n   1.76255003e-01 -7.11250007e-01  1.94044501e-01 -3.89945596e-01\n   8.13431621e-01  2.96937320e-02  4.42107879e-02  5.67709804e-02\n   3.66448373e-01  3.61685514e-01  7.02701183e-03 -3.26306432e-01\n   1.10489048e-01 -2.19419360e-01  1.04987301e-01  3.38310421e-01\n   4.10382956e-01  4.21561182e-01 -9.41012725e-02  1.15595423e-01\n   6.85985923e-01 -2.48885110e-01  7.26812541e-01 -3.44448626e-01\n   2.50726819e-01  6.12942167e-02  3.22201848e-02 -3.51853371e-01\n   2.75902987e-01  2.81011194e-01  4.70512092e-01 -1.63108140e-01\n  -2.65624374e-01 -2.62002230e-01]\n [ 1.19273104e-01 -4.76702005e-01  3.86795670e-01 -5.07677495e-01\n   4.24503908e-02  7.67684162e-01 -4.93554831e-01 -5.26733160e-01\n  -3.92808765e-01  2.74594814e-01  7.59132087e-01  3.01372439e-01\n  -3.17096025e-01  2.33238071e-01 -1.06246144e-01  2.59826690e-01\n  -4.69782501e-01  1.57482639e-01  1.62300557e-01  3.67851615e-01\n   2.46953189e-01  2.74703741e-01  4.08764243e-01 -2.04933882e-02\n   3.69110852e-01  9.65239853e-02  5.04494667e-01 -1.66343540e-01\n  -4.33699548e-01 -1.03846781e-01  2.38010790e-02 -2.71095365e-01\n  -1.21502906e-01  2.53018618e-01 -1.18434122e-02  3.99354130e-01\n  -5.93526840e-01 -4.34825532e-02]\n [-3.28459591e-02 -2.13273674e-01 -1.74811799e-02 -9.96917188e-02\n  -4.86854911e-02  4.16699022e-01 -2.14053944e-01 -1.04295909e-01\n  -2.83154279e-01  1.15465641e-01  2.50035495e-01  1.91126183e-01\n  -1.24922125e-02 -5.40110692e-02 -1.45226493e-01  1.44640908e-01\n  -3.04588437e-01 -1.17053175e-02 -3.50913554e-02  1.86867490e-01\n  -1.31433103e-02  2.44805574e-01  3.61465842e-01 -1.09775141e-01\n   7.71488175e-02 -8.58190283e-02  3.76232892e-01  7.99762979e-02\n  -1.09188691e-01 -3.89655046e-02 -1.83364719e-01 -1.30455092e-01\n  -8.80207494e-02  8.79212394e-02 -6.98147789e-02 -7.00029731e-02\n  -1.64999515e-01  9.04049724e-02]\n [ 1.53308939e-02  3.51390168e-02 -4.53827865e-02  6.70482889e-02\n  -2.74395738e-02 -7.86985010e-02  5.03776334e-02 -8.61277431e-03\n   4.32805531e-02  7.06647988e-05  3.48725426e-03  1.63682476e-02\n   7.87602216e-02  5.05801700e-02  3.41017410e-04 -3.35527770e-02\n   1.56345945e-02  3.70527455e-03 -4.23261747e-02 -6.19511716e-02\n  -4.36788276e-02  3.75936590e-02  2.08446775e-02 -2.42651906e-02\n   1.49117932e-02 -8.32525045e-02  1.10757286e-02  3.68641107e-03\n   2.49202326e-02  4.29936945e-02 -1.86542179e-02 -1.89410206e-02\n   6.65365830e-02  1.81081460e-03  3.81510220e-02 -2.09480766e-02\n   2.61473544e-02 -1.95909925e-02]\n [-4.97883081e-01 -7.63307393e-01  3.19668472e-01 -1.15156674e+00\n   4.06613380e-01  1.65420985e+00 -9.40743089e-01 -6.22897744e-01\n  -3.28666359e-01  5.44196248e-01  5.00431955e-01  1.46698803e-01\n  -5.47832251e-01  8.88682995e-03  7.65242577e-02  4.84415889e-01\n  -6.31392121e-01  2.55820956e-02  5.57683781e-02  4.55498815e-01\n   1.11437179e-01  6.54908240e-01 -2.03482788e-02 -7.48569071e-02\n   4.16576788e-02  8.23176563e-01  1.13741493e+00  2.01567356e-02\n  -4.79463965e-01 -4.76456076e-01  6.86541915e-01 -8.75267610e-02\n  -3.36301446e-01  3.93246114e-01 -4.66008261e-02  4.00541693e-01\n  -7.45551407e-01  1.68495908e-01]\n [ 7.08086789e-02  1.08837873e-01 -2.18847170e-01  3.02399188e-01\n   5.56777492e-02 -4.47415352e-01  1.65312275e-01  2.30745003e-02\n   1.34582564e-01 -7.74825737e-02 -7.21029490e-02  2.34860312e-02\n   1.92304790e-01  9.08716768e-02  2.10543945e-02 -5.80805875e-02\n   4.96953949e-02 -2.84311939e-02  1.27868690e-02  5.03294542e-02\n   5.59920184e-02 -6.11927286e-02  6.09500743e-02 -3.71715911e-02\n   2.19745487e-01 -1.18643008e-01  1.40169725e-01 -6.18816838e-02\n   1.48343518e-01  4.93409485e-02 -1.26793012e-01 -5.54893613e-02\n   5.80139942e-02 -1.08234026e-02  1.45120099e-01 -1.41854016e-02\n  -6.89019859e-02 -5.81762232e-02]\n [-4.40170795e-01 -6.70260310e-01  2.57379651e-01 -1.16963422e+00\n   6.14548683e-01  1.42022502e+00 -9.84376132e-01 -6.66767657e-01\n  -3.98988038e-01  5.65047979e-01  2.04346776e-01 -1.94449961e-01\n  -6.46357417e-01 -8.95612314e-02  1.98185202e-02  4.62133765e-01\n  -4.60797578e-01 -4.81100343e-02  6.03243634e-02  7.09241867e-01\n   2.12548897e-01  7.25143552e-01 -1.57620355e-01  2.17560947e-01\n   2.03181192e-01  9.98984516e-01  1.17416775e+00 -1.87867761e-01\n  -5.10338545e-01 -6.83537304e-01  7.85928607e-01 -2.20529377e-01\n  -4.23759133e-01  3.51687193e-01 -7.52516761e-02  4.70245272e-01\n  -8.76309395e-01  2.45020390e-01]\n [ 2.31477469e-02  2.52018981e-02  6.92920946e-03  1.30995557e-01\n  -2.61858245e-03 -9.48488042e-02  1.14166796e-01  1.19262170e-02\n  -2.96732382e-04  8.31622747e-04  5.21759838e-02 -1.40689826e-02\n   9.78040248e-02  4.88782600e-02  3.82307023e-02 -1.39453094e-02\n  -1.65274292e-02  4.08669338e-02 -2.70690233e-03 -1.95483733e-02\n  -3.90818715e-02 -1.01521388e-02  2.06811689e-02 -1.91295166e-02\n  -1.02337459e-02 -6.14899658e-02 -7.15393946e-02  3.60587649e-02\n   5.59832938e-02  5.59334047e-02 -6.54918477e-02 -2.41682008e-02\n   4.11228091e-02 -3.25437523e-02  1.47263538e-02 -1.63782120e-03\n   3.17449681e-02  1.63388345e-02]]",
      "mean_absolute_gradient": "[0.15512718 0.2889692  0.23591797 0.44646376 0.14446989 0.65765417\n 0.35006207 0.25196996 0.2828948  0.19630238 0.23571125 0.1121612\n 0.26771775 0.12362279 0.05344133 0.20968136 0.2289244  0.05523288\n 0.08233465 0.22016516 0.11631151 0.2531696  0.12818041 0.07000592\n 0.20986605 0.29599833 0.4488628  0.11169185 0.229461   0.16806585\n 0.22617462 0.13113265 0.18872252 0.1555499  0.13394055 0.16041403\n 0.30225486 0.1112458 ]",