{
  "batch_name": "collected_data_runs_2025_12_11_v2",
  "num_samples": 804,
  "num_features": 38,
  "num_classes": 50,
  "test_accuracy": 0.7018633484840393,
  "model_performance": {
    "overall_accuracy": 0.7018633484840393,
    "per_class_accuracy": {
      "0": 0.9909090995788574,
      "1": 0.0,
      "2": 0.17391304671764374,
      "4": 0.0,
      "5": 0.0,
      "10": 0.0,
      "13": 0.0,
      "17": 0.0,
      "21": 0.0,
      "23": 0.0,
      "24": 0.0,
      "25": 0.0,
      "26": 0.0,
      "31": 0.0,
      "37": 0.0,
      "38": 0.0,
      "40": 0.0,
      "41": 0.0,
      "44": 0.0,
      "45": 0.0,
      "49": 0.0
    }
  },
  "feature_analysis": {
    "consistently_important": [],
    "method_specific": {},
    "feature_groups": {
      "basic_gradients": {
        "acoustic_importance": 0.20346362913321508,
        "impulse_importance": 0.0,
        "acoustic_vs_impulse_ratio": Infinity
      }
    },
    "top_features": [
      25,
      12,
      3,
      24,
      9,
      19,
      30,
      13,
      6,
      17
    ]
  },
  "saliency_maps_summary": {
    "basic_gradients": {
      "gradients": "[[ 4.28279489e-02  2.78102513e-02 -5.14981858e-02  1.01514347e-02\n   7.65390368e-03  2.12677792e-02  5.28962389e-02 -9.35390650e-04\n   1.25901988e-02 -9.45205316e-02  9.89115704e-03  1.13797206e-02\n   1.30521255e-02  3.58466767e-02  4.07102844e-03 -4.28862721e-02\n   3.52128930e-02  1.76832161e-03 -6.84302226e-02 -1.35813178e-02\n   4.34470996e-02  4.28049155e-02 -3.05909719e-02  1.79997534e-02\n   6.33291900e-02 -1.13660060e-01  9.01081134e-03  1.81782711e-02\n   1.76662914e-02  4.67928834e-02 -8.57913587e-03 -1.87598616e-02\n   2.47840267e-02  3.37240323e-02  2.66911797e-02  9.79518425e-03\n   3.32818329e-02 -5.82016706e-02]\n [ 2.28324048e-02  1.36133609e-02 -6.16123062e-03  5.16726673e-02\n   1.34832766e-02  6.68454915e-03  4.24175747e-02  1.41754309e-02\n   1.56770926e-02 -5.13638966e-02 -6.54625893e-02  1.65434333e-03\n   2.43026577e-02  2.94814967e-02  4.16322835e-02 -2.62924787e-02\n   1.07561704e-02  2.27750447e-02 -3.41859981e-02 -3.31852511e-02\n   9.80357546e-03  1.35555100e-02  5.81587618e-03 -1.14325341e-02\n   5.82690313e-02 -5.29571734e-02  1.59145594e-02 -2.88525652e-02\n   3.22818127e-03  1.26491608e-02 -6.29243674e-03 -1.02041475e-02\n   1.16809513e-02  1.47415334e-02  1.82573628e-02  2.23457813e-02\n   2.14916561e-02 -4.23395522e-02]\n [ 6.87483922e-02  2.07941653e-03 -5.64164016e-04  1.53644592e-01\n   2.72044688e-02 -1.16313705e-02  1.52443543e-01  3.56843174e-02\n   1.01474047e-01 -1.74482465e-01 -1.80003226e-01  1.43068666e-02\n   1.15517557e-01  1.36658967e-01  1.70563325e-01 -2.86598802e-02\n   4.25232053e-02  1.02754466e-01 -1.07885681e-01 -9.49587300e-02\n  -9.39406455e-03  3.30358334e-02 -3.86421680e-02  1.49996001e-02\n   1.97555363e-01 -1.30320132e-01  9.04021114e-02 -2.86976546e-02\n   5.98354731e-03  3.71215753e-02 -1.85642820e-02 -1.54880034e-02\n   2.35267282e-02  1.16709238e-02  5.98874167e-02  1.27873898e-01\n  -1.50268339e-02 -1.37851581e-01]\n [-7.34721959e-01 -1.78401440e-01 -2.40818429e+00 -2.78903246e+00\n   7.99098969e-01 -1.07708538e+00 -1.86772323e+00 -5.62015355e-01\n   9.75112140e-01  2.10259843e+00  1.13014579e+00  1.41850948e+00\n  -3.75676298e+00 -2.23116779e+00 -1.00555348e+00 -1.51547897e+00\n   5.05148113e-01 -1.91933703e+00  1.36419249e+00  2.14423609e+00\n   8.24620500e-02 -7.24347174e-01 -1.86947107e+00  7.35180318e-01\n  -2.15763354e+00  3.07262683e+00 -7.42030799e-01 -2.41715574e+00\n  -3.07313144e-01 -7.93011129e-01  2.53680611e+00  8.58092368e-01\n  -1.20796315e-01 -2.55391777e-01  7.43366599e-01 -1.35891879e+00\n  -9.33688343e-01  7.84511507e-01]\n [-1.41976727e-02 -7.73909539e-02  1.20014094e-01 -4.72112484e-02\n   1.51130725e-02 -6.03947416e-03  7.72132650e-02  7.52199348e-03\n   1.84750147e-02 -6.28948435e-02 -7.69866779e-02 -2.44566123e-03\n   1.30786270e-01  9.94179100e-02  1.04423642e-01 -6.00210652e-02\n   9.01976600e-02  1.42966181e-01 -1.21237233e-01 -8.80275816e-02\n   1.21567165e-03  6.98584765e-02  2.31425762e-02 -4.44179624e-02\n   6.38514981e-02 -1.26157239e-01  9.19548795e-03 -4.67146523e-02\n  -6.37133885e-03  9.71257314e-03  6.45574778e-02 -2.97877472e-02\n   1.02676935e-01 -2.29796357e-02 -1.71142574e-02  1.22008495e-01\n   8.84525552e-02 -7.47290924e-02]\n [-1.78087968e-03  1.72511972e-02  4.78903800e-02  1.16963508e-02\n  -2.09860597e-02  2.17238497e-02  4.57981937e-02  1.73345488e-02\n   2.85064112e-02 -4.05840054e-02 -6.79503307e-02  3.29810719e-04\n   9.43155214e-02  8.97637233e-02  3.25254612e-02 -4.94919310e-04\n   3.25561538e-02  4.86000739e-02 -4.83540744e-02 -5.10530472e-02\n   8.67046008e-04  3.86388935e-02 -1.01531213e-02 -1.47846481e-02\n   8.71224776e-02 -8.74217302e-02  3.19206640e-02 -3.85964802e-03\n  -9.85713303e-03  1.61648411e-02  2.16195337e-03 -2.11619232e-02\n   6.80986745e-03  1.98730454e-03 -1.47678761e-03  3.90470810e-02\n   3.24261114e-02 -6.37461618e-02]\n [ 5.87702077e-03 -2.07470618e-02  4.40369882e-02  3.67749594e-02\n  -4.61050076e-03 -5.89496922e-03  5.87895922e-02  1.29479794e-02\n   3.35044460e-03 -3.80415283e-02 -3.59841809e-02 -1.14265298e-02\n   9.15368050e-02  5.89755364e-02  2.25490239e-02 -1.61034688e-02\n   1.54628754e-02  4.33085226e-02 -4.39712591e-02 -6.76770657e-02\n  -2.79037245e-02  3.15336697e-02  2.54709981e-02 -2.92649828e-02\n   5.80956116e-02 -8.02140757e-02  7.78403804e-02 -6.41366933e-04\n  -6.85457885e-03  1.02114643e-03 -1.18456930e-02 -2.07402725e-02\n   1.11591527e-02 -5.93666453e-03 -3.35508995e-02  4.11930345e-02\n   4.81785089e-02 -4.17688116e-02]\n [ 2.47464310e-02  2.53058299e-02 -3.55783440e-02  4.53372709e-02\n  -8.22217495e-04  2.28810683e-02  3.64207700e-02 -5.67752868e-03\n   3.89643237e-02 -5.83754256e-02 -3.34648937e-02  1.60690788e-02\n   5.24678780e-03  4.53353710e-02  3.27056982e-02 -2.36060191e-02\n   2.56745145e-02  1.68140419e-02 -4.97391261e-02 -3.70728187e-02\n  -2.97246105e-03  1.09493434e-02 -6.37862878e-03 -2.83846835e-04\n   7.71911219e-02 -8.23345259e-02  9.28105600e-03 -1.08927605e-03\n   5.14720147e-03  2.41893623e-02 -1.82831306e-02 -1.44101549e-02\n   1.95975993e-02  2.08671801e-02  2.02667434e-02  1.99901313e-02\n   1.04002794e-02 -7.52611533e-02]\n [-4.37582523e-01 -2.91578412e-01  1.02840602e-01 -6.24729216e-01\n   1.24542899e-01 -2.73505241e-01 -5.35320103e-01 -4.47271794e-01\n  -1.37188569e-01  1.04507136e+00  8.77552986e-01 -2.27846846e-01\n  -3.64186242e-02 -3.95060867e-01 -4.62589681e-01  1.09288715e-01\n  -1.11813523e-01 -5.33653140e-01  4.50802177e-01  6.43680453e-01\n   8.15028045e-03  2.60672122e-01  1.84415460e-01  1.46931186e-01\n  -9.06583071e-01  7.58132517e-01 -2.45115757e-01 -2.89027452e-01\n  -2.12949425e-01 -3.85074168e-01  5.17874539e-01  1.01936437e-01\n  -1.85584933e-01 -5.51204145e-01 -1.97099090e-01 -5.67123175e-01\n  -3.82962048e-01  7.41568208e-01]\n [ 1.49489390e-02 -7.77362613e-03  3.81601900e-02  7.81156197e-02\n   2.48711742e-02 -1.60154570e-02  1.02087982e-01  3.06593049e-02\n   1.27150025e-02 -5.22666350e-02 -5.62716089e-02 -8.73711426e-03\n   1.12649478e-01  9.12899673e-02  4.03566137e-02 -7.16964016e-03\n   1.53252957e-02  4.69462276e-02 -4.78134342e-02 -5.87998219e-02\n  -3.13434042e-02  1.21587338e-02  8.27854685e-03 -3.03494930e-02\n   8.45767558e-02 -6.27768189e-02  7.92001933e-02  9.67197120e-03\n   1.22395223e-02  8.93752836e-03 -3.73759381e-02 -1.26291737e-02\n  -5.53342607e-03 -1.17787695e-03 -1.22625893e-02  4.76790853e-02\n   2.16681398e-02 -4.16170396e-02]]",
      "mean_absolute_gradient": "[0.13682643 0.06619515 0.28549284 0.38483655 0.10383866 0.14627291\n 0.29711106 0.11342236 0.13440533 0.37201992 0.25337133 0.17127055\n 0.43805885 0.32129982 0.19169703 0.18300015 0.08846705 0.2878923\n 0.23366117 0.32322723 0.02175594 0.12375547 0.22023594 0.10456443\n 0.37542078 0.45666012 0.13099119 0.28438884 0.05876104 0.13346744\n 0.32223406 0.110321   0.05121499 0.0919681  0.11299729 0.23559746\n 0.15875764 0.20615947]",