{
  "batch_name": "balanced_collected_data_runs_2025_12_17_v2_workspace_3_squares_cutout_undersample",
  "num_samples": 438,
  "num_features": 70,
  "classes": [
    "contact",
    "no_contact"
  ],
  "class_distribution": {
    "contact": "219",
    "no_contact": "219"
  },
  "feature_statistics": {
    "features_shape": [
      438,
      70
    ],
    "labels_shape": [
      438
    ],
    "feature_mean": [
      1146.2312138661507,
      2774.753041615889,
      4999.625428082192,
      0.021555095555401114,
      8.758110126809656,
      7.646119673167929,
      9.123024631922236,
      10.041878191433776,
      15.029600532987594,
      0.005877186542379002,
      541.1226455479452,
      0.08862269352526153,
      3.5445261315230825,
      0.8973295553906323,
      4.57812020794986,
      -0.00010776594515719046,
      0.00010776594515719046,
      0.03004991503423888,
      0.0002980822221919273,
      0.002367901298845799,
      7.8098656543313645,
      0.03223948820395737,
      0.17919548211435615,
      0.38075439717556553,
      0.00019928983259655334,
      0.0002456414287535901,
      0.0026751299183783825,
      1.569433032612086e-07,
      4.164362716892539,
      27.25214137987459,
      8.95501533271966,
      0.09954717896504489,
      0.008963198582301572,
      0.09945003437431163,
      0.16070036925205358,
      0.03004991503423888,
      0.057550383102335886,
      1.0452878387415245,
      3.0192254610257607,
      0.12803040237748595,
      3.4371552217632666,
      0.6792363240702511,
      1.1462312140875055,
      2.460200502166491,
      4.4355180782195545,
      148.5821564392758,
      0.013091533150344841,
      0.00021150840029908208,
      0.0006927700615466729,
      0.0015655310035653446,
      0.18102867943881942,
      0.7327750885152233,
      3.3443906320828827,
      39.52658129827073,
      73.42087102916143,
      0.1824834118150685,
      0.9558632489821138,
      7.199771689485055,
      5.563926940639269,
      2.649748501712329,
      0.2710743705873892,
      1.1503752575876474,
      4.530285336274733,
      6.399887130897154,
      6.388460621986215,
      7.9508446735334175,
      45.53929740041256,
      0.12968250570776277,
      1.3434694551153734,
      46.503197692886545
    ],
    "feature_std": [
      211.65414838059203,
      204.07983155450515,
      844.1355486608015,
      0.006639143324501749,
      3.3406643171917194,
      3.6927095574152893,
      4.804428441512467,
      4.851662765267891,
      4.609478850928399,
      0.0018873521875680279,
      41.053689339187635,
      0.02743481805377076,
      2.703216180502078,
      0.32943336189125116,
      4.519182556329491,
      6.819128403938702e-05,
      6.819128403938702e-05,
      0.00533785102078381,
      5.854362369312262e-05,
      0.0006165310381135321,
      0.9680813132784514,
      0.020318402810190435,
      0.03330794449015757,
      0.045296377948248125,
      2.654913001585208e-05,
      3.911139867491909e-05,
      0.0005351117616055662,
      2.293931647011537e-07,
      0.5175500711515095,
      6.459997692834981,
      35.21623698451047,
      0.020375780232717647,
      0.0018596905574301322,
      0.02130694365719313,
      0.04278194822503723,
      0.00533785102078381,
      0.011203650789777843,
      0.27299213281026824,
      0.8676104191460228,
      0.0278749122096255,
      0.9044563713564154,
      0.16136621150320357,
      0.2116541488294908,
      0.24155510425772928,
      0.40370773298713103,
      1882.4046463640623,
      0.08181135730752735,
      0.0007108747634265679,
      0.00011789770911951898,
      0.00038932642448862937,
      0.03356583809004321,
      0.08631049892247318,
      0.581636530421938,
      5.953808276211431,
      6.128996145595264,
      0.6801333076337495,
      0.15496974527349866,
      24.749751726016825,
      1.3376443255567936,
      0.7567575274088301,
      0.07519583944789815,
      14.937218711892905,
      0.5467407974504079,
      0.2640597694215146,
      0.5472506453938814,
      2.2231173611404746,
      29.18386257062757,
      0.10033764994246958,
      3.7959020110308996,
      3.6747248373438453
    ],
    "feature_min": [
      560.5137979683279,
      1881.16916133048,
      3011.71875,
      0.0020965179428458214,
      1.8596227623694794,
      2.9224651649183713,
      3.4979004343704325,
      2.6490574014630504,
      1.7715619214938059,
      0.001156074577011168,
      457.03125,
      0.016148552298545837,
      1.28125,
      -0.0876048281788826,
      1.8897582292556763,
      -0.0004600537753984995,
      5.8903177940508263e-05,
      0.01338202878832817,
      0.00011621489829849452,
      0.0005451258039101958,
      4.572746753692627,
      0.0,
      0.10646339699074074,
      0.32292677546146353,
      0.00010621095134411007,
      9.251431765733287e-05,
      0.0008000963716767728,
      4.4468650983731095e-11,
      1.6526594161987305,
      3.410733699798584,
      0.0,
      0.01907634176313877,
      0.0036145730409771204,
      0.041690077632665634,
      0.08035477995872498,
      0.01338202878832817,
      0.016205275431275368,
      0.12685954570770264,
      1.7709990739822388,
      0.029467139393091202,
      0.3414623439311981,
      0.3753732740879059,
      0.5605137985198949,
      1.3435298070228459,
      2.6996782142636815,
      1.8115613847575227e-05,
      0.0,
      0.0,
      0.0004154886119067669,
      0.0006391774513758719,
      0.10681159420289855,
      0.4783778931777637,
      1.7116146087646484,
      27.80944061279297,
      50.183326721191406,
      0.0,
      0.0,
      0.0,
      0.0,
      0.0,
      0.0,
      0.0,
      3.2525160164276716,
      5.44926456319972,
      4.181842803955078,
      0.9185795783996582,
      -20.36998956826228,
      0.0,
      -16.300612301275734,
      24.002723079170853
    ],
    "feature_max": [
      2591.8528333736763,
      3482.231541338559,
      11062.5,
      0.04596291854977608,
      25.538978844036603,
      23.17580597986142,
      31.43620082304018,
      24.97110655967157,
      30.27197414420731,
      0.015329300425946712,
      843.75,
      0.18605411052703857,
      29.5,
      2.5384681224823,
      34.25942611694336,
      -5.8903177940508263e-05,
      0.0004600537753984995,
      0.0711761862039566,
      0.000450789782917127,
      0.003652196144685149,
      10.35422134399414,
      0.16925,
      0.25881166811342593,
      0.5565070626908903,
      0.0002936279634013772,
      0.00036022119456902146,
      0.007019560318440199,
      1.4191783748174203e-06,
      6.714096546173096,
      97.56664276123047,
      380.0590158087486,
      0.12229880690574646,
      0.01770814135670662,
      0.2292868196964264,
      0.44112786650657654,
      0.0711761862039566,
      0.09391812235116959,
      1.6962833404541016,
      5.960302829742432,
      0.23062294721603394,
      5.530373573303223,
      1.2012279033660889,
      2.5918528284661893,
      3.5416699943827075,
      6.154679285672198,
      27599.5,
      1.7028237751552038,
      0.01069951057434082,
      0.0011589911300688982,
      0.0030722615774720907,
      0.26164855072463766,
      1.117363343225101,
      6.524068355560303,
      61.82835388183594,
      98.32299041748047,
      3.357421875,
      1.0,
      100.0,
      10.0,
      3.322265625,
      0.6409939527511597,
      255.99999999781548,
      6.919886022578246,
      7.102158710536438,
      8.6378812789917,
      11.694321632385254,
      380.0590766322564,
      1.0745208333333334,
      7.988469762937454,
      53.70849022569948
    ]
  }
}