{
  "batch_name": "collected_data_runs_2025_12_15_v2",
  "num_samples": 3590,
  "num_features": 38,
  "classes": [
    "contact",
    "edge",
    "no_contact"
  ],
  "class_distribution": {
    "contact": "710",
    "edge": "2600",
    "no_contact": "280"
  },
  "cv_results": {
    "Random Forest": {
      "scores": [
        0.733983286908078,
        0.7200557103064067,
        0.7325905292479109,
        0.7325905292479109,
        0.7284122562674095
      ],
      "mean_accuracy": 0.7295264623955432,
      "std_accuracy": 0.005090715009052118,
      "best_score": 0.733983286908078,
      "worst_score": 0.7200557103064067
    },
    "SVM (RBF)": {
      "scores": [
        0.724233983286908,
        0.7214484679665738,
        0.7256267409470752,
        0.724233983286908,
        0.724233983286908
      ],
      "mean_accuracy": 0.7239554317548746,
      "std_accuracy": 0.0013646182411048411,
      "best_score": 0.7256267409470752,
      "worst_score": 0.7214484679665738
    },
    "SVM (Linear)": {
      "scores": [
        0.724233983286908,
        0.724233983286908,
        0.724233983286908,
        0.724233983286908,
        0.724233983286908
      ],
      "mean_accuracy": 0.724233983286908,
      "std_accuracy": 0.0,
      "best_score": 0.724233983286908,
      "worst_score": 0.724233983286908
    },
    "K-NN": {
      "scores": [
        0.692200557103064,
        0.6880222841225627,
        0.6810584958217271,
        0.7019498607242339,
        0.66991643454039
      ],
      "mean_accuracy": 0.6866295264623956,
      "std_accuracy": 0.010752233462740252,
      "best_score": 0.7019498607242339,
      "worst_score": 0.66991643454039
    },
    "Logistic Regression": {
      "scores": [
        0.7228412256267409,
        0.7228412256267409,
        0.7214484679665738,
        0.724233983286908,
        0.7214484679665738
      ],
      "mean_accuracy": 0.7225626740947074,
      "std_accuracy": 0.0010422443974300514,
      "best_score": 0.724233983286908,
      "worst_score": 0.7214484679665738
    },
    "Gradient Boosting": {
      "scores": [
        0.7270194986072424,
        0.7144846796657381,
        0.7200557103064067,
        0.7325905292479109,
        0.7144846796657381
      ],
      "mean_accuracy": 0.7217270194986073,
      "std_accuracy": 0.007123516352392457,
      "best_score": 0.7325905292479109,
      "worst_score": 0.7144846796657381
    },
    "Linear Discriminant Analysis": {
      "scores": [
        0.7200557103064067,
        0.7214484679665738,
        0.724233983286908,
        0.7256267409470752,
        0.7200557103064067
      ],
      "mean_accuracy": 0.7222841225626742,
      "std_accuracy": 0.002262963343909737,
      "best_score": 0.7256267409470752,
      "worst_score": 0.7200557103064067
    }
  }
}