{
  "batch_name": "combined_datasets",
  "num_samples": 5269,
  "original_dimensions": 55,
  "num_classes": 2,
  "classes": [
    "contact",
    "no_contact"
  ],
  "pca_analysis": {
    "explained_variance_ratio": [
      0.39153086765228723,
      0.10762026752164297,
      0.0850478932471378,
      0.07596386285865225,
      0.050943332106178504,
      0.040224161819870374,
      0.026358066936665318,
      0.022693695864650962,
      0.020115561454386706,
      0.01760962945743088,
      0.017114472871977936,
      0.01597136448213594,
      0.015914067188225,
      0.014662830526244617,
      0.014205509122730463,
      0.012947481567842156,
      0.01109051318725671,
      0.009697762222498142,
      0.007493498613171761
    ],
    "cumulative_variance": [
      0.39153086765228723,
      0.49915113517393017,
      0.584199028421068,
      0.6601628912797202,
      0.7111062233858987,
      0.7513303852057691,
      0.7776884521424344,
      0.8003821480070854,
      0.8204977094614722,
      0.838107338918903,
      0.855221811790881,
      0.871193176273017,
      0.8871072434612419,
      0.9017700739874865,
      0.915975583110217,
      0.9289230646780592,
      0.9400135778653159,
      0.9497113400878141,
      0.9572048387009858,
      0.963965030514805,
      0.9696628211639804,
      0.9749969682812766,
      0.9792317853481205,
      0.9826970631966111,
      0.985661340197915,
      0.988223878654971,
      0.9903699721683258,
      0.9922331070587868,
      0.9938512945006357,
      0.9950297422473935,
      0.9960911483756099,
      0.9968264756643594,
      0.9975140152209794,
      0.9981251399811661,
      0.998598979137965,
      0.9989299531506313,
      0.9991390812162928,
      0.9993194632052699,
      0.9994763563549278,
      0.9996081896584218,
      0.99972651107726,
      0.9998102296161443,
      0.9998703058663669,
      0.9999198412551532,
      0.999948843609603,
      0.9999677440376866,
      0.9999817071966953,
      0.9999906939289337,
      0.9999961784231038,
      0.999998422600567,
      0.9999996225461854,
      1.0,
      1.0,
      1.0,
      1.0
    ],
    "components_for_95_variance": 19,
    "n_components_used": 19,
    "total_explained_variance": 0.9572048387009857
  },
  "tsne_analysis": {
    "methods_tested": [
      "perplexity_5",
      "perplexity_10",
      "perplexity_20",
      "perplexity_30",
      "perplexity_50",
      "best_perplexity",
      "silhouette_score"
    ],
    "best_perplexity": 50,
    "best_silhouette_score": 0.0825623869895935,
    "perplexity_results": {
      "perplexity_5": {
        "perplexity": 5,
        "silhouette_score": 0.055891018360853195,
        "kl_divergence": 1.789756178855896
      },
      "perplexity_10": {
        "perplexity": 10,
        "silhouette_score": 0.06810840219259262,
        "kl_divergence": 1.7906534671783447
      },
      "perplexity_20": {
        "perplexity": 20,
        "silhouette_score": 0.06149125099182129,
        "kl_divergence": 1.6994314193725586
      },
      "perplexity_30": {
        "perplexity": 30,
        "silhouette_score": 0.06507402658462524,
        "kl_divergence": 1.6062997579574585
      },
      "perplexity_50": {
        "perplexity": 50,
        "silhouette_score": 0.0825623869895935,
        "kl_divergence": 1.458433985710144
      }
    }
  }
}