{
  "batch_name": "balanced_collected_data",
  "num_samples": 1971,
  "original_dimensions": 38,
  "num_classes": 3,
  "classes": [
    "contact",
    "edge",
    "no_contact"
  ],
  "pca_analysis": {
    "explained_variance_ratio": [
      0.3791163180477752,
      0.1566885075370986,
      0.07147488386297987,
      0.06013138041359508,
      0.055806829621709624,
      0.03730381525341304,
      0.030435968709967117,
      0.029449841541719795,
      0.025838195401036292,
      0.02536902760089685,
      0.024357131589788295,
      0.022319767702316244,
      0.01765847913819157,
      0.01614326210018274
    ],
    "cumulative_variance": [
      0.3791163180477752,
      0.5358048255848737,
      0.6072797094478536,
      0.6674110898614487,
      0.7232179194831583,
      0.7605217347365714,
      0.7909577034465385,
      0.8204075449882583,
      0.8462457403892946,
      0.8716147679901914,
      0.8959718995799797,
      0.9182916672822959,
      0.9359501464204875,
      0.9520934085206701,
      0.965251848068231,
      0.9764609542861956,
      0.9844634301214689,
      0.9919584357324902,
      0.9967278186111623,
      0.9978963915244955,
      0.9988397010006174,
      0.9995190113501721,
      0.9997472902760435,
      0.9998900989247753,
      0.9999464223411109,
      0.9999883880114695,
      0.9999971645010338,
      0.9999990444452109,
      0.9999998987353567,
      0.9999999973568328,
      0.9999999993388777,
      0.9999999997825368,
      0.9999999999767734,
      0.9999999999999968,
      0.9999999999999997,
      0.9999999999999999,
      0.9999999999999999,
      0.9999999999999999
    ],
    "components_for_95_variance": 14,
    "n_components_used": 14,
    "total_explained_variance": 0.9520934085206701
  },
  "tsne_analysis": {
    "methods_tested": [
      "perplexity_5",
      "perplexity_10",
      "perplexity_20",
      "perplexity_30",
      "perplexity_50",
      "best_perplexity",
      "silhouette_score"
    ],
    "best_perplexity": 50,
    "best_silhouette_score": -0.013326662592589855,
    "perplexity_results": {
      "perplexity_5": {
        "perplexity": 5,
        "silhouette_score": -0.015239928849041462,
        "kl_divergence": 1.4804672002792358
      },
      "perplexity_10": {
        "perplexity": 10,
        "silhouette_score": -0.01502156350761652,
        "kl_divergence": 1.54461669921875
      },
      "perplexity_20": {
        "perplexity": 20,
        "silhouette_score": -0.013730826787650585,
        "kl_divergence": 1.5085039138793945
      },
      "perplexity_30": {
        "perplexity": 30,
        "silhouette_score": -0.013373810797929764,
        "kl_divergence": 1.4623819589614868
      },
      "perplexity_50": {
        "perplexity": 50,
        "silhouette_score": -0.013326662592589855,
        "kl_divergence": 1.3476899862289429
      }
    }
  }
}