{
  "batch_name": "balanced_collected_data_runs_2026_01_15_workspace_2_pure_no_contact_undersample",
  "num_samples": 1100,
  "num_features": 55,
  "classes": [
    "no_contact"
  ],
  "class_distribution": {
    "no_contact": "1100"
  },
  "feature_statistics": {
    "features_shape": [
      1100,
      55
    ],
    "labels_shape": [
      1100
    ],
    "feature_mean": [
      1100.6703354396427,
      2776.1247470498383,
      4915.450994318182,
      0.02343238935805857,
      9.366735805816774,
      5.506646372136053,
      6.151378611837039,
      7.0363566021391115,
      15.595848127690353,
      0.0055309124534357,
      536.7613636363636,
      0.08520700023594227,
      3.176785836706264,
      0.9007517794096335,
      3.137599017836831,
      -8.198997187862688e-05,
      8.198997187862688e-05,
      0.026116860728202896,
      0.0003001520490744786,
      0.00254425048828125,
      8.477626294656233,
      0.02638973484848489,
      0.16446670891861329,
      0.36144272770268093,
      0.00018631181674374437,
      0.00024393979265534488,
      0.0026330705599817024,
      6.494370200277827e-09,
      4.439332829930565,
      30.07984537124634,
      0.854666874689989,
      0.12103042992678556,
      0.00921491817338392,
      0.09829740960828283,
      0.1541190620850433,
      0.026116860728202896,
      0.05983702061528509,
      1.2340066739239477,
      3.036158336726102,
      0.14189826230772518,
      4.154126559224996,
      0.692575011361729,
      1.1006703354466476,
      2.526041116772584,
      4.7314626626332785,
      0.022856495475144532,
      0.00989227119361105,
      4.639031756927249e-05,
      0.0006252250355795365,
      0.0015796506960495291,
      0.16614934123847167,
      0.7102284531418152,
      3.57312592105432,
      38.788362818631256,
      69.75308556296609
    ],
    "feature_std": [
      62.658780638650256,
      69.22899398586381,
      317.4403961589217,
      0.0025613387314629118,
      3.0162602596414305,
      1.7496366639880991,
      0.29332209814460797,
      0.5345538455888017,
      4.050311010396285,
      0.0006194917288647917,
      22.788197370672073,
      0.0045055061743206025,
      1.9493208222184282,
      0.26236624465083386,
      0.15330532831139784,
      5.904672397569085e-06,
      5.904672397569085e-06,
      0.0020180135620601015,
      7.494292620755521e-06,
      6.0676282596353036e-05,
      0.15205223361280396,
      0.0020122750813263597,
      0.009863748572869525,
      0.005248479219647885,
      5.079018196326104e-06,
      5.299980811698983e-06,
      6.129628882035408e-05,
      6.70534849887145e-09,
      0.14095759908263214,
      1.4823994690213644,
      0.08213710737654363,
      0.007382541970467532,
      0.0006380242775854447,
      0.005785392113121831,
      0.008368476766946728,
      0.0020180135620601015,
      0.003408432057460069,
      0.07360063100158411,
      0.08716916764033282,
      0.010544857630741955,
      0.2769734156462278,
      0.011297564302168259,
      0.06265878039512474,
      0.07237414680953913,
      0.15116783040024856,
      0.0018371784458410952,
      0.00082337809118602,
      6.637271870766576e-06,
      4.3075384132737903e-05,
      0.00015840255439887295,
      0.009894248542091949,
      0.038928206915033306,
      0.34787195478557414,
      0.2872104725581932,
      0.5048762844470391
    ],
    "feature_min": [
      539.9716970275767,
      1971.1282573127683,
      3000.0,
      0.008130005560815334,
      1.5018742170631327,
      2.5188549178749895,
      5.641271510471517,
      6.278669978504521,
      8.999913358756945,
      0.0032969145104289055,
      457.03125,
      0.03644284978508949,
      1.4814814814814814,
      -0.16915957629680634,
      2.908334970474243,
      -9.215067804364914e-05,
      6.887768729317484e-05,
      0.013855929486453533,
      0.00019364820036571473,
      0.00140380859375,
      7.063102722167969,
      0.020354166666666666,
      0.14562084056712962,
      0.30878197338559354,
      0.00015456507389899343,
      0.00015771514154039323,
      0.0016076879110187292,
      1.4486960242532376e-11,
      1.835229754447937,
      4.9318389892578125,
      0.45347191519558216,
      0.01798606663942337,
      0.0035247968044131994,
      0.05289255082607269,
      0.07612278312444687,
      0.013855929486453533,
      0.02272542379796505,
      0.08734557777643204,
      2.824378490447998,
      0.036407019942998886,
      0.30994948744773865,
      0.6036245822906494,
      0.5399717014445415,
      1.6827099590777146,
      3.2794549699529685,
      0.017492442674924426,
      0.008102771614779946,
      2.796557600959204e-05,
      0.0005337742040865123,
      0.0009957272559404373,
      0.14719202898550723,
      0.6024958704968087,
      1.7651948928833008,
      37.93879318237305,
      68.1657485961914
    ],
    "feature_max": [
      2255.4962328139945,
      3795.345959296551,
      9996.09375,
      0.050102315843105316,
      26.18790736457339,
      34.45552103441187,
      8.58597214351273,
      11.5276298663739,
      34.590299737046614,
      0.008549259044229984,
      585.9375,
      0.11284306645393372,
      12.25,
      1.796215534210205,
      4.912959098815918,
      -6.887768729317484e-05,
      9.215067804364914e-05,
      0.057070232927799225,
      0.000414787617046386,
      0.002960205078125,
      9.397510528564453,
      0.03177083333333333,
      0.18711118344907407,
      0.41792782416158014,
      0.000270809541689232,
      0.00031871406827121973,
      0.003232368500903249,
      5.595493846044519e-08,
      4.669587135314941,
      33.04283142089844,
      1.1525939423264573,
      0.1322503238916397,
      0.018027441576123238,
      0.20591846108436584,
      0.3081306219100952,
      0.057070232927799225,
      0.08081689476966858,
      1.341780185699463,
      3.4312727451324463,
      0.16289809346199036,
      4.509255886077881,
      0.7418036460876465,
      2.2554962283073574,
      3.650428820772963,
      6.6780505484531245,
      0.02749236840145931,
      0.012754577982413128,
      0.00011841894593089819,
      0.0009778697276487947,
      0.00317686190828681,
      0.18893115942028985,
      0.934051439310182,
      4.551708221435547,
      41.14582443237305,
      75.55269622802734
    ]
  }
}