{
  "batch_name": "balanced_collected_data_2025_12_15_v1",
  "num_samples": 150,
  "original_dimensions": 38,
  "num_classes": 3,
  "classes": [
    "contact",
    "edge",
    "no_contact"
  ],
  "pca_analysis": {
    "explained_variance_ratio": [
      0.21442905098906778,
      0.1250495504359499,
      0.11779524747961417,
      0.07469352450494472,
      0.06265311377250568,
      0.06052709830133888,
      0.051703847577968885,
      0.04492744487088368,
      0.03342533689655465,
      0.031647098560708214,
      0.029524561279837495,
      0.025716929354271112,
      0.02219931017757665,
      0.019695661683244846,
      0.018886102812276664,
      0.013969622027662264,
      0.012567107358972124
    ],
    "cumulative_variance": [
      0.21442905098906778,
      0.3394786014250177,
      0.45727384890463185,
      0.5319673734095766,
      0.5946204871820823,
      0.6551475854834211,
      0.70685143306139,
      0.7517788779322736,
      0.7852042148288283,
      0.8168513133895365,
      0.846375874669374,
      0.8720928040236451,
      0.8942921142012218,
      0.9139877758844667,
      0.9328738786967433,
      0.9468435007244056,
      0.9594106080833777,
      0.96908753001823,
      0.9776596859300097,
      0.9839097290759382,
      0.9874172071542929,
      0.9904946537423149,
      0.9931667563699905,
      0.9948055249185395,
      0.9960916782021575,
      0.9973032986689913,
      0.9983949885596698,
      0.9991622054837088,
      0.9996854874597375,
      0.9999337152012049,
      0.999976134886343,
      0.9999906756341812,
      0.9999980507033372,
      0.9999990767989477,
      0.9999995986103357,
      1.0,
      1.0,
      1.0
    ],
    "components_for_95_variance": 17,
    "n_components_used": 17,
    "total_explained_variance": 0.9594106080833777
  },
  "tsne_analysis": {
    "methods_tested": [
      "perplexity_5",
      "perplexity_10",
      "perplexity_20",
      "perplexity_30",
      "best_perplexity",
      "silhouette_score"
    ],
    "best_perplexity": 5,
    "best_silhouette_score": -0.0028822263702750206,
    "perplexity_results": {
      "perplexity_5": {
        "perplexity": 5,
        "silhouette_score": -0.0028822263702750206,
        "kl_divergence": 0.842986524105072
      },
      "perplexity_10": {
        "perplexity": 10,
        "silhouette_score": -0.06223291531205177,
        "kl_divergence": 0.7826283574104309
      },
      "perplexity_20": {
        "perplexity": 20,
        "silhouette_score": -0.043273963034152985,
        "kl_divergence": 0.6552857756614685
      },
      "perplexity_30": {
        "perplexity": 30,
        "silhouette_score": -0.012439237907528877,
        "kl_divergence": 0.5176361799240112
      }
    }
  }
}