{
  "num_batches_processed": 1,
  "total_impulse_responses": 5,
  "materials_found": [
    "unknown"
  ],
  "num_unique_materials": 1,
  "spectral_centroid_range": {
    "min": 0.0373274173384318,
    "max": 0.04133421257387189,
    "mean": 0.03918588123873015
  },
  "spectral_rolloff_range": {
    "min": 0.06640625,
    "max": 0.06640625,
    "mean": 0.06640625
  },
  "resonant_frequency_range": {
    "min": 150.732421875,
    "max": 21942.333984375004,
    "mean": 11206.894293064024
  },
  "quality_factor_range": {
    "min": 1.142857142857143,
    "max": 509.499999999957,
    "mean": 220.73340852073503
  }
}