{
  "n_components": "13",
  "explained_variance_ratio": [
    0.427572652605169,
    0.1006449023872687,
    0.09029757218223682,
    0.07199930127548258,
    0.051345326327875175,
    0.04625724484237716,
    0.030213959953683728,
    0.027408958668932292,
    0.025695094213144046,
    0.024742414906487948,
    0.020686087449431918,
    0.020049043265196034,
    0.015676369187170556
  ],
  "total_explained_variance": 0.952588927264456,
  "components_for_95_variance": 13
}