{
  "batch_name": "reduce_signal_time_experiment_ablation_2",
  "num_samples": 150,
  "num_features": 38,
  "num_classes": 3,
  "test_accuracy": 0.8999999761581421,
  "model_performance": {
    "overall_accuracy": 0.8999999761581421,
    "per_class_accuracy": {
      "0": 0.699999988079071,
      "1": 1.0,
      "2": 1.0
    }
  },
  "feature_analysis": {
    "consistently_important": [],
    "method_specific": {},
    "feature_groups": {
      "basic_gradients": {
        "acoustic_importance": 0.041037445057698185,
        "impulse_importance": 0.0,
        "acoustic_vs_impulse_ratio": Infinity
      }
    },
    "top_features": [
      24,
      18,
      3,
      19,
      25,
      35,
      29,
      17,
      30,
      11
    ]
  },
  "saliency_maps_summary": {
    "basic_gradients": {
      "gradients": "[[ 1.05017637e-06 -4.34914818e-06  3.65582622e-07 -1.63916900e-06\n  -1.94768950e-06 -6.56928023e-07  9.06837727e-07  2.60413401e-07\n   8.74999614e-07  1.04273602e-06 -1.43218165e-06  2.22294489e-06\n   1.16263470e-06  4.50528148e-07  3.05991443e-06 -9.47116632e-07\n   1.51625795e-06  5.73671696e-06  1.29825892e-07  1.14252964e-06\n  -5.77614458e-07  1.29682360e-06 -5.24354391e-08 -6.33956233e-07\n   1.01180137e-06 -4.90573768e-07  1.53094982e-06  1.32713808e-06\n  -6.88310195e-07  5.62804701e-07  2.40370787e-06  7.92120147e-07\n   1.97204440e-06  1.41326450e-06  5.65384471e-06  4.23818528e-06\n  -2.41913222e-06 -1.66016162e-06]\n [ 6.86515523e-06 -2.63198053e-05  5.05007256e-06 -1.22998626e-05\n  -1.08513359e-05 -4.64009281e-06  7.07426216e-06 -2.32509507e-07\n   5.92403376e-06  7.40423138e-06 -7.04611648e-06  1.35502123e-05\n   7.20003482e-06  1.96447832e-06  1.65736219e-05 -5.90280797e-06\n   1.07798305e-05  3.00426618e-05  1.71414069e-06  8.90365754e-06\n  -9.83420705e-07  9.40682185e-06 -1.28688228e-07 -2.04004255e-06\n   1.05481349e-05  8.46860814e-07  7.50986419e-06  5.37251617e-06\n  -1.67554720e-06  5.62764342e-07  1.21437215e-05  5.27211432e-06\n   1.18625831e-05  8.57447958e-06  3.20166073e-05  2.24429223e-05\n  -1.48029158e-05 -5.91210073e-06]\n [ 2.53856619e-04  7.08945270e-04  3.17293670e-05  9.90840606e-04\n  -5.61539673e-05  2.79403990e-04 -4.82639443e-04 -1.26157844e-04\n   2.52283557e-04 -3.21388827e-04  4.35566064e-04 -5.15891879e-04\n  -2.14566593e-04  5.97140461e-05 -8.26383912e-05  2.98320927e-04\n  -1.68873885e-04  2.21084993e-04 -1.19041849e-03 -5.89996285e-04\n   2.07014062e-04  8.85827467e-05 -9.20707971e-05  1.93263913e-04\n  -1.25566765e-03 -6.92482630e-04 -1.93073691e-04 -2.53278617e-04\n  -3.17213824e-04  4.07870568e-04  3.20226332e-04 -2.76785751e-04\n  -3.18456732e-04 -2.24951480e-04 -8.77664250e-04  3.89684661e-04\n   3.29885981e-04  1.00084915e-04]\n [-6.12605290e-05 -1.62178243e-04  1.87116675e-04 -4.38986841e-04\n   1.59938747e-04 -2.31429323e-04  1.54716399e-04 -2.13393156e-04\n  -2.57964362e-04  3.50542650e-05 -8.69087235e-05  4.57375863e-04\n   1.79451948e-04  1.60219817e-04 -1.63253368e-04  1.36778672e-05\n   8.99279112e-05 -4.60469717e-04  6.99775992e-04  3.86608619e-04\n  -4.16504714e-04 -4.52982458e-05  2.65349459e-04  2.20365255e-04\n   7.13222951e-04  4.10987617e-04  3.26331137e-05  2.21446098e-04\n   6.14834062e-05 -4.81317431e-04 -4.76691843e-04  2.32934166e-04\n   1.26822211e-04 -4.40224510e-04  8.83095490e-05 -5.16406493e-04\n   1.45107391e-04  4.83682234e-05]\n [ 3.49341452e-01  4.32441682e-01  8.48505199e-02  9.67417657e-01\n  -1.30502492e-01  2.76947618e-01 -4.48024184e-01 -9.44107696e-02\n   5.04370153e-01 -1.98480964e-01  2.47349098e-01 -5.47784925e-01\n  -3.37248415e-01 -2.50730336e-01  1.60375983e-01  2.52937496e-01\n  -1.18287034e-01  6.68178141e-01 -1.29986918e+00 -7.37516224e-01\n   5.13024986e-01  3.12776387e-01 -2.50678271e-01 -1.24665745e-01\n  -1.51793349e+00 -7.32515931e-01  1.96466465e-02 -3.79303277e-01\n  -1.72364414e-01  6.87851131e-01  6.46818101e-01 -3.57021779e-01\n  -1.73881978e-01  2.10689545e-01 -4.78829026e-01  7.17792511e-01\n   4.60469797e-02 -1.03121214e-02]\n [ 2.80077493e-05 -7.92554201e-05 -5.65561493e-07 -1.79231429e-05\n  -3.64229927e-05 -7.78205231e-06  1.03747007e-05  1.29969121e-05\n   2.92961704e-05  1.40576822e-06 -2.25717358e-05  2.42040969e-05\n   1.25168435e-05 -1.85158100e-07  6.60875739e-05 -4.68233611e-06\n   3.21068801e-05  1.16483272e-04 -2.61762325e-05  1.98596699e-05\n   1.24985063e-05  2.62084814e-05 -2.05118395e-05 -3.20148574e-05\n  -1.19372098e-05 -2.50730754e-05  2.79195701e-05  2.06319601e-05\n  -9.12971427e-06  2.97117549e-05  6.19078928e-05 -2.57975927e-07\n   3.35546029e-05  3.51962190e-05  1.01455960e-04  1.04340761e-04\n  -4.52993736e-05 -3.51656308e-05]\n [ 2.26902903e-05 -6.33872842e-05  6.93201446e-06 -2.87694402e-05\n  -1.41289729e-05 -2.05071028e-05  6.28921634e-06  4.74071476e-06\n   1.70358599e-05  1.74160868e-05 -9.92536752e-06  2.82001147e-05\n   1.64441062e-05  8.12200869e-06  4.60620067e-05 -1.98727557e-05\n   2.76970641e-05  8.25450843e-05 -8.84086057e-06  1.28340444e-05\n  -2.64073174e-06  2.66961979e-05  4.35163474e-06 -6.63650144e-06\n   1.17079308e-05 -1.30850367e-05  2.58085220e-05  1.87019559e-05\n  -7.28033137e-06  1.36952003e-05  4.14013593e-05  8.93814376e-06\n   2.43637769e-05  2.42864789e-05  8.97857171e-05  7.16058421e-05\n  -4.82330979e-05 -1.70437906e-05]\n [ 3.15912985e-06  1.00852194e-05  1.31409820e-07  1.18144844e-05\n   9.93968570e-07  2.49237110e-06 -6.24638324e-06 -2.36939263e-06\n   5.55051145e-07 -3.95795132e-06  4.63069682e-06 -7.05762386e-06\n  -2.34515119e-06  1.41387284e-06 -2.49476921e-06  4.95214772e-06\n  -3.19304672e-06 -1.15939099e-06 -1.13813285e-05 -6.26063047e-06\n   1.09402151e-06 -7.63237324e-07  4.58047424e-07  4.03416516e-06\n  -1.35445380e-05 -8.24038489e-06 -2.23331654e-06 -1.90471565e-06\n  -3.67554367e-06  3.61845377e-06  1.60056140e-06 -2.59129524e-06\n  -4.89431841e-06 -5.16600812e-06 -1.46996281e-05  1.38792473e-06\n   5.85028874e-06  1.60260845e-06]\n [ 2.90599698e-03 -5.97246550e-03  3.06283328e-04  1.22645893e-03\n  -2.60373112e-03  1.59735486e-04 -6.61120110e-04  5.31006837e-04\n   4.41651000e-03  1.58490415e-03 -1.22408802e-03  5.00422584e-06\n   2.19894180e-04 -1.46756519e-03  5.46800438e-03 -1.35746284e-03\n   1.18568121e-03  1.14197070e-02 -4.95218206e-03 -7.42069795e-04\n   2.11587548e-03  3.93594708e-03 -1.86798000e-03 -2.06989120e-03\n  -3.94738745e-03 -3.33284424e-03  1.95924612e-03 -7.51806074e-04\n  -1.14427682e-03  3.31197283e-03  5.92368981e-03 -6.20608480e-05\n   2.45829951e-03  3.98307107e-03  7.28495931e-03  9.68576968e-03\n  -4.41671442e-03 -2.31613009e-03]\n [ 1.51600005e-07  3.54918626e-07 -1.06987725e-08  4.32802437e-07\n   7.50775868e-08  6.08766797e-08 -2.34156730e-07 -1.22981490e-07\n   3.14881348e-08 -1.76831264e-07  1.64820349e-07 -2.28783009e-07\n  -1.02953273e-07  6.27960191e-08 -8.94920333e-08  1.86667222e-07\n  -1.02211793e-07 -7.08304082e-10 -4.50563363e-07 -2.48199854e-07\n   3.46103626e-08 -6.27366381e-09  2.06647321e-08  1.70376040e-07\n  -4.98695840e-07 -3.43109775e-07 -1.02120126e-07 -9.46435179e-08\n  -1.57996780e-07  1.31468312e-07  8.68419292e-08 -1.07334579e-07\n  -1.86904430e-07 -1.56837942e-07 -5.05540299e-07  9.05996771e-08\n   2.33511358e-07  7.66604344e-08]]",
      "mean_absolute_gradient": "[0.03526245 0.0439469  0.00853887 0.09701468 0.01333867 0.02776543\n 0.04493538 0.00953021 0.05093507 0.02004537 0.02491414 0.05488386\n 0.03379021 0.025243   0.01662242 0.02546435 0.01198069 0.06805153\n 0.13067603 0.07392841 0.05157822 0.03169106 0.02529292 0.01271948\n 0.1523899  0.07370004 0.00218967 0.03805778 0.017391   0.06921006\n 0.06536583 0.03576116 0.01768624 0.02154126 0.04873241 0.07285885\n 0.00510555 0.00128382]",