{
  "n_components": "16",
  "explained_variance_ratio": [
    0.33006522515743103,
    0.17465975913411963,
    0.07455091320137003,
    0.05352362420090137,
    0.040233694105800535,
    0.03831346481541753,
    0.03289376158802197,
    0.03248069695845839,
    0.029274799056417496,
    0.027389739969670594,
    0.02557631897705806,
    0.02305177813623594,
    0.020006856871882136,
    0.019413623476920553,
    0.01646630473807365,
    0.014618516083695562
  ],
  "total_explained_variance": 0.9525190764714744,
  "components_for_95_variance": 16
}