{
  "n_components": "14",
  "explained_variance_ratio": [
    0.389945813427975,
    0.12900097668361624,
    0.09667919992649732,
    0.0582740637732861,
    0.04999036015866965,
    0.043214726635336057,
    0.031183162114279968,
    0.027851368620810616,
    0.026940246255204924,
    0.025466407484072053,
    0.023268373035638765,
    0.021911976708347658,
    0.018667044068626133,
    0.013982075229221224
  ],
  "total_explained_variance": 0.9563757941215818,
  "components_for_95_variance": 14
}