{
  "batch_name": "collected_data_runs_validate_2025_12_16_v3_static_reference",
  "num_samples": 910,
  "num_features": 38,
  "classes": [
    "contact",
    "edge",
    "no_contact"
  ],
  "class_distribution": {
    "contact": "310",
    "edge": "300",
    "no_contact": "300"
  },
  "cv_results": {
    "Random Forest": {
      "scores": [
        0.9560439560439561,
        0.989010989010989,
        0.9615384615384616,
        0.989010989010989,
        0.978021978021978
      ],
      "mean_accuracy": 0.9747252747252748,
      "std_accuracy": 0.013725270326150322,
      "best_score": 0.989010989010989,
      "worst_score": 0.9560439560439561
    },
    "SVM (RBF)": {
      "scores": [
        0.9340659340659341,
        0.9725274725274725,
        0.9505494505494505,
        0.9285714285714286,
        0.967032967032967
      ],
      "mean_accuracy": 0.9505494505494505,
      "std_accuracy": 0.017375151978947127,
      "best_score": 0.9725274725274725,
      "worst_score": 0.9285714285714286
    },
    "SVM (Linear)": {
      "scores": [
        0.978021978021978,
        0.989010989010989,
        0.978021978021978,
        0.989010989010989,
        0.978021978021978
      ],
      "mean_accuracy": 0.9824175824175825,
      "std_accuracy": 0.005383493940182844,
      "best_score": 0.989010989010989,
      "worst_score": 0.978021978021978
    },
    "K-NN": {
      "scores": [
        0.8571428571428571,
        0.8901098901098901,
        0.8241758241758241,
        0.9120879120879121,
        0.8901098901098901
      ],
      "mean_accuracy": 0.8747252747252746,
      "std_accuracy": 0.03076923076923077,
      "best_score": 0.9120879120879121,
      "worst_score": 0.8241758241758241
    },
    "Logistic Regression": {
      "scores": [
        0.967032967032967,
        0.978021978021978,
        0.967032967032967,
        0.9835164835164835,
        0.989010989010989
      ],
      "mean_accuracy": 0.976923076923077,
      "std_accuracy": 0.00879120879120879,
      "best_score": 0.989010989010989,
      "worst_score": 0.967032967032967
    },
    "Gradient Boosting": {
      "scores": [
        0.9505494505494505,
        0.9835164835164835,
        0.967032967032967,
        0.9835164835164835,
        0.9835164835164835
      ],
      "mean_accuracy": 0.9736263736263735,
      "std_accuracy": 0.013186813186813178,
      "best_score": 0.9835164835164835,
      "worst_score": 0.9505494505494505
    },
    "Extra Trees": {
      "scores": [
        0.945054945054945,
        0.9835164835164835,
        0.9505494505494505,
        0.9725274725274725,
        0.9725274725274725
      ],
      "mean_accuracy": 0.9648351648351647,
      "std_accuracy": 0.014578570507056703,
      "best_score": 0.9835164835164835,
      "worst_score": 0.945054945054945
    },
    "AdaBoost": {
      "scores": [
        0.9560439560439561,
        0.9560439560439561,
        0.9285714285714286,
        0.967032967032967,
        0.9615384615384616
      ],
      "mean_accuracy": 0.9538461538461538,
      "std_accuracy": 0.013278072498455569,
      "best_score": 0.967032967032967,
      "worst_score": 0.9285714285714286
    },
    "XGBoost": {
      "scores": [
        0.9560439560439561,
        0.989010989010989,
        0.967032967032967,
        0.9945054945054945,
        0.9725274725274725
      ],
      "mean_accuracy": 0.9758241758241759,
      "std_accuracy": 0.014158350249148488,
      "best_score": 0.9945054945054945,
      "worst_score": 0.9560439560439561
    },
    "Naive Bayes": {
      "scores": [
        0.7637362637362637,
        0.8901098901098901,
        0.7142857142857143,
        0.6813186813186813,
        0.8461538461538461
      ],
      "mean_accuracy": 0.7791208791208791,
      "std_accuracy": 0.07850800483293076,
      "best_score": 0.8901098901098901,
      "worst_score": 0.6813186813186813
    },
    "Quadratic Discriminant Analysis": {
      "scores": [
        0.978021978021978,
        0.9835164835164835,
        0.967032967032967,
        0.9395604395604396,
        0.9835164835164835
      ],
      "mean_accuracy": 0.9703296703296702,
      "std_accuracy": 0.01652010591029988,
      "best_score": 0.9835164835164835,
      "worst_score": 0.9395604395604396
    },
    "Linear Discriminant Analysis": {
      "scores": [
        0.9725274725274725,
        0.9835164835164835,
        0.9725274725274725,
        0.9725274725274725,
        0.9725274725274725
      ],
      "mean_accuracy": 0.9747252747252746,
      "std_accuracy": 0.004395604395604381,
      "best_score": 0.9835164835164835,
      "worst_score": 0.9725274725274725
    },
    "Ensemble (RF + SVM)": {
      "scores": [
        0.9560439560439561,
        0.978021978021978,
        0.9505494505494505,
        0.967032967032967,
        0.9725274725274725
      ],
      "mean_accuracy": 0.9648351648351647,
      "std_accuracy": 0.01019078955548978,
      "best_score": 0.978021978021978,
      "worst_score": 0.9505494505494505
    }
  }
}