{
  "batch_name": "soft_finger_batch_4",
  "num_samples": 100,
  "num_features": 38,
  "classes": [
    "metal",
    "no metal"
  ],
  "class_distribution": {
    "metal": "50",
    "no metal": "50"
  },
  "cv_results": {
    "Random Forest": {
      "scores": [
        0.95,
        0.9,
        0.8,
        0.75,
        0.85
      ],
      "mean_accuracy": 0.85,
      "std_accuracy": 0.07071067811865474,
      "best_score": 0.95,
      "worst_score": 0.75
    },
    "SVM (RBF)": {
      "scores": [
        0.95,
        0.95,
        0.85,
        0.8,
        0.85
      ],
      "mean_accuracy": 0.8799999999999999,
      "std_accuracy": 0.05999999999999997,
      "best_score": 0.95,
      "worst_score": 0.8
    },
    "SVM (Linear)": {
      "scores": [
        0.8,
        0.75,
        0.6,
        0.8,
        0.7
      ],
      "mean_accuracy": 0.7300000000000001,
      "std_accuracy": 0.07483314773547886,
      "best_score": 0.8,
      "worst_score": 0.6
    },
    "K-NN": {
      "scores": [
        0.9,
        0.95,
        0.8,
        0.8,
        0.85
      ],
      "mean_accuracy": 0.86,
      "std_accuracy": 0.05830951894845297,
      "best_score": 0.95,
      "worst_score": 0.8
    },
    "Logistic Regression": {
      "scores": [
        0.8,
        0.85,
        0.65,
        0.8,
        0.75
      ],
      "mean_accuracy": 0.7699999999999999,
      "std_accuracy": 0.06782329983125268,
      "best_score": 0.85,
      "worst_score": 0.65
    },
    "Gradient Boosting": {
      "scores": [
        0.85,
        0.95,
        0.75,
        0.65,
        0.7
      ],
      "mean_accuracy": 0.7799999999999999,
      "std_accuracy": 0.10770329614269007,
      "best_score": 0.95,
      "worst_score": 0.65
    },
    "Linear Discriminant Analysis": {
      "scores": [
        0.9,
        0.95,
        0.85,
        0.8,
        0.85
      ],
      "mean_accuracy": 0.8699999999999999,
      "std_accuracy": 0.05099019513592783,
      "best_score": 0.95,
      "worst_score": 0.8
    }
  }
}