{
  "batch_name": "balanced_collected_data_2025_12_15_v2_undersample",
  "num_samples": 840,
  "num_features": 38,
  "classes": [
    "contact",
    "edge",
    "no_contact"
  ],
  "class_distribution": {
    "contact": "280",
    "edge": "280",
    "no_contact": "280"
  },
  "cv_results": {
    "Random Forest": {
      "scores": [
        0.44047619047619047,
        0.44642857142857145,
        0.3869047619047619,
        0.4523809523809524,
        0.39880952380952384
      ],
      "mean_accuracy": 0.425,
      "std_accuracy": 0.026779099712385693,
      "best_score": 0.4523809523809524,
      "worst_score": 0.3869047619047619
    },
    "SVM (RBF)": {
      "scores": [
        0.4226190476190476,
        0.44642857142857145,
        0.39285714285714285,
        0.4880952380952381,
        0.38095238095238093
      ],
      "mean_accuracy": 0.4261904761904762,
      "std_accuracy": 0.03850228959237198,
      "best_score": 0.4880952380952381,
      "worst_score": 0.38095238095238093
    },
    "SVM (Linear)": {
      "scores": [
        0.43452380952380953,
        0.375,
        0.35714285714285715,
        0.4523809523809524,
        0.3630952380952381
      ],
      "mean_accuracy": 0.39642857142857146,
      "std_accuracy": 0.039231564412581146,
      "best_score": 0.4523809523809524,
      "worst_score": 0.35714285714285715
    },
    "K-NN": {
      "scores": [
        0.30952380952380953,
        0.375,
        0.30952380952380953,
        0.375,
        0.3273809523809524
      ],
      "mean_accuracy": 0.3392857142857143,
      "std_accuracy": 0.029880715233359834,
      "best_score": 0.375,
      "worst_score": 0.30952380952380953
    },
    "Logistic Regression": {
      "scores": [
        0.4166666666666667,
        0.4166666666666667,
        0.375,
        0.43452380952380953,
        0.375
      ],
      "mean_accuracy": 0.40357142857142864,
      "std_accuracy": 0.02422260708259025,
      "best_score": 0.43452380952380953,
      "worst_score": 0.375
    },
    "Gradient Boosting": {
      "scores": [
        0.44047619047619047,
        0.4880952380952381,
        0.35714285714285715,
        0.44642857142857145,
        0.39880952380952384
      ],
      "mean_accuracy": 0.4261904761904762,
      "std_accuracy": 0.044638888712506354,
      "best_score": 0.4880952380952381,
      "worst_score": 0.35714285714285715
    },
    "Linear Discriminant Analysis": {
      "scores": [
        0.4226190476190476,
        0.42857142857142855,
        0.34523809523809523,
        0.44642857142857145,
        0.36904761904761907
      ],
      "mean_accuracy": 0.4023809523809524,
      "std_accuracy": 0.03850228959237197,
      "best_score": 0.44642857142857145,
      "worst_score": 0.34523809523809523
    }
  }
}