{
  "batch_name": "balanced_collected_data_2025_12_15_v2_undersample",
  "num_samples": 840,
  "num_classes": 3,
  "classes": [
    "contact",
    "edge",
    "no_contact"
  ],
  "best_classifier": {
    "name": "SVM (RBF)",
    "mean_accuracy": 0.4261904761904762,
    "std_accuracy": 0.03850228959237198
  },
  "worst_classifier": {
    "name": "K-NN",
    "mean_accuracy": 0.3392857142857143,
    "std_accuracy": 0.029880715233359834
  },
  "all_classifiers_performance": {
    "Random Forest": {
      "mean_accuracy": 0.425,
      "std_accuracy": 0.026779099712385693
    },
    "SVM (RBF)": {
      "mean_accuracy": 0.4261904761904762,
      "std_accuracy": 0.03850228959237198
    },
    "SVM (Linear)": {
      "mean_accuracy": 0.39642857142857146,
      "std_accuracy": 0.039231564412581146
    },
    "K-NN": {
      "mean_accuracy": 0.3392857142857143,
      "std_accuracy": 0.029880715233359834
    },
    "Logistic Regression": {
      "mean_accuracy": 0.40357142857142864,
      "std_accuracy": 0.02422260708259025
    },
    "Gradient Boosting": {
      "mean_accuracy": 0.4261904761904762,
      "std_accuracy": 0.044638888712506354
    },
    "Linear Discriminant Analysis": {
      "mean_accuracy": 0.4023809523809524,
      "std_accuracy": 0.03850228959237197
    }
  }
}