{
  "batch_name": "reduce_signal_time_experiment_ablation_0point25s",
  "num_samples": 150,
  "num_features": 38,
  "num_classes": 3,
  "test_accuracy": 1.0,
  "model_performance": {
    "overall_accuracy": 1.0,
    "per_class_accuracy": {
      "0": 1.0,
      "1": 1.0,
      "2": 1.0
    }
  },
  "feature_analysis": {
    "consistently_important": [],
    "method_specific": {},
    "feature_groups": {
      "basic_gradients": {
        "acoustic_importance": 0.0066570298471273605,
        "impulse_importance": 0.0,
        "acoustic_vs_impulse_ratio": Infinity
      }
    },
    "top_features": [
      8,
      6,
      22,
      26,
      19,
      34,
      9,
      35,
      17,
      0
    ]
  },
  "saliency_maps_summary": {
    "basic_gradients": {
      "gradients": "[[ 3.36828001e-04  1.15051735e-04 -2.57706615e-05 -3.75661562e-04\n  -1.88229853e-04  2.22268427e-04 -2.46272830e-04  7.90991544e-05\n   5.63878391e-04  1.38137591e-04  1.29549480e-05 -1.14646791e-04\n  -4.52378954e-05  3.64491170e-05  7.34517991e-04 -2.80502954e-05\n   5.21404654e-05  2.12706233e-04  1.42142759e-04 -6.34746466e-05\n  -6.94602786e-05 -1.85521494e-04 -6.08726521e-04 -3.09877447e-04\n   8.20782589e-05 -2.88643845e-04 -4.87494952e-04  2.27495198e-04\n   1.01617232e-04  1.21929836e-04  1.92545951e-04 -2.10345795e-04\n  -4.19912139e-05  4.51839529e-04  6.25546963e-04  3.84640560e-04\n  -7.69623730e-04 -5.56753366e-04]\n [ 9.61209480e-06 -8.54244809e-06 -2.07373250e-06  7.70339193e-06\n  -1.31596067e-08  1.48214826e-06 -2.15817508e-05 -1.67462331e-05\n   1.31299557e-05  1.63277491e-05 -1.10399424e-05  4.57473743e-06\n   8.78920946e-06  1.01308506e-05 -1.07032647e-05  1.43754805e-05\n  -7.07594472e-06  1.59194133e-05 -1.33768726e-05 -2.28508088e-05\n   8.48735908e-06  3.47480182e-06 -1.64144440e-05  9.29762336e-06\n  -1.51583954e-05  5.43191845e-06 -2.01659332e-05 -2.40826330e-06\n  -9.09187929e-06 -9.50883805e-06 -3.09538996e-06  6.62363072e-06\n   1.29159989e-05  5.01521754e-06  1.42453955e-05  1.23222735e-05\n   7.57438238e-06  4.16751163e-06]\n [ 9.33664123e-05 -7.39815951e-05 -1.51389922e-05  5.29156277e-05\n  -1.76444573e-05  9.18121623e-06 -1.97280548e-04 -1.57913601e-04\n   1.31799286e-04  1.23424543e-04 -1.19135744e-04  2.58897344e-05\n   7.17534713e-05  8.05386589e-05 -7.82416028e-05  1.22187834e-04\n  -9.01175881e-05  1.36622039e-04 -1.06764317e-04 -2.10315542e-04\n   6.01705942e-05  1.71197098e-05 -1.47855026e-04  6.68368084e-05\n  -1.20625453e-04  3.33304852e-05 -1.98353286e-04 -4.94280675e-06\n  -8.11596037e-05 -8.43014423e-05 -1.16830815e-05  5.48037933e-05\n   1.12862494e-04  4.47342100e-05  1.21965888e-04  1.00275414e-04\n   5.23141025e-05  1.80115167e-05]\n [ 7.34994364e-06  7.63857497e-06 -4.03020522e-06 -1.61228018e-05\n  -5.44671184e-06  4.87764191e-06  1.94828067e-06  7.18083857e-06\n   1.14403765e-05 -5.17706894e-07  6.20908213e-06 -5.57199155e-06\n  -1.12356383e-06  1.31108459e-06  2.56021431e-05  1.01995317e-06\n   2.21267578e-06  4.01443685e-06  9.68206859e-06  5.42156295e-06\n  -7.12590281e-06 -1.13210199e-05 -1.57779141e-05 -1.15342273e-05\n   7.76425532e-06 -9.78441767e-06 -1.33895646e-05  4.14597798e-06\n   1.13934657e-05  8.05758918e-06  6.92880303e-06 -1.05770978e-05\n  -6.71123553e-06  1.19981287e-05  1.68540901e-05  9.16860427e-06\n  -2.41867874e-05 -1.86325615e-05]\n [ 9.80745317e-05  9.13619879e-05 -2.16745393e-05 -1.57378454e-04\n  -5.68203650e-05  6.78878278e-05 -2.66040151e-05  4.43687895e-05\n   1.43948768e-04  8.78478295e-06  5.53374302e-05 -7.30881948e-05\n   7.09426922e-06  8.34373441e-06  2.72363715e-04  1.69650120e-05\n   2.30354053e-05  7.13843910e-05  9.96801682e-05  1.53152760e-05\n  -5.70057564e-05 -1.08206172e-04 -1.63705350e-04 -1.23419377e-04\n   6.54366086e-05 -1.06000938e-04 -1.68757164e-04  5.25867435e-05\n   9.58154196e-05  6.74571347e-05  7.35233189e-05 -1.30710236e-04\n  -5.54578182e-05  1.36506947e-04  1.91617029e-04  1.36683419e-04\n  -2.76043487e-04 -2.12721032e-04]\n [ 1.37660263e-05  1.27891844e-05 -5.18312891e-06 -2.96006619e-05\n  -9.88845568e-06  8.23585287e-06 -3.15803504e-06  9.97457755e-06\n   2.15163909e-05 -1.50003041e-06  1.14751037e-05 -1.39687645e-05\n  -7.87411807e-07  1.12118039e-06  4.55861991e-05  3.47193736e-06\n   3.09374423e-06  9.29662474e-06  1.86208981e-05  4.10699022e-06\n  -1.26243976e-05 -2.11003644e-05 -2.70862056e-05 -2.22628187e-05\n   1.37035249e-05 -1.84591991e-05 -2.74770337e-05  9.26003850e-06\n   2.06329496e-05  1.40489747e-05  1.21070698e-05 -2.30578426e-05\n  -1.24152339e-05  2.00626091e-05  2.89624877e-05  1.77352358e-05\n  -4.48408282e-05 -3.38742975e-05]\n [-2.79811920e-05 -1.42814690e-06 -4.56394855e-06  3.68126371e-06\n   7.25019254e-06 -2.69396533e-05  3.54160111e-05  1.17852933e-05\n  -5.63105714e-05 -2.44231815e-05  1.93612996e-05 -9.63110142e-06\n  -1.12258203e-05 -3.59527371e-06 -1.85388835e-05 -2.95095879e-06\n   1.05623203e-05 -2.29870420e-05  1.67600392e-05  1.94533368e-05\n  -1.49518610e-05 -1.32048481e-05  3.07854862e-05  6.39300970e-06\n   1.73964963e-05  1.10169992e-06  3.44985565e-05 -1.32427385e-05\n   1.64316079e-05  2.29748730e-05 -9.83934478e-06 -6.60275509e-06\n  -1.69305913e-05 -2.49161239e-05 -4.36472983e-05 -3.43009815e-05\n   3.34638571e-05  2.36963642e-05]\n [-1.84004544e-04 -2.92182303e-05 -3.35370751e-05  2.34006711e-05\n   4.70449486e-05 -1.39026262e-04  1.68984159e-04  3.82399085e-05\n  -3.20063147e-04 -1.51147309e-04  1.01272744e-04 -6.24546883e-05\n  -4.01783036e-05 -2.43457430e-06 -1.41351760e-04  1.08450504e-05\n   6.04947491e-05 -9.77882883e-05  1.05524785e-04  7.13429472e-05\n  -7.86946985e-05 -6.36223995e-05  1.96506837e-04  1.24762109e-05\n   1.11564987e-04  3.83194492e-05  1.82572898e-04 -6.80093799e-05\n   8.32052028e-05  1.53229455e-04 -4.33170899e-05 -2.73570295e-05\n  -8.99688894e-05 -1.64014346e-04 -2.76278122e-04 -2.33649451e-04\n   2.05636010e-04  1.90567807e-04]\n [-7.91544616e-02  7.25831836e-02 -1.31466435e-02  9.40402783e-03\n   2.57183760e-02 -4.12700139e-02  1.73823401e-01  7.68494532e-02\n  -1.76931262e-01 -1.09650224e-01  7.16394261e-02 -2.58728676e-02\n  -2.91862097e-02 -3.06159016e-02  1.09045329e-02 -5.92539422e-02\n   6.55747503e-02 -9.04676616e-02  6.09337576e-02  1.32180795e-01\n  -3.52762230e-02  1.43225687e-02  1.70905173e-01 -1.96616761e-02\n   7.02229515e-02  5.44454553e-04  1.69311613e-01 -4.77713197e-02\n   5.67678176e-02  6.80854395e-02 -1.69848558e-02 -2.41969526e-02\n  -5.81532829e-02 -5.30119427e-02 -1.29507005e-01 -1.05268121e-01\n   5.11253029e-02  6.03021532e-02]\n [-2.51507572e-05  1.86886664e-05 -6.34448998e-06  1.95911634e-05\n   7.32883518e-06 -1.46922130e-05  5.44087488e-05  3.89869183e-06\n  -6.77985954e-05 -2.11161005e-05  1.27243711e-05 -1.80920676e-06\n  -5.36815287e-06  4.79084292e-06 -1.20774994e-05 -1.02490758e-05\n   1.70221756e-05 -1.71940846e-05  5.73764419e-06  3.52234056e-05\n   3.24048324e-06  9.84079998e-06  4.91361134e-05  9.31656723e-06\n   3.51241260e-06  1.45370159e-05  5.27386910e-05 -2.59709905e-05\n   2.43962336e-06  1.29457585e-05 -1.65418096e-05  5.45816692e-06\n  -6.85000032e-06 -1.19607794e-05 -4.39383002e-05 -3.84681189e-05\n   3.90859568e-05  3.90850837e-05]]",
      "mean_absolute_gradient": "[0.00799506 0.00729419 0.0013265  0.00100901 0.0026058  0.00417646\n 0.01745791 0.00772187 0.01782611 0.01101356 0.00719889 0.00261845\n 0.00293778 0.00307646 0.00122435 0.00594641 0.00658405 0.00910556\n 0.0061452  0.01326283 0.0035588  0.0014756  0.01721612 0.00202331\n 0.00706602 0.00010601 0.01704971 0.00481794 0.00571896 0.00685799\n 0.00173544 0.00246725 0.00585094 0.0053883  0.01308701 0.01062354\n 0.00525781 0.00613997]",