{
  "batch_name": "collected_data_runs_2025_12_10_v1",
  "num_samples": 2463,
  "num_features": 38,
  "num_classes": 3,
  "test_accuracy": 0.4949290156364441,
  "model_performance": {
    "overall_accuracy": 0.4949290156364441,
    "per_class_accuracy": {
      "0": 0.302325576543808,
      "1": 0.7836734652519226,
      "2": 0.0
    }
  },
  "feature_analysis": {
    "consistently_important": [],
    "method_specific": {},
    "feature_groups": {
      "basic_gradients": {
        "acoustic_importance": 0.14357538619323781,
        "impulse_importance": 0.0,
        "acoustic_vs_impulse_ratio": Infinity
      }
    },
    "top_features": [
      22,
      6,
      27,
      5,
      10,
      3,
      13,
      21,
      20,
      35
    ]
  },
  "saliency_maps_summary": {
    "basic_gradients": {
      "gradients": "[[ 5.57676330e-02  4.41731028e-02  2.68259317e-01 -1.07516028e-01\n  -1.23233542e-01 -3.73255134e-01 -6.33668229e-02  5.36748841e-02\n   2.77899802e-01  1.70018170e-02 -2.16133595e-02  1.30531624e-01\n   8.98878649e-02 -1.94056168e-01 -8.80861357e-02 -1.17253385e-01\n  -6.80019483e-02  1.95943579e-01 -2.14444008e-03  7.51840370e-03\n  -4.69453454e-01  4.47350703e-02 -4.03674811e-01 -5.75684272e-02\n   1.44479135e-02  3.00819166e-02  1.50600821e-01 -1.00448698e-01\n  -8.54262337e-02  8.40305910e-02 -1.58334091e-01  1.67448625e-01\n  -2.87779886e-02  1.27659395e-01  8.01441893e-02  8.99361148e-02\n   1.01274557e-01 -1.28990328e-02]\n [ 5.29365540e-02  5.36259040e-02 -4.04960886e-02 -4.25640345e-02\n  -1.16584070e-01 -8.00664816e-03  5.72198778e-02 -2.91819535e-02\n  -5.31783886e-02 -2.94326581e-02  1.81181458e-04  9.08243237e-04\n   6.47959560e-02 -1.36997933e-02  3.23793292e-02 -6.14219857e-03\n  -4.69395258e-02  6.70519471e-02 -3.69832590e-02  2.84306873e-02\n   2.78659575e-02  5.70733706e-03  1.07196078e-01  5.30289393e-03\n   2.46969312e-02  5.23191690e-02  3.04353330e-02  5.47396615e-02\n   1.12560228e-01 -1.06062880e-03 -1.71390668e-01  6.21767081e-02\n   7.74331093e-02 -1.72641035e-02 -3.51761654e-02  4.52130474e-02\n   1.74661919e-01 -3.17302942e-02]\n [ 2.72423662e-02  7.31270295e-03 -5.08184806e-02 -3.64919491e-02\n   8.89391676e-02  1.41586065e-01  1.11116804e-02  2.58331429e-02\n   2.81126332e-02 -4.43723015e-02  1.81792993e-02 -3.12798023e-02\n   3.19130421e-02  3.65582481e-02 -9.01658908e-02 -2.60314774e-02\n   3.58618163e-02 -1.08497683e-02 -3.87171619e-02 -5.22340499e-02\n   7.75393024e-02 -8.48419592e-03  6.38844147e-02 -7.57200569e-02\n  -2.74499375e-02 -3.04284506e-02 -1.26965307e-02  8.22479352e-02\n  -2.17421204e-02 -1.70932505e-02 -1.65189784e-02 -2.47577578e-02\n   2.88301613e-02 -4.74240817e-03 -8.14327691e-03 -2.27576718e-02\n   5.18799350e-02 -1.41857024e-02]\n [-5.63028455e-02 -5.67291565e-02 -6.38231859e-02  8.46743211e-02\n   3.66088040e-02 -3.65479439e-02 -3.36183049e-02 -6.80943904e-03\n  -5.38387597e-02 -7.53535628e-02  1.01850871e-02 -3.09586450e-02\n  -6.15533292e-02  2.47702599e-02  5.51400892e-02 -8.29757936e-03\n  -6.27386943e-02  5.44866081e-03 -1.73441712e-02  3.20321620e-02\n  -5.28390519e-02  1.01814426e-01 -5.42606339e-02  5.77515401e-02\n   5.01970109e-03 -1.89399775e-02  1.85726434e-02  6.80537370e-04\n   7.18670264e-02  8.12596735e-03  6.88399896e-02 -9.48930830e-02\n   3.05183716e-02 -1.03759632e-01  4.71241362e-02  9.74796619e-03\n   7.60990055e-03 -1.03514314e-01]\n [-6.84271082e-02 -3.22219282e-01 -1.94026619e-01  6.33959830e-01\n   1.30975083e-01  5.64579248e-01 -5.19220769e-01  1.43956214e-01\n  -1.00771390e-01 -7.26855472e-02  4.82983142e-01 -2.44958296e-01\n  -4.83189613e-01  2.75450140e-01  1.48550227e-01  1.73647791e-01\n  -1.23396046e-01 -3.71242426e-02 -4.57126684e-02 -1.89247265e-01\n  -2.07598239e-01  3.97107571e-01 -1.49501726e-01  3.18485826e-01\n  -1.36369407e-01 -4.40968990e-01 -5.03634036e-01  3.77608031e-01\n   1.34602845e-01  1.66139871e-01  1.41296282e-01 -4.30468827e-01\n   1.04592763e-01 -2.32007876e-01  2.43419170e-01 -1.28038451e-01\n  -3.22298765e-01 -1.18467003e-01]\n [ 1.06637783e-01  4.81395632e-01  6.91794679e-02 -1.22056432e-01\n   3.24596226e-01 -3.20760272e-02  6.00885034e-01 -2.94063151e-01\n   6.61158413e-02  2.51196265e-01 -7.19292283e-01  2.63761669e-01\n   3.68475854e-01  1.14877373e-01 -7.30623379e-02  4.22840834e-01\n  -4.21970263e-02  1.43348664e-01  1.01476803e-01  1.59996450e-01\n  -1.88469470e-01 -1.38099506e-01  6.53732359e-01 -1.70978487e-01\n   1.01309769e-01  2.88243473e-01  2.29175046e-01 -5.27897835e-01\n   6.55477345e-02 -1.45457819e-01  4.78909686e-02  1.84878245e-01\n  -3.87750477e-01  4.00855154e-01 -2.85638005e-01  3.34053010e-01\n   1.36579230e-01 -3.29905972e-02]\n [-4.85991947e-02 -6.75062314e-02 -2.08091334e-01  2.45925441e-01\n  -1.72358416e-02  1.03619576e-01 -1.13008127e-01 -5.58647066e-02\n  -5.25137782e-02 -4.41700853e-02  1.94947228e-01 -4.16341051e-02\n  -1.84740126e-02 -1.81550920e-01  2.44846627e-01 -4.37637530e-02\n  -1.10748865e-01 -3.20023037e-02 -1.12149995e-02 -6.20517507e-02\n   1.19053274e-01  3.71633917e-01 -2.59552691e-02  1.22497469e-01\n  -6.07272871e-02 -1.56290919e-01 -1.46061689e-01 -5.77799603e-02\n   7.21211880e-02  1.60112292e-01 -7.15799481e-02 -1.15156606e-01\n   2.01263666e-01 -1.45699039e-01  8.92944783e-02 -9.00639594e-02\n  -1.54200107e-01 -1.89451084e-01]\n [-1.54135674e-01  9.32489336e-02  8.85425135e-02  2.84535587e-01\n   8.64594504e-02  1.88829988e-01  3.25942248e-01 -2.80652568e-02\n   1.25701874e-01 -7.46786445e-02  2.31995098e-02 -7.68093616e-02\n  -1.32612243e-01  4.54697579e-01  4.34078306e-01  2.01672807e-01\n  -1.66595116e-01 -1.73744887e-01 -2.47232392e-01 -1.81881115e-01\n   3.10966950e-02  2.58921713e-01  1.25959694e-01  1.26536235e-01\n  -1.31534010e-01 -2.67068535e-01 -2.67802030e-01 -2.35321268e-01\n   9.03169662e-02  1.89964697e-01 -7.85313994e-02  5.49246371e-02\n  -5.65199517e-02 -1.27340242e-01  1.57066777e-01 -1.62307993e-01\n  -1.20786063e-01 -2.87052780e-01]\n [ 7.98078477e-02  3.06536525e-01 -1.84267417e-01 -3.78676146e-01\n  -5.24514019e-01  4.66727495e-01  5.57714522e-01  5.46140037e-02\n  -4.77024138e-01  1.03272438e-01 -4.08029437e-01 -3.22824754e-02\n   2.84455508e-01  5.83029151e-01  1.72616661e-01  3.32966357e-01\n   4.77666296e-02  3.43928397e-01 -8.86607096e-02 -3.92560303e-01\n   5.62603235e-01 -5.57393134e-01  9.38685417e-01 -5.18609881e-01\n  -1.60560399e-01 -3.69274393e-02  1.89247176e-01  4.35749292e-01\n   2.42089018e-01 -2.67760336e-01  5.25580049e-01  8.02203417e-02\n  -5.05131781e-01 -4.03347522e-01 -7.34022185e-02  7.33122766e-01\n  -1.10187940e-03  5.86857833e-02]\n [ 7.16252550e-02  1.91740558e-01 -9.16357338e-02 -1.22405015e-01\n  -2.72406898e-02 -1.95282787e-01  3.14179897e-01 -7.63990432e-02\n  -5.94474226e-02  4.22336906e-02 -2.24796847e-01  1.28069028e-01\n   1.61541283e-01 -1.50628701e-01 -3.17361206e-04 -1.38689712e-01\n   6.67957664e-02 -1.52935367e-02  8.92488286e-02  5.32022752e-02\n   1.44534513e-01  3.44451331e-02  2.58767247e-01 -4.87947352e-02\n  -4.12132517e-02  8.78654718e-02  1.34004384e-01 -2.40636408e-01\n   2.19472256e-02 -1.02135524e-01  3.33049148e-02  1.23044424e-01\n  -1.01656625e-02  1.05137035e-01 -1.12001300e-01  1.57823175e-01\n  -1.34289013e-02 -6.03749999e-04]]",
      "mean_absolute_gradient": "[0.07214823 0.1624488  0.125914   0.20588048 0.1476387  0.21105108\n 0.25962675 0.07684617 0.1294604  0.07543971 0.21034074 0.09811933\n 0.16968986 0.20293184 0.13392429 0.1471306  0.07710414 0.1024736\n 0.06787354 0.11591545 0.18810531 0.1918342  0.27816176 0.15022455\n 0.07033286 0.14091344 0.16822296 0.21131095 0.09182206 0.1141881\n 0.13132672 0.13379692 0.14309838 0.16678122 0.11314096 0.17730643\n 0.10838213 0.08495803]",