{
  "batch_name": "collected_data_runs_2025_12_15_v2",
  "num_samples": 3590,
  "original_dimensions": 38,
  "num_classes": 3,
  "classes": [
    "contact",
    "edge",
    "no_contact"
  ],
  "pca_analysis": {
    "explained_variance_ratio": [
      0.18117873069687568,
      0.13440297961497435,
      0.10989270587140186,
      0.09442636041719961,
      0.07828329828228445,
      0.05212573807382154,
      0.05121319125201085,
      0.04413369941141837,
      0.04036447005804467,
      0.037595062492499914,
      0.027263638704612847,
      0.025727701469320963,
      0.02088767508360164,
      0.018382011814987564,
      0.016863027011689177,
      0.014667350279678625,
      0.012578195281497057
    ],
    "cumulative_variance": [
      0.18117873069687568,
      0.31558171031185,
      0.4254744161832519,
      0.5199007766004515,
      0.598184074882736,
      0.6503098129565574,
      0.7015230042085683,
      0.7456567036199866,
      0.7860211736780313,
      0.8236162361705311,
      0.850879874875144,
      0.876607576344465,
      0.8974952514280666,
      0.9158772632430542,
      0.9327402902547434,
      0.947407640534422,
      0.959985835815919,
      0.9705070978073775,
      0.9779855304732307,
      0.9829301444985584,
      0.9873725944413612,
      0.9898688442958865,
      0.991948086878436,
      0.9938948758287087,
      0.9953668044901653,
      0.9966553067168711,
      0.9978598985277823,
      0.9988528193120894,
      0.9995089843653882,
      0.9998496770571633,
      0.999911575546458,
      0.9999597664884875,
      0.9999958769689952,
      0.9999980811144042,
      0.9999992599228167,
      1.0,
      1.0,
      1.0
    ],
    "components_for_95_variance": 17,
    "n_components_used": 17,
    "total_explained_variance": 0.9599858358159191
  },
  "tsne_analysis": {
    "methods_tested": [
      "perplexity_5",
      "perplexity_10",
      "perplexity_20",
      "perplexity_30",
      "perplexity_50",
      "best_perplexity",
      "silhouette_score"
    ],
    "best_perplexity": 5,
    "best_silhouette_score": -0.05740315467119217,
    "perplexity_results": {
      "perplexity_5": {
        "perplexity": 5,
        "silhouette_score": -0.05740315467119217,
        "kl_divergence": 1.6838229894638062
      },
      "perplexity_10": {
        "perplexity": 10,
        "silhouette_score": -0.061428144574165344,
        "kl_divergence": 1.720568060874939
      },
      "perplexity_20": {
        "perplexity": 20,
        "silhouette_score": -0.0726824626326561,
        "kl_divergence": 1.6489334106445312
      },
      "perplexity_30": {
        "perplexity": 30,
        "silhouette_score": -0.08026979863643646,
        "kl_divergence": 1.56390380859375
      },
      "perplexity_50": {
        "perplexity": 50,
        "silhouette_score": -0.08706594258546829,
        "kl_divergence": 1.4431265592575073
      }
    }
  }
}