{
  "batch_name": "combined_datasets",
  "num_samples": 7358,
  "original_dimensions": 38,
  "num_classes": 2,
  "classes": [
    "contact",
    "no_contact"
  ],
  "pca_analysis": {
    "explained_variance_ratio": [
      0.30688126851782466,
      0.13374197952295144,
      0.1106255602766672,
      0.0884209536446144,
      0.06058280856918329,
      0.05407024327333751,
      0.032565032310213536,
      0.03224686578668941,
      0.02946324394206542,
      0.025333590725311782,
      0.023024567179541162,
      0.02263242219517858,
      0.018161690220809133,
      0.012828904517886555
    ],
    "cumulative_variance": [
      0.30688126851782466,
      0.4406232480407761,
      0.5512488083174434,
      0.6396697619620578,
      0.7002525705312411,
      0.7543228138045787,
      0.7868878461147922,
      0.8191347119014817,
      0.8485979558435471,
      0.873931546568859,
      0.8969561137484001,
      0.9195885359435787,
      0.9377502261643879,
      0.9505791306822744,
      0.9621109572489516,
      0.9706369430425011,
      0.9779444405544624,
      0.9837072349425081,
      0.9876659532881239,
      0.990229554692631,
      0.9926138294959754,
      0.994460895277926,
      0.995753593081522,
      0.9967973567709741,
      0.9977453475269206,
      0.9983427778169778,
      0.9987303643192614,
      0.9990766742593904,
      0.9993831528342556,
      0.9995670277307114,
      0.9997282659043514,
      0.9998602934929011,
      0.9999486420582557,
      0.9999939945587522,
      0.9999975289030798,
      1.0000000000000002,
      1.0000000000000002,
      1.0000000000000002
    ],
    "components_for_95_variance": 14,
    "n_components_used": 14,
    "total_explained_variance": 0.9505791306822742
  },
  "tsne_analysis": {
    "methods_tested": [
      "perplexity_5",
      "perplexity_10",
      "perplexity_20",
      "perplexity_30",
      "perplexity_50",
      "best_perplexity",
      "silhouette_score"
    ],
    "best_perplexity": 30,
    "best_silhouette_score": 0.029936261475086212,
    "perplexity_results": {
      "perplexity_5": {
        "perplexity": 5,
        "silhouette_score": 0.027638299390673637,
        "kl_divergence": 2.0085344314575195
      },
      "perplexity_10": {
        "perplexity": 10,
        "silhouette_score": 0.02718220464885235,
        "kl_divergence": 2.0615732669830322
      },
      "perplexity_20": {
        "perplexity": 20,
        "silhouette_score": 0.02993123047053814,
        "kl_divergence": 2.018267869949341
      },
      "perplexity_30": {
        "perplexity": 30,
        "silhouette_score": 0.029936261475086212,
        "kl_divergence": 1.9591938257217407
      },
      "perplexity_50": {
        "perplexity": 50,
        "silhouette_score": 0.02805444784462452,
        "kl_divergence": 1.848238229751587
      }
    }
  }
}