{
  "batch_name": "combined_datasets",
  "num_samples": 8064,
  "original_dimensions": 38,
  "num_classes": 2,
  "classes": [
    "contact",
    "no_contact"
  ],
  "pca_analysis": {
    "explained_variance_ratio": [
      0.3191732232053307,
      0.13038746288915212,
      0.11338828735100123,
      0.08720290867605203,
      0.06066527491466953,
      0.05224340131893201,
      0.03175953132382033,
      0.030789578162852473,
      0.02944487924922827,
      0.025184834814084095,
      0.022926388501046006,
      0.022480872682959094,
      0.01607140151187547,
      0.012128194842291714
    ],
    "cumulative_variance": [
      0.3191732232053307,
      0.44956068609448285,
      0.5629489734454841,
      0.6501518821215362,
      0.7108171570362057,
      0.7630605583551378,
      0.7948200896789581,
      0.8256096678418106,
      0.8550545470910388,
      0.8802393819051229,
      0.9031657704061689,
      0.9256466430891279,
      0.9417180446010034,
      0.953846239443295,
      0.9641537712230853,
      0.9725751323534952,
      0.979048978999224,
      0.9841412692706957,
      0.9878733043395603,
      0.9904402400733765,
      0.9925399779802108,
      0.9943010593522573,
      0.9956862648342002,
      0.9966825026134999,
      0.9976543205244867,
      0.9983247650418259,
      0.9987167807995679,
      0.9990572915872128,
      0.999368862926294,
      0.9995716365298195,
      0.9997320157314444,
      0.9998690618731786,
      0.9999491934592836,
      0.9999932617347383,
      0.9999972624026493,
      0.9999999999999998,
      0.9999999999999998,
      0.9999999999999998
    ],
    "components_for_95_variance": 14,
    "n_components_used": 14,
    "total_explained_variance": 0.953846239443295
  },
  "tsne_analysis": {
    "methods_tested": [
      "perplexity_5",
      "perplexity_10",
      "perplexity_20",
      "perplexity_30",
      "perplexity_50",
      "best_perplexity",
      "silhouette_score"
    ],
    "best_perplexity": 20,
    "best_silhouette_score": 0.02242015302181244,
    "perplexity_results": {
      "perplexity_5": {
        "perplexity": 5,
        "silhouette_score": 0.02011268399655819,
        "kl_divergence": 2.0456771850585938
      },
      "perplexity_10": {
        "perplexity": 10,
        "silhouette_score": 0.01954559050500393,
        "kl_divergence": 2.07877254486084
      },
      "perplexity_20": {
        "perplexity": 20,
        "silhouette_score": 0.02242015302181244,
        "kl_divergence": 2.017199993133545
      },
      "perplexity_30": {
        "perplexity": 30,
        "silhouette_score": 0.02153651788830757,
        "kl_divergence": 1.9491056203842163
      },
      "perplexity_50": {
        "perplexity": 50,
        "silhouette_score": 0.019472826272249222,
        "kl_divergence": 1.8386344909667969
      }
    }
  }
}