{
  "combined_datasets_performance": {
    "Random Forest": {
      "mean_accuracy": 0.885045128061547,
      "std_accuracy": 0.003758718710499254
    },
    "SVM (RBF)": {
      "mean_accuracy": 0.7976198351175853,
      "std_accuracy": 0.007507200828872106
    },
    "SVM (Linear)": {
      "mean_accuracy": 0.6646819652359319,
      "std_accuracy": 0.006393663715429112
    },
    "K-NN": {
      "mean_accuracy": 0.768352668070685,
      "std_accuracy": 0.008272552005017994
    },
    "Logistic Regression": {
      "mean_accuracy": 0.6557525779222477,
      "std_accuracy": 0.006283104608090257
    },
    "Gradient Boosting": {
      "mean_accuracy": 0.8256447690061673,
      "std_accuracy": 0.00723581522449005
    },
    "Extra Trees": {
      "mean_accuracy": 0.8887659817334036,
      "std_accuracy": 0.004772187506555772
    },
    "AdaBoost": {
      "mean_accuracy": 0.760168082222759,
      "std_accuracy": 0.012880814215704585
    },
    "XGBoost": {
      "mean_accuracy": 0.8880211033491836,
      "std_accuracy": 0.0029396838941954002
    },
    "Naive Bayes": {
      "mean_accuracy": 0.5474943041879026,
      "std_accuracy": 0.01581428591391022
    },
    "Quadratic Discriminant Analysis": {
      "mean_accuracy": 0.5556781208512105,
      "std_accuracy": 0.0237052008960076
    },
    "Linear Discriminant Analysis": {
      "mean_accuracy": 0.657488012257726,
      "std_accuracy": 0.010588164798583367
    },
    "Ensemble (RF + SVM)": {
      "mean_accuracy": 0.8509428665049329,
      "std_accuracy": 0.0038581671445953535
    }
  },
  "best_classifier": "Extra Trees",
  "best_accuracy": 0.8887659817334036,
  "total_samples": 8064,
  "num_features": 38,
  "datasets_combined": [
    "balanced_collected_data_runs_2026_01_15_workspace_2_squares_cutout_undersample",
    "balanced_collected_data_runs_2026_01_15_workspace_2_pure_no_contact_undersample",
    "balanced_collected_data_runs_2026_01_15_workspace_2_pure_contact_undersample",
    "balanced_collected_data_runs_2026_01_15_workspace_1_squares_cutout_undersample",
    "balanced_collected_data_runs_2026_01_15_workspace_1_pure_no_contact_undersample",
    "balanced_collected_data_runs_2026_01_15_workspace_1_pure_contact_undersample",
    "balanced_collected_data_runs_2026_01_14_workspace_3_pure_no_contact_undersample",
    "balanced_collected_data_runs_2026_01_14_workspace_3_pure_contact_undersample",
    "balanced_collected_data_runs_2025_12_15_v2_2_workspace3_squares_cutout_undersample",
    "balanced_collected_data_runs_2025_12_17_v2_workspace_3_squares_cutout_undersample"
  ]
}