{
  "batch_name": "soft_finger_batch_2",
  "num_samples": 200,
  "original_dimensions": 38,
  "num_classes": 4,
  "classes": [
    "finger blank",
    "finger bottom",
    "finger middle",
    "finger tip"
  ],
  "pca_analysis": {
    "explained_variance_ratio": [
      0.5925569210005459,
      0.06441996164814215,
      0.047664410866399436,
      0.0337441461117283,
      0.03134334570870888,
      0.029099047761948098,
      0.026637596975790757,
      0.02506470207634492,
      0.021641730436187057,
      0.018253079385831626,
      0.017923319370575785,
      0.017619995974755477,
      0.015521891480519415,
      0.014706224136490679
    ],
    "cumulative_variance": [
      0.5925569210005459,
      0.656976882648688,
      0.7046412935150874,
      0.7383854396268157,
      0.7697287853355246,
      0.7988278330974726,
      0.8254654300732633,
      0.8505301321496083,
      0.8721718625857953,
      0.8904249419716269,
      0.9083482613422027,
      0.9259682573169582,
      0.9414901487974776,
      0.9561963729339683,
      0.968921569120336,
      0.9778096652175752,
      0.9844977625646855,
      0.9894159744590426,
      0.9933854857293773,
      0.9952635585387636,
      0.9964936343096685,
      0.9974849498044592,
      0.9983561394767073,
      0.9989216101413337,
      0.9993632057119379,
      0.9996171992616997,
      0.9998174445815925,
      0.9999042789645878,
      0.9999463338383725,
      0.9999734770951241,
      0.9999955668187304,
      0.9999989515213328,
      0.9999995911002344,
      0.9999998245468434,
      0.9999999999999998,
      0.9999999999999998,
      0.9999999999999998,
      0.9999999999999998
    ],
    "components_for_95_variance": 14,
    "n_components_used": 14,
    "total_explained_variance": 0.9561963729339685
  },
  "tsne_analysis": {
    "methods_tested": [
      "perplexity_5",
      "perplexity_10",
      "perplexity_20",
      "perplexity_30",
      "perplexity_50",
      "best_perplexity",
      "silhouette_score"
    ],
    "best_perplexity": 50,
    "best_silhouette_score": 0.3926026225090027,
    "perplexity_results": {
      "perplexity_5": {
        "perplexity": 5,
        "silhouette_score": 0.2994599938392639,
        "kl_divergence": 0.8353524804115295
      },
      "perplexity_10": {
        "perplexity": 10,
        "silhouette_score": 0.3344762921333313,
        "kl_divergence": 0.7346354722976685
      },
      "perplexity_20": {
        "perplexity": 20,
        "silhouette_score": 0.359508752822876,
        "kl_divergence": 0.5544523596763611
      },
      "perplexity_30": {
        "perplexity": 30,
        "silhouette_score": 0.3812941014766693,
        "kl_divergence": 0.4246289134025574
      },
      "perplexity_50": {
        "perplexity": 50,
        "silhouette_score": 0.3926026225090027,
        "kl_divergence": 0.2729165852069855
      }
    }
  }
}