{
  "batch_name": "balanced_collected_data_runs_2026_01_15_workspace_1_squares_cutout_undersample",
  "num_samples": 290,
  "num_features": 70,
  "classes": [
    "contact",
    "no_contact"
  ],
  "class_distribution": {
    "contact": "145",
    "no_contact": "145"
  },
  "feature_statistics": {
    "features_shape": [
      290,
      70
    ],
    "labels_shape": [
      290
    ],
    "feature_mean": [
      1036.8284864406212,
      2668.895558886033,
      4724.070581896552,
      0.02461147046936997,
      9.170406522374902,
      5.291340798781326,
      6.198010910961955,
      7.114132654138526,
      15.681640993365733,
      0.005467947785228747,
      535.870150862069,
      0.08422419564991161,
      3.1283928303325377,
      0.8827731570935455,
      3.0398211882032196,
      -7.980386566032444e-05,
      7.980386566032444e-05,
      0.02653047576675127,
      0.00029692775936163,
      0.0025385363348599138,
      8.547402279952477,
      0.026301867816091958,
      0.17961355625897998,
      0.3529609667463042,
      0.00017989360203500836,
      0.00024144391605534173,
      0.0026191188893602067,
      5.118253279426962e-09,
      4.551519124261264,
      31.27112034764783,
      0.907671752416986,
      0.1235185136890103,
      0.009466701848753567,
      0.09031734570603946,
      0.1436026006937027,
      0.02653047576675127,
      0.06592834887319597,
      1.3827186696488283,
      2.8519964061934373,
      0.15777209988185045,
      4.367786111297279,
      0.6933347352619829,
      1.0368284864546735,
      2.5856851147141473,
      4.690139051269954,
      0.02281199881145905,
      0.010041858729207261,
      4.6269077323939136e-05,
      0.000618347604478035,
      0.0015583909626504214,
      0.18142928535732136,
      0.6825889715704387,
      3.5853398614916308,
      38.418142318725586,
      69.91149249898976,
      0.005859375,
      1.0,
      0.499425287352066,
      5.0137931034482754,
      3.0,
      0.24443996106756144,
      0.0019531249999999356,
      4.302027504617289,
      6.365207406625594,
      6.919139610487839,
      8.853785769692783,
      43.843973983799685,
      0.10415294540229893,
      5.114953111642732,
      48.83335030667506
    ],
    "feature_std": [
      115.57501527588687,
      119.15526746616986,
      677.2616591954512,
      0.0027758795241540676,
      2.8081325011538385,
      0.9589762044938183,
      0.37477990250475945,
      0.7207361819073813,
      3.5744477096444567,
      0.0006043554883802554,
      23.71348131146825,
      0.004533835758469264,
      1.7876704508467782,
      0.2505046793304179,
      0.20878312967564375,
      2.8904293735264793e-06,
      2.8904293735264793e-06,
      0.0034297593940381672,
      1.2787799377523656e-05,
      0.00012245530280235325,
      0.19102544032965707,
      0.0019288749705638375,
      0.00492894946468635,
      0.007756261505816328,
      5.0145110171315955e-06,
      9.993269304612953e-06,
      0.00010989781406715034,
      5.3259708862531175e-09,
      0.2820108799400221,
      2.8461266192864647,
      0.08948553153769667,
      0.012555325069070462,
      0.0012095208719364614,
      0.011001341169901565,
      0.015652127234795494,
      0.0034297593940381672,
      0.0040020731863515254,
      0.14751969182183453,
      0.11447174722304704,
      0.014030905503834047,
      0.4897805071090703,
      0.01631525205840005,
      0.1155750147372463,
      0.1168638847053713,
      0.22607952339873263,
      0.001760703478370722,
      0.0007883480836574863,
      5.9193578338824485e-06,
      5.3560737220535604e-05,
      0.00022811815358783174,
      0.00496252826349003,
      0.03669188998956004,
      0.3691158065867775,
      0.3794771754848566,
      0.5469199076908543,
      0.0,
      0.0,
      0.009770114942389784,
      0.11663127258819153,
      0.0,
      0.013149807160832595,
      6.505213034913027e-19,
      0.16413907066306258,
      0.07840571056624437,
      0.26424683795269904,
      0.827786489915841,
      3.0407172534311684,
      0.02559046222852055,
      1.8218700425223306,
      1.0013036647524012
    ],
    "feature_min": [
      628.8094253101391,
      2164.3965991483597,
      3257.8125,
      0.01518932357430458,
      0.9595706052461637,
      3.260605400994521,
      5.770125994447323,
      6.400140166838388,
      10.05146476620969,
      0.0028097904287278652,
      457.03125,
      0.03543958067893982,
      1.5,
      -0.05932148918509483,
      2.837871789932251,
      -8.911108906063855e-05,
      6.882855171705186e-05,
      0.01552748866379261,
      0.00018157179874833673,
      0.001373291015625,
      6.932940483093262,
      0.022458333333333334,
      0.16370081018518517,
      0.2986480680697714,
      0.00014209568325895816,
      0.00014908870798535645,
      0.0015914901159703732,
      3.9007332086615776e-11,
      1.8834905624389648,
      5.508792877197266,
      0.6442756051696773,
      0.01990680582821369,
      0.003772251307964325,
      0.05504140630364418,
      0.0880073755979538,
      0.01552748866379261,
      0.027917955070734024,
      0.10423851013183594,
      2.6333413124084473,
      0.041639719158411026,
      0.3413005471229553,
      0.6049181222915649,
      0.6288094261161409,
      1.6841309722842255,
      3.149691435985873,
      0.019277286408035894,
      0.008492006307222596,
      3.441746594035067e-05,
      0.0005049383034929633,
      0.0008455200586467981,
      0.16552536231884057,
      0.5719665954513463,
      1.7694895267486572,
      37.29292678833008,
      68.19507598876953,
      0.005859375,
      1.0,
      0.33333333333143705,
      5.0,
      3.0,
      0.16865862905979156,
      0.001953124999999935,
      4.042892792074877,
      6.196020014080424,
      5.306301593780518,
      2.7260544300079346,
      30.079767185922606,
      0.0344375,
      -1.8564329965982245,
      45.36691713101324
    ],
    "feature_max": [
      2143.5930874031123,
      3734.441579625033,
      9996.09375,
      0.050692103803157806,
      21.86591550294321,
      12.400411943451967,
      10.145112840871825,
      13.90982070957578,
      25.674101642714813,
      0.007308156229555607,
      644.53125,
      0.10302465409040451,
      9.8,
      1.5397573709487915,
      4.939379692077637,
      -6.882855171705186e-05,
      8.911108906063855e-05,
      0.057388078421354294,
      0.00037415497354231775,
      0.00274658203125,
      9.282915115356445,
      0.0305625,
      0.19616247106481483,
      0.4083204607119359,
      0.00021358336380217224,
      0.00029872922459617257,
      0.00286506419070065,
      3.0370305381666185e-08,
      4.75969123840332,
      33.94367980957031,
      1.3349704905444324,
      0.13597111403942108,
      0.020688574761152267,
      0.1981767863035202,
      0.29392486810684204,
      0.057388078421354294,
      0.08063136041164398,
      1.510298728942871,
      3.170562267303467,
      0.18076647818088531,
      4.948978900909424,
      0.7399545311927795,
      2.1435930917130186,
      3.442054953189079,
      6.11815899928933,
      0.026575169233058096,
      0.012027183255016576,
      9.773600322660059e-05,
      0.001254603499546647,
      0.004337320104241371,
      0.19795289855072465,
      0.871772655968447,
      4.572998523712158,
      40.98558044433594,
      71.4909896850586,
      0.005859375,
      1.0,
      0.49999999999573336,
      6.0,
      3.0,
      0.320801317691803,
      0.001953124999999935,
      5.924299362250477,
      7.016943248298768,
      8.43677043914795,
      9.814269065856934,
      53.09520602501561,
      0.19964583333333333,
      10.371730978586562,
      51.730243697555956
    ]
  }
}