{
  "batch_name": "edge_detection_v1",
  "num_samples": 630,
  "num_features": 38,
  "classes": [
    "contact",
    "edge",
    "no_contact"
  ],
  "class_distribution": {
    "contact": "210",
    "edge": "210",
    "no_contact": "210"
  },
  "cv_results": {
    "Random Forest": {
      "scores": [
        0.6349206349206349,
        0.6666666666666666,
        0.7301587301587301,
        0.6587301587301587,
        0.6111111111111112
      ],
      "mean_accuracy": 0.6603174603174603,
      "std_accuracy": 0.03996723273655291,
      "best_score": 0.7301587301587301,
      "worst_score": 0.6111111111111112
    },
    "SVM (RBF)": {
      "scores": [
        0.5793650793650794,
        0.5793650793650794,
        0.5714285714285714,
        0.48412698412698413,
        0.5079365079365079
      ],
      "mean_accuracy": 0.5444444444444445,
      "std_accuracy": 0.04034369849885346,
      "best_score": 0.5793650793650794,
      "worst_score": 0.48412698412698413
    },
    "SVM (Linear)": {
      "scores": [
        0.49206349206349204,
        0.5476190476190477,
        0.5238095238095238,
        0.5,
        0.5238095238095238
      ],
      "mean_accuracy": 0.5174603174603175,
      "std_accuracy": 0.019697894676175987,
      "best_score": 0.5476190476190477,
      "worst_score": 0.49206349206349204
    },
    "K-NN": {
      "scores": [
        0.5,
        0.4603174603174603,
        0.5,
        0.38095238095238093,
        0.5079365079365079
      ],
      "mean_accuracy": 0.4698412698412698,
      "std_accuracy": 0.047460052024527154,
      "best_score": 0.5079365079365079,
      "worst_score": 0.38095238095238093
    },
    "Logistic Regression": {
      "scores": [
        0.5158730158730159,
        0.5476190476190477,
        0.47619047619047616,
        0.47619047619047616,
        0.5238095238095238
      ],
      "mean_accuracy": 0.507936507936508,
      "std_accuracy": 0.02794732835183973,
      "best_score": 0.5476190476190477,
      "worst_score": 0.47619047619047616
    },
    "Gradient Boosting": {
      "scores": [
        0.6746031746031746,
        0.7142857142857143,
        0.6587301587301587,
        0.6825396825396826,
        0.626984126984127
      ],
      "mean_accuracy": 0.6714285714285715,
      "std_accuracy": 0.028659476325821893,
      "best_score": 0.7142857142857143,
      "worst_score": 0.626984126984127
    },
    "Linear Discriminant Analysis": {
      "scores": [
        0.5555555555555556,
        0.5714285714285714,
        0.47619047619047616,
        0.5079365079365079,
        0.5158730158730159
      ],
      "mean_accuracy": 0.5253968253968254,
      "std_accuracy": 0.03419152258498098,
      "best_score": 0.5714285714285714,
      "worst_score": 0.47619047619047616
    }
  }
}