{
  "batch_name": "edge_detection_v1",
  "num_samples": 630,
  "num_classes": 3,
  "classes": [
    "contact",
    "edge",
    "no_contact"
  ],
  "best_classifier": {
    "name": "Gradient Boosting",
    "mean_accuracy": 0.6714285714285715,
    "std_accuracy": 0.028659476325821893
  },
  "worst_classifier": {
    "name": "K-NN",
    "mean_accuracy": 0.4698412698412698,
    "std_accuracy": 0.047460052024527154
  },
  "all_classifiers_performance": {
    "Random Forest": {
      "mean_accuracy": 0.6603174603174603,
      "std_accuracy": 0.03996723273655291
    },
    "SVM (RBF)": {
      "mean_accuracy": 0.5444444444444445,
      "std_accuracy": 0.04034369849885346
    },
    "SVM (Linear)": {
      "mean_accuracy": 0.5174603174603175,
      "std_accuracy": 0.019697894676175987
    },
    "K-NN": {
      "mean_accuracy": 0.4698412698412698,
      "std_accuracy": 0.047460052024527154
    },
    "Logistic Regression": {
      "mean_accuracy": 0.507936507936508,
      "std_accuracy": 0.02794732835183973
    },
    "Gradient Boosting": {
      "mean_accuracy": 0.6714285714285715,
      "std_accuracy": 0.028659476325821893
    },
    "Linear Discriminant Analysis": {
      "mean_accuracy": 0.5253968253968254,
      "std_accuracy": 0.03419152258498098
    }
  }
}