{
  "batch_name": "collected_data_runs_2025_12_16_v1_simple",
  "num_samples": 600,
  "num_classes": 3,
  "classes": [
    "contact",
    "edge",
    "no_contact"
  ],
  "best_classifier": {
    "name": "Random Forest",
    "mean_accuracy": 0.7483333333333333,
    "std_accuracy": 0.03000000000000001
  },
  "worst_classifier": {
    "name": "K-NN",
    "mean_accuracy": 0.6233333333333333,
    "std_accuracy": 0.0690008051482815
  },
  "all_classifiers_performance": {
    "Random Forest": {
      "mean_accuracy": 0.7483333333333333,
      "std_accuracy": 0.03000000000000001
    },
    "SVM (RBF)": {
      "mean_accuracy": 0.6866666666666668,
      "std_accuracy": 0.04365266951236265
    },
    "SVM (Linear)": {
      "mean_accuracy": 0.7233333333333334,
      "std_accuracy": 0.047551142058957024
    },
    "K-NN": {
      "mean_accuracy": 0.6233333333333333,
      "std_accuracy": 0.0690008051482815
    },
    "Logistic Regression": {
      "mean_accuracy": 0.6666666666666667,
      "std_accuracy": 0.05055250296034367
    },
    "Gradient Boosting": {
      "mean_accuracy": 0.7266666666666666,
      "std_accuracy": 0.026562295750848716
    },
    "Extra Trees": {
      "mean_accuracy": 0.7366666666666666,
      "std_accuracy": 0.04034572812303402
    },
    "AdaBoost": {
      "mean_accuracy": 0.6683333333333332,
      "std_accuracy": 0.052281290471193745
    },
    "Linear Discriminant Analysis": {
      "mean_accuracy": 0.6783333333333333,
      "std_accuracy": 0.05044248650140517
    },
    "Ensemble (RF + SVM)": {
      "mean_accuracy": 0.725,
      "std_accuracy": 0.029344694769431662
    }
  }
}