{
  "best_overall": {
    "accuracy": 0.8346153846153846,
    "batch": "collected_data_runs_2025_12_11_v2_2",
    "classifier": "Random Forest"
  },
  "per_batch_performance": {
    "collected_data_runs_2025_12_11_v2_2": {
      "best_classifier": {
        "name": "Random Forest",
        "accuracy": 0.8346153846153846
      },
      "cv_performance": {
        "Random Forest": {
          "mean_accuracy": 0.8346153846153846,
          "std_accuracy": 0.00806776037053962
        },
        "SVM (RBF)": {
          "mean_accuracy": 0.6815384615384616,
          "std_accuracy": 0.0015384615384615333
        },
        "SVM (Linear)": {
          "mean_accuracy": 0.6815384615384616,
          "std_accuracy": 0.0015384615384615333
        },
        "K-NN": {
          "mean_accuracy": 0.6746153846153845,
          "std_accuracy": 0.021838568563966758
        },
        "Logistic Regression": {
          "mean_accuracy": 0.6815384615384616,
          "std_accuracy": 0.003768445758127953
        },
        "Gradient Boosting": {
          "mean_accuracy": 0.7923076923076924,
          "std_accuracy": 0.01354370527819924
        },
        "Linear Discriminant Analysis": {
          "mean_accuracy": 0.6807692307692308,
          "std_accuracy": 0.0054392829322041925
        }
      },
      "num_classifiers_tested": 7
    }
  },
  "total_batches": 1,
  "cross_batch_results": {}
}