{
  "best_overall": {
    "accuracy": 1.0,
    "batch": "balanced_collected_data_runs_2026_01_15_workspace_2_pure_no_contact_undersample",
    "classifier": "Random Forest"
  },
  "per_batch_performance": {
    "balanced_collected_data_runs_2026_01_15_workspace_2_squares_cutout_undersample": {
      "best_classifier": {
        "name": "Random Forest",
        "accuracy": 0.5972222222222222
      },
      "cv_performance": {
        "Random Forest": {
          "mean_accuracy": 0.5972222222222222,
          "std_accuracy": 0.029133579115837565
        },
        "SVM (RBF)": {
          "mean_accuracy": 0.5527777777777778,
          "std_accuracy": 0.07317744373510827
        },
        "SVM (Linear)": {
          "mean_accuracy": 0.5472222222222223,
          "std_accuracy": 0.040824829046386304
        },
        "K-NN": {
          "mean_accuracy": 0.5222222222222223,
          "std_accuracy": 0.02576005137637696
        },
        "Logistic Regression": {
          "mean_accuracy": 0.5527777777777778,
          "std_accuracy": 0.03767961101736259
        },
        "Gradient Boosting": {
          "mean_accuracy": 0.5916666666666667,
          "std_accuracy": 0.02721655269759084
        },
        "Extra Trees": {
          "mean_accuracy": 0.5555555555555556,
          "std_accuracy": 0.05892556509887897
        },
        "AdaBoost": {
          "mean_accuracy": 0.5805555555555555,
          "std_accuracy": 0.032155102507750624
        },
        "XGBoost": {
          "mean_accuracy": 0.5638888888888889,
          "std_accuracy": 0.038888888888888896
        },
        "Naive Bayes": {
          "mean_accuracy": 0.5083333333333334,
          "std_accuracy": 0.04267303193260338
        },
        "Quadratic Discriminant Analysis": {
          "mean_accuracy": 0.5666666666666667,
          "std_accuracy": 0.03447131568330794
        },
        "Linear Discriminant Analysis": {
          "mean_accuracy": 0.5666666666666667,
          "std_accuracy": 0.04598040377013013
        },
        "Ensemble (RF + SVM)": {
          "mean_accuracy": 0.5944444444444446,
          "std_accuracy": 0.04157397096415488
        }
      },
      "num_classifiers_tested": 13
    },
    "balanced_collected_data_runs_2026_01_15_workspace_2_pure_no_contact_undersample": {
      "best_classifier": {
        "name": "Random Forest",
        "accuracy": 1.0
      },
      "cv_performance": {
        "Random Forest": {
          "mean_accuracy": 1.0,
          "std_accuracy": 0.0
        },
        "K-NN": {
          "mean_accuracy": 1.0,
          "std_accuracy": 0.0
        },
        "Extra Trees": {
          "mean_accuracy": 1.0,
          "std_accuracy": 0.0
        },
        "AdaBoost": {
          "mean_accuracy": 1.0,
          "std_accuracy": 0.0
        },
        "Naive Bayes": {
          "mean_accuracy": 1.0,
          "std_accuracy": 0.0
        },
        "Linear Discriminant Analysis": {
          "mean_accuracy": 1.0,
          "std_accuracy": 0.0
        }
      },
      "num_classifiers_tested": 13
    },
    "balanced_collected_data_runs_2026_01_15_workspace_2_pure_contact_undersample": {
      "best_classifier": {
        "name": "Random Forest",
        "accuracy": 1.0
      },
      "cv_performance": {
        "Random Forest": {
          "mean_accuracy": 1.0,
          "std_accuracy": 0.0
        },
        "K-NN": {
          "mean_accuracy": 1.0,
          "std_accuracy": 0.0
        },
        "Extra Trees": {
          "mean_accuracy": 1.0,
          "std_accuracy": 0.0
        },
        "AdaBoost": {
          "mean_accuracy": 1.0,
          "std_accuracy": 0.0
        },
        "Naive Bayes": {
          "mean_accuracy": 1.0,
          "std_accuracy": 0.0
        },
        "Linear Discriminant Analysis": {
          "mean_accuracy": 1.0,
          "std_accuracy": 0.0
        }
      },
      "num_classifiers_tested": 13
    }
  },
  "total_batches": 3,
  "cross_batch_results": {
    "balanced_collected_data_runs_2026_01_15_workspace_2_squares_cutout_undersample_to_balanced_collected_data_runs_2026_01_15_workspace_2_pure_no_contact_undersample": {
      "Random Forest": {
        "accuracy": 0.0027272727272727275,
        "train_samples": 360,
        "test_samples": 1100
      },
      "SVM (RBF)": {
        "accuracy": 1.0,
        "train_samples": 360,
        "test_samples": 1100
      },
      "SVM (Linear)": {
        "accuracy": 1.0,
        "train_samples": 360,
        "test_samples": 1100
      },
      "K-NN": {
        "accuracy": 0.22090909090909092,
        "train_samples": 360,
        "test_samples": 1100
      },
      "Logistic Regression": {
        "accuracy": 1.0,
        "train_samples": 360,
        "test_samples": 1100
      },
      "Gradient Boosting": {
        "accuracy": 0.21818181818181817,
        "train_samples": 360,
        "test_samples": 1100
      },
      "Extra Trees": {
        "accuracy": 0.007272727272727273,
        "train_samples": 360,
        "test_samples": 1100
      },
      "AdaBoost": {
        "accuracy": 0.8772727272727273,
        "train_samples": 360,
        "test_samples": 1100
      },
      "XGBoost": {
        "accuracy": 0.9181818181818182,
        "train_samples": 360,
        "test_samples": 1100
      },
      "Naive Bayes": {
        "accuracy": 1.0,
        "train_samples": 360,
        "test_samples": 1100
      },
      "Quadratic Discriminant Analysis": {
        "accuracy": 0.011818181818181818,
        "train_samples": 360,
        "test_samples": 1100
      },
      "Linear Discriminant Analysis": {
        "accuracy": 1.0,
        "train_samples": 360,
        "test_samples": 1100
      },
      "Ensemble (RF + SVM)": {
        "accuracy": 0.0027272727272727275,
        "train_samples": 360,
        "test_samples": 1100
      }
    },
    "balanced_collected_data_runs_2026_01_15_workspace_2_squares_cutout_undersample_to_balanced_collected_data_runs_2026_01_15_workspace_2_pure_contact_undersample": {
      "Random Forest": {
        "accuracy": 0.9966101694915255,
        "train_samples": 360,
        "test_samples": 885
      },
      "SVM (RBF)": {
        "accuracy": 0.0,
        "train_samples": 360,
        "test_samples": 885
      },
      "SVM (Linear)": {
        "accuracy": 0.0,
        "train_samples": 360,
        "test_samples": 885
      },
      "K-NN": {
        "accuracy": 0.8395480225988701,
        "train_samples": 360,
        "test_samples": 885
      },
      "Logistic Regression": {
        "accuracy": 0.0,
        "train_samples": 360,
        "test_samples": 885
      },
      "Gradient Boosting": {
        "accuracy": 0.7728813559322034,
        "train_samples": 360,
        "test_samples": 885
      },
      "Extra Trees": {
        "accuracy": 0.9740112994350283,
        "train_samples": 360,
        "test_samples": 885
      },
      "AdaBoost": {
        "accuracy": 0.23728813559322035,
        "train_samples": 360,
        "test_samples": 885
      },
      "XGBoost": {
        "accuracy": 0.15706214689265538,
        "train_samples": 360,
        "test_samples": 885
      },
      "Naive Bayes": {
        "accuracy": 0.0,
        "train_samples": 360,
        "test_samples": 885
      },
      "Quadratic Discriminant Analysis": {
        "accuracy": 0.9988700564971752,
        "train_samples": 360,
        "test_samples": 885
      },
      "Linear Discriminant Analysis": {
        "accuracy": 0.0,
        "train_samples": 360,
        "test_samples": 885
      },
      "Ensemble (RF + SVM)": {
        "accuracy": 0.9875706214689266,
        "train_samples": 360,
        "test_samples": 885
      }
    },
    "balanced_collected_data_runs_2026_01_15_workspace_2_pure_no_contact_undersample_to_balanced_collected_data_runs_2026_01_15_workspace_2_squares_cutout_undersample": {
      "Random Forest": {
        "accuracy": 0.5,
        "train_samples": 1100,
        "test_samples": 360
      },