{
  "best_overall": {
    "accuracy": 0.7483333333333333,
    "batch": "collected_data_runs_2025_12_16_v1_simple",
    "classifier": "Random Forest"
  },
  "per_batch_performance": {
    "collected_data_runs_2025_12_16_v1_simple": {
      "best_classifier": {
        "name": "Random Forest",
        "accuracy": 0.7483333333333333
      },
      "cv_performance": {
        "Random Forest": {
          "mean_accuracy": 0.7483333333333333,
          "std_accuracy": 0.03000000000000001
        },
        "SVM (RBF)": {
          "mean_accuracy": 0.6866666666666668,
          "std_accuracy": 0.04365266951236265
        },
        "SVM (Linear)": {
          "mean_accuracy": 0.7233333333333334,
          "std_accuracy": 0.047551142058957024
        },
        "K-NN": {
          "mean_accuracy": 0.6233333333333333,
          "std_accuracy": 0.0690008051482815
        },
        "Logistic Regression": {
          "mean_accuracy": 0.6666666666666667,
          "std_accuracy": 0.05055250296034367
        },
        "Gradient Boosting": {
          "mean_accuracy": 0.7266666666666666,
          "std_accuracy": 0.026562295750848716
        },
        "Linear Discriminant Analysis": {
          "mean_accuracy": 0.6783333333333333,
          "std_accuracy": 0.05044248650140517
        },
        "Ensemble (RF + SVM)": {
          "mean_accuracy": 0.725,
          "std_accuracy": 0.029344694769431662
        }
      },
      "num_classifiers_tested": 8
    }
  },
  "total_batches": 1,
  "cross_batch_results": {}
}