{
  "best_overall": {
    "accuracy": 0.7661801242236025,
    "batch": "collected_data_runs_2025_12_11_v2",
    "classifier": "Random Forest"
  },
  "per_batch_performance": {
    "collected_data_runs_2025_12_11_v2": {
      "best_classifier": {
        "name": "Random Forest",
        "accuracy": 0.7661801242236025
      },
      "cv_performance": {
        "Random Forest": {
          "mean_accuracy": 0.7661801242236025,
          "std_accuracy": 0.014834321574060389
        },
        "SVM (RBF)": {
          "mean_accuracy": 0.6890605590062111,
          "std_accuracy": 0.005168755305013921
        },
        "SVM (Linear)": {
          "mean_accuracy": 0.6878260869565217,
          "std_accuracy": 0.006545063290593536
        },
        "K-NN": {
          "mean_accuracy": 0.6679114906832299,
          "std_accuracy": 0.011460521519086659
        },
        "Logistic Regression": {
          "mean_accuracy": 0.685333850931677,
          "std_accuracy": 0.009739887491966158
        },
        "Gradient Boosting": {
          "mean_accuracy": 0.7549767080745341,
          "std_accuracy": 0.013903205053498114
        },
        "Linear Discriminant Analysis": {
          "mean_accuracy": 0.6119875776397515,
          "std_accuracy": 0.022363353821631054
        }
      },
      "num_classifiers_tested": 7
    }
  },
  "total_batches": 1,
  "cross_batch_results": {}
}