{
  "batch_name": "balanced_collected_data_2025_12_15_v2_undersample",
  "num_samples": 840,
  "original_dimensions": 38,
  "num_classes": 3,
  "classes": [
    "contact",
    "edge",
    "no_contact"
  ],
  "pca_analysis": {
    "explained_variance_ratio": [
      0.4177369546712869,
      0.10338420701968873,
      0.09376385513540382,
      0.07671467855572302,
      0.052103450219468175,
      0.04315319662731989,
      0.029700623702578963,
      0.029173220944278967,
      0.026122524672236684,
      0.02473499568434489,
      0.022728699626311067,
      0.021168346429852297,
      0.013161161253417044
    ],
    "cumulative_variance": [
      0.4177369546712869,
      0.5211211616909757,
      0.6148850168263795,
      0.6915996953821025,
      0.7437031456015707,
      0.7868563422288906,
      0.8165569659314695,
      0.8457301868757485,
      0.8718527115479852,
      0.8965877072323301,
      0.9193164068586411,
      0.9404847532884935,
      0.9536459145419105,
      0.9642674491149413,
      0.971396707102237,
      0.9766886896498578,
      0.9807919910781251,
      0.9844644345624524,
      0.987335042383277,
      0.9900548016802114,
      0.9923265324251214,
      0.9943594231798729,
      0.9959930579526777,
      0.9972602250704498,
      0.9979994484318755,
      0.9986597523437267,
      0.9990640879155361,
      0.9994323412185212,
      0.99967871203559,
      0.9998509641409961,
      0.9999255514500119,
      0.9999655773334816,
      0.9999833023717645,
      0.9999944533756419,
      0.9999981697986718,
      0.9999999999999992,
      0.9999999999999992,
      0.9999999999999992
    ],
    "components_for_95_variance": 13,
    "n_components_used": 13,
    "total_explained_variance": 0.9536459145419105
  },
  "tsne_analysis": {
    "methods_tested": [
      "perplexity_5",
      "perplexity_10",
      "perplexity_20",
      "perplexity_30",
      "perplexity_50",
      "best_perplexity",
      "silhouette_score"
    ],
    "best_perplexity": 5,
    "best_silhouette_score": -0.02784876339137554,
    "perplexity_results": {
      "perplexity_5": {
        "perplexity": 5,
        "silhouette_score": -0.02784876339137554,
        "kl_divergence": 1.2474852800369263
      },
      "perplexity_10": {
        "perplexity": 10,
        "silhouette_score": -0.032857686281204224,
        "kl_divergence": 1.2855932712554932
      },
      "perplexity_20": {
        "perplexity": 20,
        "silhouette_score": -0.03467172384262085,
        "kl_divergence": 1.2338666915893555
      },
      "perplexity_30": {
        "perplexity": 30,
        "silhouette_score": -0.035416483879089355,
        "kl_divergence": 1.147867202758789
      },
      "perplexity_50": {
        "perplexity": 50,
        "silhouette_score": -0.038100868463516235,
        "kl_divergence": 1.0224547386169434
      }
    }
  }
}