{
  "batch_name": "balanced_collected_data_runs_2026_01_15_workspace_1_squares_cutout_undersample",
  "num_samples": 290,
  "num_features": 38,
  "classes": [
    "contact",
    "no_contact"
  ],
  "class_distribution": {
    "contact": "145",
    "no_contact": "145"
  },
  "feature_statistics": {
    "features_shape": [
      290,
      38
    ],
    "labels_shape": [
      290
    ],
    "feature_mean": [
      1036.8284864406212,
      2668.895558886033,
      4724.070581896552,
      0.02461147046936997,
      9.170406522374902,
      5.291340798781326,
      6.198010910961955,
      7.114132654138526,
      15.681640993365733,
      0.005467947785228747,
      535.870150862069,
      0.08422419564991161,
      3.1283928303325377,
      0.8827731570935455,
      3.0398211882032196,
      -7.980386566032444e-05,
      7.980386566032444e-05,
      0.02653047576675127,
      0.00029692775936163,
      0.0025385363348599138,
      8.547402279952477,
      0.026301867816091958,
      0.17961355625897998,
      0.3529609667463042,
      0.00017989360203500836,
      0.00024144391605534173,
      0.0026191188893602067,
      5.118253279426962e-09,
      4.551519124261264,
      31.27112034764783,
      0.907671752416986,
      0.1235185136890103,
      0.009466701848753567,
      0.09031734570603946,
      0.1436026006937027,
      0.02653047576675127,
      0.06592834887319597,
      1.3827186696488283
    ],
    "feature_std": [
      115.57501527588687,
      119.15526746616986,
      677.2616591954512,
      0.0027758795241540676,
      2.8081325011538385,
      0.9589762044938183,
      0.37477990250475945,
      0.7207361819073813,
      3.5744477096444567,
      0.0006043554883802554,
      23.71348131146825,
      0.004533835758469264,
      1.7876704508467782,
      0.2505046793304179,
      0.20878312967564375,
      2.8904293735264793e-06,
      2.8904293735264793e-06,
      0.0034297593940381672,
      1.2787799377523656e-05,
      0.00012245530280235325,
      0.19102544032965707,
      0.0019288749705638375,
      0.00492894946468635,
      0.007756261505816328,
      5.0145110171315955e-06,
      9.993269304612953e-06,
      0.00010989781406715034,
      5.3259708862531175e-09,
      0.2820108799400221,
      2.8461266192864647,
      0.08948553153769667,
      0.012555325069070462,
      0.0012095208719364614,
      0.011001341169901565,
      0.015652127234795494,
      0.0034297593940381672,
      0.0040020731863515254,
      0.14751969182183453
    ],
    "feature_min": [
      628.8094253101391,
      2164.3965991483597,
      3257.8125,
      0.01518932357430458,
      0.9595706052461637,
      3.260605400994521,
      5.770125994447323,
      6.400140166838388,
      10.05146476620969,
      0.0028097904287278652,
      457.03125,
      0.03543958067893982,
      1.5,
      -0.05932148918509483,
      2.837871789932251,
      -8.911108906063855e-05,
      6.882855171705186e-05,
      0.01552748866379261,
      0.00018157179874833673,
      0.001373291015625,
      6.932940483093262,
      0.022458333333333334,
      0.16370081018518517,
      0.2986480680697714,
      0.00014209568325895816,
      0.00014908870798535645,
      0.0015914901159703732,
      3.9007332086615776e-11,
      1.8834905624389648,
      5.508792877197266,
      0.6442756051696773,
      0.01990680582821369,
      0.003772251307964325,
      0.05504140630364418,
      0.0880073755979538,
      0.01552748866379261,
      0.027917955070734024,
      0.10423851013183594
    ],
    "feature_max": [
      2143.5930874031123,
      3734.441579625033,
      9996.09375,
      0.050692103803157806,
      21.86591550294321,
      12.400411943451967,
      10.145112840871825,
      13.90982070957578,
      25.674101642714813,
      0.007308156229555607,
      644.53125,
      0.10302465409040451,
      9.8,
      1.5397573709487915,
      4.939379692077637,
      -6.882855171705186e-05,
      8.911108906063855e-05,
      0.057388078421354294,
      0.00037415497354231775,
      0.00274658203125,
      9.282915115356445,
      0.0305625,
      0.19616247106481483,
      0.4083204607119359,
      0.00021358336380217224,
      0.00029872922459617257,
      0.00286506419070065,
      3.0370305381666185e-08,
      4.75969123840332,
      33.94367980957031,
      1.3349704905444324,
      0.13597111403942108,
      0.020688574761152267,
      0.1981767863035202,
      0.29392486810684204,
      0.057388078421354294,
      0.08063136041164398,
      1.510298728942871
    ]
  }
}