{
  "batch_name": "soft_finger_batch_1",
  "num_samples": 200,
  "num_features": 38,
  "num_classes": 4,
  "test_accuracy": 0,
  "model_performance": {
    "overall_accuracy": 0.949999988079071,
    "per_class_accuracy": {
      "0": 1.0,
      "1": 0.800000011920929,
      "2": 1.0,
      "3": 1.0
    }
  },
  "feature_analysis": {
    "consistently_important": [],
    "method_specific": {},
    "feature_groups": {
      "basic_gradients": {
        "acoustic_importance": 0.07877160089188501,
        "impulse_importance": 0.0,
        "acoustic_vs_impulse_ratio": Infinity
      }
    }
  },
  "saliency_maps_summary": {
    "basic_gradients": {
      "gradients": "[[ 3.43515608e-03  7.16784317e-03 -1.12498703e-04 -1.30253832e-03\n   2.53498484e-03  1.45985221e-03  5.39038214e-04  3.91526497e-04\n   3.89102590e-03 -5.51896077e-03 -1.84632256e-03 -5.92505559e-03\n   2.81773112e-03  7.01092975e-03  2.32947129e-03  7.61147914e-03\n  -8.50536581e-03 -1.36684906e-03 -7.14091002e-04  7.40899006e-04\n   1.67669880e-03 -1.00814842e-03 -1.95430499e-03 -1.52945693e-03\n  -3.86542222e-03 -1.63282093e-03  4.49538184e-03  3.59459477e-03\n   3.95838264e-03  4.55632899e-03  2.59755156e-03 -7.65835342e-04\n  -7.52241258e-03 -1.95397739e-03 -2.04788265e-03 -8.76714883e-04\n  -7.27648265e-04 -9.68511391e-04]\n [ 1.96268521e-02  5.74733615e-02 -6.11946685e-04  2.06027217e-02\n   2.24276781e-02 -3.06616444e-03  2.05028523e-03 -5.84203424e-03\n   5.40965528e-04 -4.40212060e-03 -2.82250158e-03 -1.66823767e-04\n  -3.94250499e-03  1.73473563e-02  2.47166445e-03 -3.17278062e-03\n   1.43443886e-03  3.01673450e-02  1.77738760e-02  2.07564980e-03\n   6.39050640e-03  5.89676807e-03  2.55415160e-02  9.44622420e-03\n   2.58959201e-03 -7.09373679e-04 -1.11051491e-02  6.41656294e-03\n   9.08649527e-03  1.05295274e-02 -8.93181283e-03 -6.95161568e-03\n  -3.87847237e-03 -1.10218953e-02 -1.16093466e-02  3.57206725e-02\n   2.10473798e-02  4.40528290e-03]\n [-4.29824620e-01 -1.19740784e+00 -4.24714237e-02 -5.84099054e-01\n  -4.41759825e-01  9.45282057e-02 -9.78971198e-02  1.01146854e-01\n  -8.55067652e-03  2.26418689e-01  1.20162405e-01  1.82891786e-01\n   1.22046113e-01 -5.70503950e-01 -6.16310760e-02  1.27723962e-02\n   4.22217995e-02 -4.64825034e-01 -3.19706857e-01 -1.35228544e-01\n  -2.93592662e-02 -6.15833923e-02 -2.89131492e-01 -1.15454979e-01\n  -4.92931716e-02  8.82778019e-02  1.78203404e-01 -1.32449895e-01\n  -2.51218647e-01 -1.22595757e-01  6.03270754e-02  2.51373142e-01\n   1.41140684e-01  2.43314445e-01  2.98812807e-01 -6.98268056e-01\n  -3.34228665e-01 -1.35592610e-01]\n [-3.10722068e-02 -6.95697144e-02 -4.25526919e-03 -1.13181705e-02\n  -1.59530360e-02  2.75886199e-03  6.30489830e-03 -1.31540811e-02\n  -7.93628488e-03  2.71870159e-02  8.77407007e-03  4.19685617e-02\n  -1.29016424e-02 -6.48539141e-02 -2.47747842e-02 -3.19473036e-02\n   3.98019366e-02 -3.75960511e-03  6.37078611e-03 -4.05573426e-03\n   3.09012947e-04 -5.50102536e-03  7.17941392e-03  1.41702155e-02\n   2.54415255e-02  1.15335761e-02 -2.13453695e-02 -2.43477058e-02\n  -3.82719077e-02 -1.86461136e-02 -1.41389703e-03  9.43525881e-03\n   3.67659815e-02  3.03198863e-03  5.14111109e-03 -6.55992143e-03\n   1.83917154e-02  7.54249655e-03]\n [ 4.92574461e-03  1.22232558e-02 -3.51761817e-04  5.22767426e-03\n   4.64380113e-03 -1.14624226e-03  5.78991778e-04 -9.72276262e-04\n   1.38885633e-04 -1.68917817e-03 -1.32400863e-04 -7.63399061e-04\n  -1.20377715e-03  4.23651608e-03  9.39754886e-04 -6.30081573e-04\n   1.16240524e-04  6.05965359e-03  3.64105077e-03  1.10318244e-03\n   6.63169485e-04  1.07553322e-03  4.72566532e-03  1.24376139e-03\n   5.86431241e-04 -2.22455215e-04 -2.34963465e-03  1.19458709e-03\n   2.14017136e-03  1.74684660e-03 -1.40806253e-03 -1.58857438e-03\n  -8.19816487e-04 -2.24975846e-03 -2.49993056e-03  7.11081270e-03\n   3.69182182e-03  1.24127057e-03]\n [ 2.15935223e-02  5.69754206e-02 -3.65701015e-03  2.08561197e-02\n   2.26526409e-02 -6.30453043e-03  3.84099968e-03 -4.21266677e-03\n   7.36833084e-03 -7.00431690e-03  6.86087646e-04  6.47127978e-04\n  -5.14941430e-03  1.57753751e-02  4.64940630e-03 -2.57668179e-03\n   2.60646397e-04  2.94206180e-02  1.60014555e-02  6.77772192e-03\n   4.75796917e-03  7.72605743e-03  2.50250027e-02  7.01960875e-03\n   9.42972954e-03  2.65488354e-03 -6.73084287e-03  7.55301770e-03\n   1.01335850e-02  1.03673069e-02 -1.02652423e-03 -8.79387278e-03\n  -5.57875494e-03 -9.32388846e-03 -1.49633419e-02  3.09971701e-02\n   1.93528049e-02  7.00069871e-03]\n [ 1.66948557e-01  5.22162855e-01 -5.66638773e-03  1.72062159e-01\n   2.54583329e-01 -9.87579525e-02  6.06769836e-03 -6.70389161e-02\n   6.00567944e-02 -3.52085978e-02  4.47751582e-03  3.33291420e-04\n  -8.73544514e-02  1.45935699e-01  2.52742749e-02 -3.93995941e-02\n   2.27299035e-02  2.32452229e-01  1.67327553e-01  2.98344400e-02\n  -1.70525536e-03  1.17634855e-01  2.60262609e-01  8.18582922e-02\n   8.02258849e-02  3.91826406e-02 -1.15476221e-01  8.95630792e-02\n   9.80297849e-02  9.37084332e-02 -1.78635549e-02 -9.33508426e-02\n  -6.46034852e-02 -1.00135900e-01 -1.38171270e-01  3.00321937e-01\n   1.91401422e-01  8.46573114e-02]\n [ 6.75867638e-03  1.66772958e-02 -4.28036728e-04  7.14761904e-03\n   6.36667898e-03 -1.16295426e-03  8.63242021e-04 -1.43013452e-03\n  -4.49012412e-04 -1.85668992e-03 -2.02616895e-04 -7.72848027e-04\n  -1.52328296e-03  5.82707673e-03  8.82598921e-04 -1.15114765e-03\n   5.86095848e-04  8.49342812e-03  5.01761027e-03  1.27378968e-03\n   1.04374217e-03  1.28757954e-03  6.90286001e-03  2.11500027e-03\n   6.85619016e-04 -4.10641922e-04 -3.44444741e-03  1.33244169e-03\n   2.52147764e-03  2.04632804e-03 -2.56746169e-03 -1.65094330e-03\n  -1.48402352e-03 -2.89221155e-03 -3.58810066e-03  1.02258120e-02\n   5.06490003e-03  1.74685894e-03]\n [-1.95376333e-02 -5.70352636e-02 -2.17299070e-03 -2.46463586e-02\n  -2.36981157e-02  1.20489746e-02  3.82721541e-03  6.60495786e-03\n  -1.02374591e-02  5.40680578e-03 -1.70124273e-04  8.04993045e-03\n   7.37128966e-03 -2.66360678e-02 -1.89299183e-03  3.62723949e-03\n  -4.59063938e-03 -2.31445078e-02 -1.64367035e-02 -8.48857500e-03\n  -4.70422703e-04 -1.63162705e-02 -2.26286147e-02 -8.56118463e-03\n  -7.98472762e-03 -2.23738910e-03  1.25446534e-02 -1.24825826e-02\n  -1.58966426e-02 -7.41803320e-03 -4.14873102e-05  1.14690261e-02\n   4.72697476e-03  8.59288964e-03  1.81263518e-02 -3.14449407e-02\n  -2.04717275e-02 -1.27026886e-02]\n [-5.91223240e-01 -1.09851682e+00 -5.76942153e-02  1.18492566e-01\n  -9.48546454e-02 -8.90847296e-02  1.41925007e-01 -1.75733417e-01\n  -3.72881919e-01  5.74648380e-01  9.34115648e-02  9.17479634e-01\n  -4.01358545e-01 -1.36201680e+00 -4.09456819e-01 -1.08328021e+00\n   9.87050951e-01  1.51069865e-01  2.99517334e-01 -1.80666775e-01\n  -7.03596398e-02 -6.97642267e-02  3.99903387e-01  1.43580720e-01\n   5.91176867e-01  2.77746528e-01 -4.06669348e-01 -4.63507861e-01\n  -5.77840149e-01 -4.14488912e-01 -1.19429253e-01  1.24274381e-01\n   9.25706387e-01  1.59093305e-01  1.91118807e-01  1.81294665e-01\n   2.76178956e-01  1.76421091e-01]]",
      "mean_absolute_gradient": "[0.12949462 0.30952096 0.01174215 0.09657549 0.08894747 0.03103185\n 0.02638945 0.03765269 0.04720514 0.08893408 0.02326856 0.11589985\n 0.06456687 0.22201438 0.05343028 0.11861689 0.1107298  0.09507591\n 0.08525073 0.03702453 0.01167357 0.02877938 0.10432549 0.03849794\n 0.0771279  0.04246081 0.07623644 0.07424423 0.10090972 0.06861036\n 0.02156067 0.05096535 0.1192227  0.05416103 0.06860789 0.13028206\n 0.0890557  0.04322788]",
      "std_gradient": "[0.22191742 0.5120647  0.01955164 0.19463325 0.16246314 0.05103362\n 0.05419809 0.06581119 0.11497664 0.17974257 0.04281388 0.27317882\n 0.13013765 0.43281803 0.12307434 0.3235404  0.29349104 0.17182231\n 0.1475285  0.06613892 0.02263991 0.04780173 0.17201199 0.06266929\n 0.17806162 0.08334573 0.14052086 0.14625324 0.1874007  0.13299775\n 0.04185012 0.08925503 0.2788469  0.09308214 0.11578517 0.24720907\n 0.14933304 0.07428316]"
    },