{
  "batch_name": "soft_finger_batch_1",
  "num_samples": 200,
  "num_features": 38,
  "num_classes": 4,
  "test_accuracy": 0,
  "model_performance": {
    "overall_accuracy": 0.949999988079071,
    "per_class_accuracy": {
      "0": 0.8999999761581421,
      "1": 0.8999999761581421,
      "2": 1.0,
      "3": 1.0
    }
  },
  "feature_analysis": {
    "consistently_important": [],
    "method_specific": {},
    "feature_groups": {
      "basic_gradients": {
        "acoustic_importance": 0.07878238894045353,
        "impulse_importance": 0.0,
        "acoustic_vs_impulse_ratio": Infinity
      }
    }
  },
  "saliency_maps_summary": {
    "basic_gradients": {
      "gradients": "[[ 6.57981187e-02  2.01699093e-01  2.55256332e-02  1.01912767e-01\n   7.12584853e-02 -9.59161203e-03  7.52937607e-03 -7.99464155e-03\n   1.35887647e-02 -5.81359118e-03 -4.11761412e-03 -2.22567525e-02\n  -3.46276946e-02  7.13420287e-02  2.43132859e-02 -1.67041318e-03\n   6.33026753e-03  1.07716739e-01  2.28298195e-02  3.76776829e-02\n   9.95391310e-05  3.90971676e-02  1.06189929e-01  4.10746522e-02\n   4.73831855e-02  3.86468205e-03 -3.82545255e-02  2.73617301e-02\n   1.89211611e-02  4.26299870e-02  4.68577854e-02 -4.53562364e-02\n  -1.50663117e-02 -4.00596932e-02 -6.59118816e-02  1.12052947e-01\n   4.68178801e-02  4.90026399e-02]\n [-7.71471020e-03 -2.09961515e-02 -1.50868460e-03 -1.14947539e-02\n  -6.91359630e-03  2.56314874e-04 -4.81261610e-04  1.72293966e-03\n  -5.38677257e-03  2.25452636e-03  8.60157743e-05  1.25515659e-03\n   4.12243418e-03 -6.12621941e-03 -3.20977601e-03 -1.76851277e-03\n  -1.21442962e-03 -1.14394920e-02 -2.66884686e-03 -4.15432919e-03\n   1.28250825e-03 -5.30788908e-03 -8.26033298e-03 -2.77942093e-03\n  -7.18617206e-03 -2.70926347e-03  5.48841571e-03 -5.33155771e-03\n  -6.83573354e-03 -6.48849644e-03 -2.33323383e-03  4.93887952e-03\n   5.02749719e-03  5.06550306e-03  8.03968310e-03 -1.19459517e-02\n  -9.06008948e-03 -7.21332803e-03]\n [-3.02623987e-01 -1.04610229e+00 -7.41627589e-02 -5.90277910e-01\n  -3.53383511e-01  1.15748383e-01 -2.08670795e-02  8.21153522e-02\n  -9.17925462e-02  4.18756343e-02  5.80890849e-02  1.22025415e-01\n   2.06813872e-01 -3.06146294e-01 -2.24477440e-01  6.84948862e-02\n  -5.25508039e-02 -5.38575470e-01 -6.16519153e-02 -1.79971486e-01\n   1.41891129e-02 -2.14181870e-01 -5.11752486e-01 -1.85845643e-01\n  -3.20273042e-01 -1.09947577e-01  2.43817419e-01 -2.25325271e-01\n  -2.02394798e-01 -2.19524473e-01 -2.21119478e-01  2.40238845e-01\n   1.62151814e-01  2.42072120e-01  3.33997637e-01 -6.49364948e-01\n  -3.99115741e-01 -2.82467872e-01]\n [ 1.26994532e-02  1.53140463e-02 -1.02481041e-02 -1.09701017e-02\n   5.51042147e-03  3.12208245e-03  1.95379881e-03  5.31352824e-03\n   9.62637085e-03 -1.76137630e-02  3.53840156e-03 -2.13414617e-02\n   1.83947105e-02  3.48067395e-02  5.85814193e-03  3.21328565e-02\n  -3.59425358e-02 -8.78849719e-03  8.87720496e-04 -3.20664491e-03\n   9.32890736e-03 -3.82548198e-03 -1.17613282e-02 -1.34536698e-02\n  -2.42067985e-02 -1.56836472e-02  2.44537815e-02  4.69021965e-03\n   6.11228356e-03  7.72738247e-04  5.34982234e-03  3.65862809e-03\n  -2.31681410e-02  1.72544888e-03 -5.11702942e-03 -1.09164333e-02\n  -2.07467601e-02 -8.52312334e-03]\n [-1.25993863e-01 -3.80514055e-01 -4.60881144e-02 -2.11214378e-01\n  -1.30829990e-01  4.69885729e-02 -1.21801309e-02  3.72285806e-02\n  -4.25488316e-02  2.26628724e-02 -4.45975689e-03  4.74521033e-02\n   8.23419839e-02 -1.18618093e-01 -5.78826144e-02  1.04617691e-02\n  -2.23276224e-02 -2.08262280e-01 -5.12319356e-02 -8.36873651e-02\n   3.64445848e-03 -6.70860112e-02 -2.16921136e-01 -7.56039843e-02\n  -1.18972316e-01 -5.18875010e-02  8.03011209e-02 -7.02604279e-02\n  -6.49465546e-02 -9.37815681e-02 -7.06960037e-02  7.99452737e-02\n   3.60867940e-02  9.94191021e-02  1.29691288e-01 -2.34232754e-01\n  -1.25615761e-01 -8.54151770e-02]\n [-6.70934990e-02 -1.89177111e-01 -1.31191984e-02 -1.00582413e-01\n  -7.54212886e-02  8.67865700e-03 -1.11027267e-02  1.10937804e-02\n  -3.31084430e-02  1.71512607e-02  4.01415024e-03  1.29062682e-02\n   3.41150463e-02 -5.67982718e-02 -3.06547433e-02 -1.17456988e-02\n  -9.51691158e-03 -1.01522572e-01 -1.78480688e-02 -2.73759719e-02\n   1.11556787e-03 -4.61957790e-02 -7.31876045e-02 -2.13218592e-02\n  -5.93707301e-02 -2.52738688e-02  4.45560776e-02 -4.16359007e-02\n  -4.09858674e-02 -5.23630083e-02 -2.23008152e-02  3.40104140e-02\n   4.46124971e-02  3.35221440e-02  6.15011565e-02 -1.11660019e-01\n  -7.42629096e-02 -4.75053713e-02]\n [ 4.23677564e-01  6.43405616e-01 -1.68360531e-01 -1.46777824e-01\n   2.05147654e-01  1.33730382e-01 -8.06922391e-02  2.03926086e-01\n   3.08216423e-01 -3.43392402e-01  2.07739815e-01 -4.53339994e-01\n   3.82818401e-01  9.87153053e-01  2.21392334e-01  9.66136217e-01\n  -8.60001624e-01 -1.91770703e-01 -3.34763564e-02 -1.13780096e-01\n   2.25748748e-01 -5.18466644e-02 -5.32413185e-01 -3.21871608e-01\n  -5.93975723e-01 -5.29192090e-01  5.86540878e-01  1.73418999e-01\n   2.92112708e-01  5.61034046e-02  1.06483050e-01  1.02700077e-01\n  -6.39678121e-01  6.12613857e-02 -3.54615115e-02 -3.77744824e-01\n  -6.92957342e-01 -8.54486451e-02]\n [ 2.15315819e-02  7.46538937e-02  1.48408450e-02  5.06107956e-02\n   2.76521947e-02 -1.05064251e-02  9.82398633e-04 -9.06667765e-03\n  -3.38682468e-04  3.11531330e-05  1.47672638e-03 -6.64424244e-03\n  -1.41616277e-02  1.99316479e-02  1.18573681e-02 -9.75203048e-03\n   4.87781130e-03  4.28906195e-02  1.05204890e-02  1.89533681e-02\n  -1.57861493e-03  7.47376261e-03  4.15766388e-02  1.71014089e-02\n   2.47622486e-02  8.90631229e-03 -1.22981220e-02  1.11285867e-02\n   4.43694415e-03  1.81687605e-02  1.87343992e-02 -1.68162454e-02\n   4.43357090e-03 -1.73539463e-02 -2.17838846e-02  4.59129885e-02\n   1.45682283e-02  1.90202259e-02]\n [ 6.57289405e-04  9.19963873e-04 -2.04980359e-04 -3.28224007e-04\n   2.78079446e-04  2.45264091e-04 -5.76126513e-06  1.86378355e-04\n   1.38531686e-04 -5.30317542e-04  2.10252721e-04 -9.78453667e-04\n   5.00324531e-04  1.15469599e-03  1.53335583e-04  9.47379158e-04\n  -1.09411858e-03 -2.28867095e-04  1.53682311e-04 -1.89443217e-05\n   2.41125716e-04 -1.04392617e-04 -1.39417098e-04 -2.53525242e-04\n  -5.61353227e-04 -4.76697547e-04  4.14236769e-04  2.05686098e-04\n   2.47805205e-04  2.38728040e-04  2.18148794e-04  1.74039214e-05\n  -1.04832195e-03 -1.33155379e-04 -3.10373696e-04 -1.46127742e-04\n  -4.78839880e-04 -7.52396954e-05]\n [ 4.45448473e-04  4.54844296e-04 -3.19469749e-04 -4.67581442e-04\n   1.94285196e-04  2.13455627e-04  3.65564811e-05  2.06363213e-04\n   1.65787613e-04 -5.85568720e-04  1.17779848e-04 -8.27660144e-04\n   6.05143083e-04  9.97083262e-04  6.97742653e-05  9.34060197e-04\n  -1.14931155e-03 -3.31356830e-04  8.90417286e-05 -6.30463765e-05\n   2.02958792e-04 -1.01480568e-04 -2.48428143e-04 -2.59642984e-04\n  -7.45991827e-04 -5.28030796e-04  6.15224417e-04  1.36893374e-04\n   1.60068681e-04  8.86431371e-05  2.96665297e-04  2.16814806e-05\n  -8.08478682e-04 -1.10378089e-04 -2.66995688e-04 -3.43726570e-04\n  -6.00649044e-04 -1.78239134e-04]]",
      "mean_absolute_gradient": "[0.10282356 0.2573237  0.03543783 0.12246367 0.08765896 0.03290812\n 0.01358313 0.03588543 0.05049111 0.04519111 0.02838496 0.06890275\n 0.07785013 0.1603074  0.05798689 0.11040437 0.09950054 0.12115268\n 0.02013579 0.0468889  0.02574316 0.04352205 0.15024504 0.06795654\n 0.11974376 0.07484697 0.10367398 0.05594953 0.06371539 0.04901598\n 0.04943893 0.05277037 0.09320816 0.05007228 0.06620814 0.15543206\n 0.13842243 0.05848498]",