{
  "batch_name": "soft_finger_batch_1",
  "num_samples": 200,
  "num_features": 38,
  "num_classes": 4,
  "test_accuracy": 0,
  "model_performance": {
    "overall_accuracy": 0.9750000238418579,
    "per_class_accuracy": {
      "0": 1.0,
      "1": 0.8999999761581421,
      "2": 1.0,
      "3": 1.0
    }
  },
  "feature_analysis": {
    "consistently_important": [],
    "method_specific": {},
    "feature_groups": {
      "basic_gradients": {
        "acoustic_importance": 0.022605094213136716,
        "impulse_importance": 0.0,
        "acoustic_vs_impulse_ratio": Infinity
      }
    }
  },
  "saliency_maps_summary": {
    "basic_gradients": {
      "gradients": "[[ 3.96290416e-04  1.86569081e-03  2.69533601e-04 -4.40462813e-04\n   9.59012134e-04  5.29725279e-04 -8.54455575e-05  5.35317347e-04\n   9.65466024e-04 -1.17886346e-03 -4.77183174e-04 -2.16754386e-03\n   6.76063297e-04  2.32804986e-03  2.05015385e-04  1.62891252e-03\n  -1.60975696e-03  6.47633424e-05  5.87238319e-05  3.53054755e-04\n   3.52018775e-04  2.92751123e-04 -1.73222623e-04 -9.83415957e-05\n  -1.34373549e-03 -8.28765274e-04  1.16400805e-03  6.64732535e-04\n   6.29771443e-04  9.00827639e-04  6.87273336e-04 -2.32466322e-04\n  -1.89166481e-03 -4.14306094e-04 -7.19331554e-04 -4.87970741e-04\n   1.97231584e-05 -1.51873101e-04]\n [ 3.54289921e-04  1.59330340e-03  6.10228017e-06 -2.89519288e-04\n   2.59547698e-04  9.60627876e-05 -8.26036921e-05  1.17458694e-04\n   3.62808263e-04 -5.36055188e-04 -2.20381626e-04 -1.21254462e-03\n   1.92502557e-04  1.63818256e-03  1.46093749e-04  1.04190642e-03\n  -8.99123552e-04  1.81002557e-04  1.05836065e-04  3.03507404e-04\n   4.34973990e-05  1.83989527e-04 -1.06080210e-04 -3.12620105e-04\n  -7.37003691e-04 -3.63979663e-04  6.26710418e-04  4.48205683e-04\n   5.42531372e-04  4.14466864e-04  4.21594479e-04 -1.06327992e-04\n  -9.70332942e-04 -5.04762284e-04 -4.46274586e-04 -6.21023210e-05\n   8.99605875e-05  1.75441877e-04]\n [-1.36833601e-02 -4.06988338e-02 -1.23310252e-03 -1.38996197e-02\n  -1.93952452e-02  1.48954745e-02 -4.68166824e-03  1.12926529e-03\n  -2.32096552e-03  5.02930908e-03 -4.49818879e-04  5.77191589e-03\n   1.05573060e-02 -1.66400429e-02 -9.20591317e-03 -2.79759173e-03\n  -1.76817889e-03 -1.99970473e-02 -1.54351648e-02 -3.69810965e-03\n   3.64721462e-04 -1.54458620e-02 -1.50176389e-02 -5.13022812e-03\n  -9.49689653e-03 -5.38291130e-03  7.83672929e-03 -7.08940485e-03\n  -1.35818180e-02 -8.07554089e-03  1.29570210e-04  6.02920400e-03\n   7.73118902e-03  1.16031729e-02  1.59064792e-02 -2.56066807e-02\n  -1.65152624e-02 -1.07700992e-02]\n [ 8.81947353e-02  2.22007796e-01  2.55383700e-02  8.65631178e-02\n   1.19881399e-01 -3.78615260e-02  1.51683260e-02 -6.91560609e-03\n   3.39151956e-02 -1.25575252e-02  6.61172578e-03 -1.51809985e-02\n  -2.44804136e-02  8.01019445e-02  3.24982703e-02  2.89152213e-03\n   4.48235497e-03  1.16482943e-01  5.94973117e-02  2.78932825e-02\n   2.20709182e-02  3.97244170e-02  9.83076841e-02  4.22451012e-02\n   4.00808454e-02  1.00271879e-02 -3.61212157e-02  4.29060049e-02\n   5.51614761e-02  4.02299389e-02  3.82039789e-03 -2.34925877e-02\n  -3.83382142e-02 -4.23230678e-02 -7.16357753e-02  1.33437961e-01\n   7.38844797e-02  2.26617754e-02]\n [-9.46564600e-02 -2.81170338e-01 -8.79149232e-03 -8.85998607e-02\n  -1.09021805e-01  7.58937597e-02 -1.81334987e-02 -5.87676093e-03\n  -2.01020818e-02  2.98957787e-02 -5.64236194e-03  4.21242565e-02\n   5.85284382e-02 -1.23064205e-01 -3.02078463e-02 -2.48014983e-02\n  -1.67928394e-02 -1.36473373e-01 -9.42060798e-02 -3.70270386e-02\n  -4.12744377e-03 -8.18640441e-02 -1.34909108e-01 -4.85511348e-02\n  -4.82911095e-02 -1.89867429e-02  3.20081301e-02 -6.95557669e-02\n  -8.36378783e-02 -7.75670856e-02 -1.56403519e-02  5.30394949e-02\n   6.45515099e-02  7.32279941e-02  1.05833195e-01 -1.43228471e-01\n  -8.20320100e-02 -5.49694858e-02]\n [ 3.37884441e-04  1.17829628e-03  1.34815127e-04 -3.46853078e-04\n   1.00843208e-04  1.41884768e-04 -6.95687268e-05  6.67254426e-05\n   2.19694877e-04 -4.82859352e-04 -1.23922073e-04 -8.60939093e-04\n   3.68540321e-04  1.22048729e-03  9.90493863e-05  7.32597546e-04\n  -6.41522580e-04  4.78371403e-05  4.74330682e-06  3.69962887e-04\n   2.25002132e-05  2.09951504e-05 -1.74880959e-04 -1.58831303e-04\n  -5.33541257e-04 -3.75463220e-04  6.28079695e-04  3.83504404e-04\n   3.33048141e-04  3.65237443e-04  4.12754714e-04 -8.30146964e-05\n  -7.51255720e-04 -4.07422369e-04 -2.26488191e-04 -2.16009779e-04\n  -4.08572487e-05  9.61597834e-05]\n [-5.26954755e-02 -1.55185536e-01 -1.08246626e-02 -4.48135994e-02\n  -5.97308576e-02  3.41942981e-02 -5.46389585e-03  1.13405325e-02\n  -1.03569720e-02  4.52446379e-03 -1.87610893e-03  1.79319642e-02\n   1.84097793e-02 -6.89285100e-02 -2.12928392e-02 -1.47939031e-03\n  -1.06066326e-02 -6.64160997e-02 -4.43213172e-02 -2.40260437e-02\n  -9.43494588e-03 -2.92658079e-02 -6.05411120e-02 -1.98938865e-02\n  -2.87629049e-02 -7.05091422e-03  2.10001376e-02 -3.30766700e-02\n  -3.90832648e-02 -2.39094328e-02  1.42121071e-03  1.75979976e-02\n   2.25869194e-02  3.70779000e-02  5.07083610e-02 -8.46286938e-02\n  -4.99548912e-02 -3.12928967e-02]\n [ 2.13704258e-02  5.94167896e-02  5.13849547e-03  2.00712215e-02\n   2.37059351e-02 -1.26067596e-02 -2.93107447e-03 -7.21710175e-03\n   2.95136939e-03 -3.82248103e-03 -5.06029371e-03 -1.52548484e-03\n  -3.89823201e-03  1.80563964e-02  8.51166248e-03 -2.85444059e-03\n   7.87986442e-03  3.00823543e-02  1.48003735e-02  7.87771586e-03\n   9.89644136e-03  1.15251085e-02  2.06277147e-02  1.08235525e-02\n   1.34127056e-02  4.83893463e-03 -1.06337219e-02  1.20350318e-02\n   9.19144042e-03  1.02237333e-02 -1.52231578e-03 -2.04426629e-04\n  -7.43330503e-03 -7.47271813e-03 -1.73320323e-02  2.94356681e-02\n   1.70421861e-02  1.33552430e-02]\n [-4.44846833e-03 -1.31370919e-02 -6.02833228e-04 -3.24635161e-03\n  -6.43631816e-03  3.45324306e-03 -1.73823046e-03 -5.48520358e-04\n  -1.06677937e-03  2.13393266e-03 -4.22719866e-04  3.09564779e-03\n   2.32429802e-03 -7.22297374e-03 -3.18866177e-03 -1.92264735e-03\n   1.17943366e-03 -5.36544761e-03 -4.71065054e-03 -9.22920124e-04\n   4.92727268e-04 -4.74990485e-03 -4.66608163e-03 -1.21502986e-03\n  -1.46618811e-03 -5.55163017e-04  1.50968588e-03 -2.38164142e-03\n  -4.73698135e-03 -2.93845800e-03 -3.70353264e-05  2.68306700e-03\n   3.00266873e-03  3.51589266e-03  4.85695340e-03 -7.03740306e-03\n  -5.19229844e-03 -2.21589021e-03]\n [-8.24971944e-02 -2.42622122e-01 -8.68269149e-03 -8.26945454e-02\n  -9.55763161e-02  5.43272570e-02 -1.09713059e-02  1.58677809e-02\n  -2.39055883e-02  6.24432880e-03 -6.31787907e-03  3.09323855e-02\n   4.58908230e-02 -1.10622883e-01 -3.65037471e-02 -8.61826353e-03\n  -1.03343632e-02 -1.09486736e-01 -7.25455359e-02 -3.30329016e-02\n  -7.79886823e-03 -4.55901846e-02 -1.07350536e-01 -2.73543205e-02\n  -4.06096540e-02 -2.27786060e-02  2.75327098e-02 -5.08904308e-02\n  -6.47417456e-02 -3.37758251e-02  9.13057569e-03  2.96937898e-02\n   3.70294005e-02  5.87482788e-02  8.41590539e-02 -1.30032405e-01\n  -7.06487298e-02 -4.54372019e-02]]",
      "mean_absolute_gradient": "[0.03586346 0.10188758 0.00612221 0.03409652 0.04350673 0.0234\n 0.00593256 0.00496151 0.00961669 0.00664056 0.00272024 0.01208037\n 0.01653264 0.04298237 0.01418591 0.00487688 0.00561941 0.04845976\n 0.03056857 0.01355045 0.00546041 0.0228663  0.0441874  0.0155783\n 0.01847346 0.00711887 0.01390611 0.02194314 0.02716399 0.01984006\n 0.00332231 0.01331624 0.01842865 0.02352955 0.03518239 0.05541734\n 0.03154204 0.01811261]",
      "std_gradient": "[0.0500989  0.14024986 0.00974859 0.04813118 0.0615066  0.03152223\n 0.00811566 0.00713793 0.0148729  0.01035241 0.00354577 0.01647046\n 0.02328887 0.05851112 0.01890666 0.00770061 0.00712087 0.06803077\n 0.04202896 0.01873799 0.00859259 0.03168923 0.06290101 0.02276948\n 0.02466852 0.00954682 0.01870759 0.03070663 0.03753853 0.02939553\n 0.00589594 0.01969503 0.02629805 0.032269   0.04861743 0.07664506\n 0.0429964  0.02387474]"
    },