{
  "batch_name": "soft_finger_batch_1",
  "num_samples": 200,
  "num_features": 38,
  "num_classes": 4,
  "test_accuracy": 0,
  "model_performance": {
    "overall_accuracy": 0.949999988079071,
    "per_class_accuracy": {
      "0": 1.0,
      "1": 0.800000011920929,
      "2": 1.0,
      "3": 1.0
    }
  },
  "feature_analysis": {
    "consistently_important": [],
    "method_specific": {},
    "feature_groups": {
      "basic_gradients": {
        "acoustic_importance": 0.01995480888964314,
        "impulse_importance": 0.0,
        "acoustic_vs_impulse_ratio": Infinity
      }
    }
  },
  "saliency_maps_summary": {
    "basic_gradients": {
      "gradients": "[[ 4.72538290e-04  1.24173041e-03 -3.77802389e-05 -3.01693100e-04\n   3.65043496e-04 -3.60684280e-05  1.96485271e-04  5.93351084e-04\n   2.63095892e-04 -9.79479519e-04 -6.22903986e-04 -1.53762044e-03\n   4.62473079e-04  1.94365275e-03  2.14441287e-04  1.45031884e-03\n  -1.64164568e-03 -5.26236894e-04  9.91956258e-05  3.56868288e-04\n  -7.89244077e-05 -2.17482942e-04 -4.06110223e-04 -2.93904071e-04\n  -7.92970823e-04 -4.97515954e-04  1.02360814e-03  6.91162655e-04\n   9.36041528e-04  5.85452595e-04  5.47134900e-04  1.84435296e-04\n  -1.16519188e-03 -4.59402712e-04 -1.97642628e-04 -3.27998219e-04\n  -7.99729663e-04  3.74616007e-04]\n [ 1.17884763e-02  6.79476261e-02  5.66259306e-03  3.07966731e-02\n   1.73600167e-02 -1.20417709e-02  1.24765029e-02 -1.18042389e-03\n   1.67247734e-03  5.06154867e-03 -7.20348489e-03 -7.05215102e-03\n  -1.67697836e-02  2.32629627e-02  8.08440987e-03 -1.40127831e-03\n   9.69950669e-03  4.02331501e-02  1.94869395e-02  1.49446316e-02\n   3.23201850e-04  5.77154104e-03  3.94317545e-02  9.65193473e-03\n   1.49038509e-02  4.84550511e-03 -1.13072619e-02  1.08531006e-02\n   6.57551084e-03  1.05933910e-02  5.91703085e-03 -9.99466516e-03\n   4.16918239e-03 -1.69995762e-02 -8.38366617e-03  3.56673039e-02\n   1.94464028e-02  8.58186744e-03]\n [-5.19080833e-03 -6.82659587e-03 -8.71724158e-04 -1.50875526e-03\n  -1.43267587e-03 -5.30496996e-04  7.92761857e-04 -7.03974161e-04\n  -1.92946545e-03  2.27904203e-03  1.82226941e-03  2.98716337e-03\n   3.98123848e-06 -4.37297905e-03 -3.30471806e-03 -4.65381984e-03\n   4.70185559e-03 -5.21186885e-05 -6.00469648e-04 -6.87139283e-04\n  -5.06970624e-04 -7.95315544e-04  2.41806707e-03  1.40857021e-03\n   4.15487401e-03  3.43372626e-03 -3.37109924e-03 -2.36305082e-03\n  -1.53047428e-03 -1.35300343e-03  2.32998009e-05  5.05343371e-04\n   2.45334045e-03  1.67770020e-04 -2.68706848e-04 -3.12104425e-03\n   3.78986471e-03  2.15650164e-03]\n [-5.32705411e-02 -1.06497049e-01  1.90305337e-03 -3.07161990e-03\n  -2.79858634e-02  4.75254655e-03  7.78639398e-04 -3.13803405e-02\n  -2.31263526e-02  6.50684312e-02  3.43894027e-02  8.07134733e-02\n  -1.84624549e-02 -1.07895806e-01 -3.67189944e-02 -9.49506909e-02\n   9.60071459e-02  1.70914344e-02 -6.90475572e-03 -3.12413648e-02\n   7.49067264e-03 -2.27821618e-03  4.86979187e-02  2.43800692e-02\n   7.09020123e-02  4.01233174e-02 -8.07882994e-02 -3.91083807e-02\n  -4.91675660e-02 -3.50265019e-02 -1.38342176e-02 -4.86810430e-04\n   6.37701824e-02  1.90884080e-02 -4.06337250e-03 -1.39124515e-02\n   6.96810782e-02  8.98380205e-03]\n [ 2.41496861e-02  9.52461585e-02  1.05158063e-02  4.47745956e-02\n   2.18686685e-02 -1.62069667e-02  1.24187339e-02 -1.24070328e-02\n   9.12204757e-03  1.26483832e-02 -9.06967092e-03 -8.85990635e-03\n  -2.23340448e-02  2.46340185e-02  1.13346139e-02 -6.54834416e-03\n   1.93201415e-02  5.88020161e-02  2.98535675e-02  1.24244215e-02\n   6.92615891e-03  1.35126030e-02  6.05845302e-02  2.06783395e-02\n   2.59045530e-02 -6.39643846e-03 -2.13126950e-02  1.48142288e-02\n   6.10256009e-03  1.06628966e-02  1.45804370e-03 -1.23444954e-02\n   1.11226225e-02 -1.93926562e-02 -1.30364113e-02  5.91514446e-02\n   3.95544879e-02  8.86259228e-03]\n [ 1.05673812e-01  2.16132343e-01  5.02277352e-03 -1.00013390e-02\n   3.99486721e-02  3.23089818e-03  1.47935860e-02  3.53399850e-02\n   4.29329127e-02 -1.33619219e-01 -5.98639660e-02 -1.61921814e-01\n   2.91550551e-02  2.31760696e-01  6.74418136e-02  1.80554941e-01\n  -1.98648408e-01 -9.18768439e-03  2.36014184e-02  5.77831380e-02\n  -5.65314433e-03 -2.03659069e-02 -6.53138012e-02 -3.70796211e-02\n  -1.16472296e-01 -6.45822585e-02  1.35522664e-01  9.03896987e-02\n   9.64387730e-02  5.87925650e-02  6.34429753e-02 -1.30547341e-02\n  -1.10322714e-01 -6.41972050e-02 -1.32824620e-02  5.40738786e-03\n  -1.36779875e-01  3.79574276e-03]\n [ 2.34196112e-02  1.15980238e-01  1.04151284e-02  4.71872687e-02\n   3.64886113e-02 -1.91308819e-02  1.85454264e-02  1.15820987e-03\n   3.41735664e-03  8.38661566e-03 -1.87417232e-02 -2.07299665e-02\n  -2.97509637e-02  3.82287949e-02  1.62471645e-02  3.62102129e-03\n   4.53529647e-03  6.28336295e-02  3.22255492e-02  2.38657743e-02\n  -4.21173783e-04  1.94643401e-02  6.63589612e-02  2.08292007e-02\n   1.93031821e-02  5.67573495e-03 -2.19446570e-02  1.85120609e-02\n   1.03271576e-02  2.07940433e-02  8.05330556e-03 -2.16909088e-02\n   2.44935742e-03 -2.95762364e-02 -1.57341715e-02  5.99743724e-02\n   3.47850360e-02  1.24589968e-02]\n [-4.51811682e-03 -2.19813604e-02 -6.56758319e-04 -5.40683372e-03\n  -7.93150719e-03  2.05041026e-03 -5.38024236e-04  1.08071265e-03\n  -2.08332343e-03  1.44454069e-03  1.11286889e-03  3.28600709e-03\n   2.60995165e-03 -4.85679042e-03 -2.09927256e-03 -3.51803517e-03\n  -4.07347194e-04 -1.35480193e-02 -6.38578087e-03 -4.70393011e-03\n   2.54687457e-03 -4.66517406e-03 -8.80037714e-03 -4.08288650e-03\n  -4.16734256e-03 -2.95780064e-03  5.26442099e-03 -3.91067052e-03\n  -3.06352461e-03 -4.29481780e-03 -3.62225901e-03  6.95477054e-03\n   1.49472267e-03  5.40395500e-03  4.23314655e-03 -1.01968125e-02\n  -8.19674786e-03 -4.09513852e-03]\n [-4.70087081e-02 -6.82030767e-02 -5.27911028e-03 -8.64048582e-03\n  -9.76347830e-03 -5.09593450e-03  1.08626876e-02 -1.05725080e-02\n  -1.89981293e-02  3.46225537e-02  1.79523043e-02  4.53248769e-02\n   4.27928334e-03 -6.66967854e-02 -2.35428568e-02 -5.38843051e-02\n   6.08790889e-02 -7.24138750e-04 -8.29013623e-03 -1.41903516e-02\n  -3.32416990e-03  5.05133532e-03  1.10499533e-02  5.33271022e-03\n   4.27235216e-02  3.33699249e-02 -3.56299952e-02 -2.56941654e-02\n  -3.04768514e-02 -2.06182301e-02 -8.37272033e-03  2.53354316e-03\n   3.54383774e-02  1.08967749e-02 -4.14571399e-03 -1.12194512e-02\n   4.11780663e-02  7.84671586e-03]\n [ 2.94970319e-04  8.88834184e-04 -8.55600229e-05 -2.85685586e-04\n   2.77630257e-04  2.47389671e-05  1.07794935e-04  2.50635378e-04\n   3.50536575e-04 -7.92654813e-04 -3.93389229e-04 -1.06352614e-03\n   1.90676961e-04  1.32093055e-03  1.14585593e-04  1.04866142e-03\n  -1.27881835e-03 -3.48186237e-04  9.74656068e-05  2.53069476e-04\n  -2.23531111e-04 -1.48016305e-04 -1.95601242e-04 -1.37667274e-04\n  -4.85673634e-04 -2.15217849e-04  5.64621412e-04  5.08188736e-04\n   7.96176901e-04  5.22665388e-04  4.44751349e-04 -8.23379960e-05\n  -8.53337406e-04 -4.74849308e-04 -2.34628984e-04 -2.29099329e-04\n  -3.75291303e-04  3.24135501e-04]]",
      "mean_absolute_gradient": "[0.02757873 0.0700945  0.00404503 0.01519749 0.01634222 0.00631007\n 0.00715106 0.00946672 0.01038957 0.02649025 0.0151172  0.03334765\n 0.01240187 0.05049735 0.01691029 0.03516314 0.03971192 0.02033466\n 0.01275453 0.01604507 0.00274948 0.00722699 0.03032571 0.01238749\n 0.02998103 0.01620975 0.03167293 0.02068447 0.02054146 0.01632436\n 0.01057157 0.0067832  0.0233239  0.01666568 0.00635799 0.01992074\n 0.03545866 0.00574801]",
      "std_gradient": "[0.04149863 0.09040979 0.00488207 0.02126177 0.02042507 0.00807703\n 0.00704372 0.01572389 0.01682685 0.04852634 0.02326828 0.0590718\n 0.01620251 0.08400878 0.02604126 0.06675872 0.07272873 0.02682563\n 0.01527124 0.02267278 0.00386213 0.01019413 0.03755744 0.01674978\n 0.04626679 0.02644874 0.05211955 0.03262362 0.035652   0.02371165\n 0.02027287 0.00850369 0.04200444 0.02293692 0.0064207  0.02713251\n 0.05301598 0.00492773]"
    },