{
  "batch_name": "soft_finger_batch_1",
  "num_samples": 200,
  "num_features": 38,
  "num_classes": 4,
  "test_accuracy": 0.949999988079071,
  "model_performance": {
    "overall_accuracy": 0.949999988079071,
    "per_class_accuracy": {
      "0": 1.0,
      "1": 0.800000011920929,
      "2": 1.0,
      "3": 1.0
    }
  },
  "feature_analysis": {
    "consistently_important": [],
    "method_specific": {},
    "feature_groups": {
      "basic_gradients": {
        "acoustic_importance": 0.08036666381859074,
        "impulse_importance": 0.0,
        "acoustic_vs_impulse_ratio": Infinity
      }
    }
  },
  "saliency_maps_summary": {
    "basic_gradients": {
      "gradients": "[[-3.53251002e-03 -1.33839045e-02  9.88902102e-05 -4.29422222e-03\n  -6.05047261e-03  3.04675952e-04  1.20592257e-03  2.17673089e-03\n  -2.04932573e-03  2.28856318e-03 -1.18934712e-03  2.46896874e-03\n   2.14030570e-03 -4.65835864e-03 -1.91325077e-03 -1.27884012e-03\n  -8.78855528e-04 -5.06658480e-03 -4.04627249e-03 -1.67224417e-03\n   5.86358192e-06 -3.63993552e-03 -4.81248461e-03 -1.33371004e-03\n  -4.37318999e-03 -1.40615785e-03  2.73701712e-03 -3.55126290e-03\n  -3.85878119e-03 -3.95307317e-03 -4.16194001e-04  4.59367689e-03\n   2.14244518e-03  1.20290869e-03  3.26284789e-03 -5.96436672e-03\n  -5.75650390e-03 -4.19915281e-03]\n [ 4.76782732e-02  1.61656573e-01  3.64747760e-03  5.51729240e-02\n   5.91547117e-02 -2.58744527e-02  1.09459441e-02 -1.44899637e-02\n   2.16872673e-02 -8.10585730e-03  8.64756643e-04 -2.81550046e-02\n  -2.20091976e-02  4.60922308e-02  8.32049362e-03 -8.64035077e-03\n   3.04335803e-02  7.58050457e-02  2.22505517e-02  1.05796373e-02\n   1.56143624e-02  2.32904851e-02  8.13815072e-02  2.35152431e-02\n   4.06717844e-02  1.14550190e-02 -2.29201503e-02  2.35018302e-02\n   1.45323854e-02  3.40294167e-02  7.56582152e-03 -4.62200455e-02\n  -1.24994293e-02 -1.55551201e-02 -3.72134596e-02  8.01660642e-02\n   5.40068112e-02  3.39925289e-02]\n [ 7.07986951e-02  2.54871100e-01  2.06594411e-02  9.40713957e-02\n   1.04659021e-01 -3.22545916e-02  2.67759711e-02 -9.21587925e-03\n   2.00111587e-02 -6.93480193e-04  3.35615245e-03 -3.97168957e-02\n  -3.93647701e-02  7.54972845e-02  1.29244719e-02 -1.57525055e-02\n   3.91756259e-02  1.33132517e-01  2.21746247e-02  1.26082124e-02\n   3.09031010e-02  4.73064482e-02  1.26746565e-01  4.88754064e-02\n   7.05187246e-02  2.17851717e-02 -5.84114566e-02  3.55351046e-02\n   2.84371711e-02  5.01187481e-02  1.65753737e-02 -6.10810332e-02\n  -4.37380001e-02 -3.04219332e-02 -6.52045608e-02  1.28681064e-01\n   9.34115350e-02  3.50748338e-02]\n [ 3.03363864e-04  1.61495165e-03  9.12743344e-05 -5.59375214e-04\n  -5.33224666e-04  1.32507033e-04  6.57178811e-04  6.88785745e-04\n   1.16279261e-04 -8.30656325e-04  2.15974796e-05 -1.53870066e-03\n   8.65934591e-04  1.74611190e-03  3.38500657e-04  2.29932927e-03\n  -1.45383889e-03 -6.09608076e-04  2.62830610e-04  1.43244251e-04\n   2.08583078e-04 -5.02978146e-05 -4.68613871e-04  4.25896069e-05\n  -8.88875162e-04 -1.48721819e-03  1.20257342e-03  3.26793845e-04\n   9.82282450e-04 -4.75343404e-06  6.56162563e-04 -7.01710742e-05\n  -1.72954798e-03 -6.52954099e-04 -2.02282972e-04 -1.32450194e-03\n  -7.51286512e-04  3.04752844e-04]\n [ 5.35220265e-01  2.07104707e+00  7.45276511e-02  8.76452863e-01\n   8.33471060e-01 -3.08959246e-01  7.55429193e-02 -2.13924766e-01\n   1.55948594e-01 -8.54953974e-02  4.65011857e-02 -2.69554466e-01\n  -2.60210961e-01  5.65286994e-01  1.58489034e-01 -1.99034587e-01\n   4.27580655e-01  1.03891337e+00  3.71671349e-01  1.76448315e-01\n   1.85388535e-01  3.64529729e-01  1.07838595e+00  3.81502420e-01\n   6.41845226e-01  2.01738179e-01 -4.51045454e-01  3.51941317e-01\n   3.05583060e-01  4.55041975e-01  1.24548949e-01 -6.31672442e-01\n  -2.36512959e-01 -2.62882859e-01 -5.47818303e-01  1.06413233e+00\n   8.13913226e-01  4.73927051e-01]\n [ 1.12655899e-03  5.92301320e-03  4.27026534e-05 -1.34503911e-03\n  -1.00409403e-03  6.56791264e-04  1.06883876e-03  1.49421243e-03\n   6.91655965e-04 -2.14497116e-03  1.13894399e-04 -4.06081975e-03\n   2.43485603e-03  5.20979287e-03  1.29666447e-03  5.78265870e-03\n  -4.44598915e-03 -1.49492163e-03  7.07231986e-04  7.04618054e-04\n   2.38936846e-04 -3.48251633e-04 -7.78405461e-04 -8.36362597e-05\n  -2.59931874e-03 -3.54875438e-03  2.90725520e-03  1.33612577e-03\n   2.38739327e-03  8.40395747e-04  1.19927910e-03 -7.04698439e-04\n  -4.99726133e-03 -2.15933542e-03 -1.20137271e-03 -2.59292964e-03\n  -7.33669382e-04  1.60693517e-03]\n [-1.63275320e-02 -3.96125093e-02  4.18341253e-03  4.06446494e-03\n  -5.32126520e-03 -6.63593365e-03  4.75765346e-03 -5.13432594e-03\n  -8.61749519e-03  1.34579083e-02  2.57685990e-03  2.59649139e-02\n  -3.18816677e-03 -2.85485368e-02 -1.99727137e-02 -2.28688233e-02\n   1.81714687e-02  5.59869595e-03 -3.75837111e-03  5.91647672e-03\n  -6.38720021e-03  4.01522120e-04  2.90730223e-03  6.72155851e-03\n   1.38203818e-02  7.97308888e-03 -1.66436136e-02 -1.10721570e-02\n  -1.01925209e-02 -5.44672087e-03 -2.78236740e-03  2.12168391e-03\n   1.83886439e-02 -1.19482784e-05 -1.16148987e-03  4.32429602e-03\n   1.22797126e-02  7.17097835e-04]\n [ 3.52993462e-04  1.26653176e-03  6.00022531e-07 -2.80760025e-04\n  -2.11903927e-04  1.42299948e-04  3.54505028e-04  4.14567447e-04\n   1.25839942e-04 -5.08500438e-04  7.12214314e-05 -1.08721759e-03\n   5.42252907e-04  1.24386535e-03  3.26261623e-04  1.49614678e-03\n  -1.03390694e-03 -3.73909425e-04  1.48837426e-04  3.90137175e-05\n   4.78555448e-05 -6.43494568e-05 -2.25164142e-04  1.94926506e-05\n  -6.86517218e-04 -9.35427437e-04  8.59583844e-04  2.71937024e-04\n   5.84195601e-04  1.50336040e-04  4.27014136e-04 -1.39667449e-04\n  -1.10838190e-03 -3.96667805e-04 -1.72756147e-04 -8.18865316e-04\n  -4.80659452e-04  2.54427752e-04]\n [-1.36632221e-02 -5.68880886e-02 -2.82145757e-03 -2.08077226e-02\n  -2.29061767e-02  7.03391805e-03  9.47815483e-04  5.77715319e-03\n  -6.02225447e-03  3.69858742e-03 -3.23752360e-03  1.09064868e-02\n   7.97612872e-03 -1.83982626e-02 -5.49710356e-03  4.66080994e-04\n  -6.40414935e-03 -2.53821444e-02 -9.85920150e-03 -3.60554876e-03\n  -2.36961874e-03 -1.29714767e-02 -2.76500825e-02 -9.05439164e-03\n  -1.53074740e-02 -5.33304596e-03  1.18071390e-02 -1.10910311e-02\n  -1.03552481e-02 -1.42254662e-02 -3.81976203e-03  1.90874934e-02\n   8.81801732e-03  6.92342035e-03  1.57716628e-02 -2.52673384e-02\n  -2.39189658e-02 -1.28768478e-02]\n [-3.14538956e-01 -1.15074575e+00 -5.33349812e-02 -3.97207737e-01\n  -3.94000620e-01  1.89299971e-01 -3.38933580e-02  1.01562977e-01\n  -1.13685958e-01  8.60486180e-02  6.06352463e-04  2.08550990e-01\n   7.81446397e-02 -3.29939932e-01 -9.73454863e-02  6.70820102e-02\n  -1.99793786e-01 -5.17186821e-01 -1.76230446e-01 -5.85936271e-02\n  -1.03322603e-01 -2.13546231e-01 -5.67361474e-01 -1.67820409e-01\n  -2.83786923e-01 -5.68413287e-02  1.84283942e-01 -1.90152869e-01\n  -1.26457125e-01 -2.48618215e-01 -6.46978319e-02  3.26250285e-01\n   1.45494759e-01  1.44553304e-01  2.66859263e-01 -5.31320453e-01\n  -4.36487526e-01 -2.66032338e-01]]",
      "mean_absolute_gradient": "[0.10035424 0.37570095 0.01594079 0.14542565 0.14273126 0.05712944\n 0.01561501 0.03548794 0.03289558 0.02032726 0.00585389 0.05920045\n 0.04168772 0.10766214 0.0306424  0.03247013 0.07293719 0.18035635\n 0.06111097 0.02703109 0.03444866 0.06661487 0.18907176 0.06389688\n 0.10744984 0.03125034 0.07528182 0.06287804 0.05033702 0.08124292\n 0.02226887 0.10919412 0.04754294 0.04647604 0.09388681 0.18445922\n 0.144174   0.0828986 ]",