{
  "batch_name": "soft_finger_batch_1",
  "num_samples": 200,
  "num_features": 38,
  "num_classes": 4,
  "test_accuracy": 0.949999988079071,
  "model_performance": {
    "overall_accuracy": 0.949999988079071,
    "per_class_accuracy": {
      "0": 1.0,
      "1": 0.800000011920929,
      "2": 1.0,
      "3": 1.0
    }
  },
  "feature_analysis": {
    "consistently_important": [],
    "method_specific": {},
    "feature_groups": {
      "basic_gradients": {
        "acoustic_importance": 0.13390191654233555,
        "impulse_importance": 0.0,
        "acoustic_vs_impulse_ratio": Infinity
      }
    },
    "top_features": [
      1,
      13,
      15,
      16,
      32,
      11,
      9,
      35,
      26,
      0
    ]
  },
  "saliency_maps_summary": {
    "basic_gradients": {
      "gradients": "[[ 3.80995125e-02  1.42091379e-01 -3.73857561e-03  5.11039607e-02\n   6.30841777e-02 -1.98353045e-02  1.17828660e-02 -6.91476092e-03\n   6.42170722e-04 -5.89318620e-03 -1.17511209e-02 -7.19411252e-03\n  -1.39930882e-02  2.92709004e-02  2.03814022e-02 -2.32353490e-02\n   1.50089962e-02  4.92832959e-02  1.38558354e-02  1.55420639e-02\n   7.90249277e-03  1.72212832e-02  5.65154105e-02  3.07784230e-02\n   2.31614616e-02  6.88179210e-03 -2.18442939e-02  1.84259173e-02\n   1.17776170e-02  1.64527111e-02  7.90387113e-03 -2.12419610e-02\n   5.39458310e-03 -1.65938474e-02 -3.35462876e-02  8.20870847e-02\n   5.62759452e-02  3.72795016e-02]\n [ 3.11684664e-02  1.15439355e-01 -9.31872928e-04  3.67530882e-02\n   3.92690003e-02 -1.43815884e-02  3.64379887e-03 -5.93046751e-03\n   1.01033086e-02 -1.20471716e-02 -1.42572457e-02 -9.79346316e-03\n  -9.02810693e-03  3.89173217e-02  1.03700934e-02 -9.32650454e-03\n   1.70890160e-03  4.17349115e-02  6.72592362e-03  1.62475873e-02\n   2.88981292e-03  1.20213861e-02  3.75661813e-02  1.32603319e-02\n   1.03394771e-02  5.01533411e-03 -1.26337605e-02  1.24144088e-02\n   1.87586006e-02  1.56639032e-02  1.20884245e-02 -2.30200570e-02\n  -1.26042161e-02 -9.77277011e-03 -3.25153135e-02  6.00507595e-02\n   3.25386450e-02  2.67248899e-02]\n [-4.17384179e-03 -1.60080642e-02  4.65862577e-05 -4.65873117e-03\n  -4.50907461e-03  2.29648827e-03 -2.46659292e-05  1.41130481e-03\n  -2.09708745e-03  2.51950929e-03  2.20789807e-03  1.10757782e-03\n   1.10780762e-03 -5.49525814e-03 -1.99446236e-04 -1.11275085e-03\n   7.36856251e-04 -8.78295861e-03 -3.17259179e-03 -1.60669163e-03\n   3.48572939e-04 -3.53341969e-03 -5.90136647e-03 -1.86424470e-03\n  -2.27681757e-03 -8.01160873e-04  2.01474316e-03 -2.33753677e-03\n  -2.91987811e-03 -3.15053179e-03 -3.43935587e-03  5.80554269e-03\n   2.92002270e-03  2.10901280e-03  6.05032220e-03 -7.77869998e-03\n  -5.30401943e-03 -4.31998121e-03]\n [-5.16170025e-01 -2.07439470e+00 -1.71312049e-01 -1.16042279e-01\n   4.45544086e-02 -1.28097743e-01 -2.90820807e-01 -8.43593180e-02\n  -5.95904171e-01  8.86297405e-01  2.21249938e-01  1.21705735e+00\n  -3.89314204e-01 -1.38883758e+00 -7.26040721e-01 -1.42229927e+00\n   1.53876305e+00 -1.81227133e-01  1.19767867e-01 -3.59444581e-02\n  -1.48157597e-01 -1.53608071e-02  1.73338488e-01 -6.08958565e-02\n   6.87237978e-01  6.09939873e-01 -7.95528233e-01 -5.29266775e-01\n  -7.08006501e-01 -7.37247586e-01 -1.96917281e-01  5.71777344e-01\n   1.33299601e+00  9.66013744e-02  3.05273145e-01 -1.93848386e-01\n   3.40587109e-01 -5.32632098e-02]\n [-4.45289224e-01 -1.51513839e+00  1.42968970e-03 -1.52033150e-01\n  -3.61162901e-01 -1.18410051e-01 -1.26604781e-01  8.15331563e-02\n  -4.50045496e-01  8.08682263e-01  1.89522594e-01  7.98676133e-01\n  -1.87869847e-01 -9.70172405e-01 -6.51850164e-01 -1.00894344e+00\n   9.52663481e-01 -1.56662643e-01  1.06268920e-01 -2.46008225e-02\n  -1.84437595e-02 -1.75232962e-02  1.60490870e-01 -2.91777123e-02\n   3.73574972e-01  3.14535677e-01 -5.68613708e-01 -3.52698147e-01\n  -4.07955647e-01 -4.14043874e-01 -4.02922273e-01  4.05749679e-01\n   8.72686148e-01  1.20452553e-01  2.45486021e-01 -2.75248587e-01\n   1.80263609e-01 -3.69888693e-02]\n [-2.16713361e-02 -7.57265985e-02 -6.52299437e-04 -2.30508130e-02\n  -2.84130443e-02  8.62684939e-03 -4.75722691e-03  4.70131263e-03\n  -3.31171462e-03  1.36801917e-02  1.24203861e-02  3.22719151e-03\n   9.33816470e-03 -2.74517871e-02 -8.12178943e-04  2.77881930e-03\n   4.06646897e-04 -3.33619192e-02 -9.92374029e-03 -1.19520118e-02\n   4.69413633e-03 -1.38981594e-02 -2.26174071e-02 -6.69296877e-03\n  -1.24883102e-02 -5.38363773e-03  1.03672510e-02 -7.91974645e-03\n  -1.60543080e-02 -1.16899274e-02 -1.32273519e-02  1.63759626e-02\n   1.01205735e-02  1.05401035e-02  2.54132021e-02 -4.26362082e-02\n  -2.46068612e-02 -2.40490641e-02]\n [-1.38782680e-01 -5.39733827e-01  5.82880480e-03 -1.92744911e-01\n  -1.96477428e-01  5.39051667e-02 -2.26293094e-02  2.34628841e-02\n  -4.01547588e-02  9.85791460e-02  4.38633785e-02  7.12881908e-02\n   4.40641120e-02 -1.40562862e-01 -3.04688215e-02 -9.89242364e-03\n  -1.05602003e-03 -2.27152899e-01 -5.30108698e-02 -6.69723973e-02\n  -1.39176911e-02 -9.03890282e-02 -1.47500619e-01 -5.88373616e-02\n  -4.12269123e-03 -4.91028503e-02  5.90735339e-02 -3.64453718e-02\n  -1.13144159e-01 -1.21734664e-01 -4.30107340e-02  1.17723353e-01\n   6.03195094e-02  6.98629469e-02  1.37303069e-01 -2.45846182e-01\n  -1.85761854e-01 -1.33753747e-01]\n [-3.56559758e-03 -1.38867153e-02  2.65728246e-04 -4.97608492e-03\n  -4.25721798e-03  2.30588578e-03  5.34068968e-04  1.23383454e-03\n  -8.52858531e-04  2.07730988e-03  1.77300314e-03  1.13811821e-03\n   8.17852095e-04 -4.17867955e-03  4.86408389e-04 -9.18291451e-04\n   3.43237625e-04 -7.60415802e-03 -2.65613501e-03 -1.75378274e-03\n   4.93870932e-04 -3.01074074e-03 -4.72500501e-03 -4.56917332e-04\n  -2.10285210e-03 -1.32533663e-03  1.97849702e-03 -1.66938466e-03\n  -2.74129165e-03 -3.34225409e-03 -2.54956097e-03  5.52746747e-03\n   2.16240552e-03  1.32946565e-03  5.29519981e-03 -7.02627515e-03\n  -5.27779153e-03 -4.77095647e-03]\n [ 4.13031220e-01  1.31000960e+00 -1.82173457e-02  3.76965106e-01\n   5.71617365e-01 -1.62362233e-01  4.82840575e-02 -1.17592439e-01\n   5.69678843e-02 -9.63274539e-02 -2.14454576e-01 -1.26351938e-01\n  -1.27016053e-01  4.21305269e-01  1.04371235e-01 -1.09912597e-01\n  -1.07790511e-02  5.38429677e-01  1.13211267e-01  1.80653900e-01\n  -5.21502197e-02  1.78036779e-01  4.65941668e-01  2.36592263e-01\n   2.56005198e-01  1.06139176e-01 -1.99936986e-01  1.83755025e-01\n   1.06066570e-01  2.32481018e-01  1.89904004e-01 -3.47988695e-01\n  -5.41746952e-02 -1.85487166e-01 -4.30302471e-01  7.47583866e-01\n   3.81187409e-01  4.00074154e-01]\n [ 2.58933287e-02  1.04142368e-01 -3.97906918e-03  3.57672349e-02\n   4.01348695e-02 -1.18964342e-02  7.07104569e-03 -4.45213774e-03\n   1.02803493e-02 -1.07415840e-02 -9.94754303e-03 -6.81196200e-03\n  -1.03647225e-02  2.79321000e-02  1.33311003e-02 -9.07631125e-03\n   6.78690337e-03  3.58865969e-02  5.59542282e-03  1.07096536e-02\n   4.37304005e-03  1.03813363e-02  3.95830087e-02  1.58739667e-02\n   1.12441694e-02  1.39918807e-03 -1.34146353e-02  1.18705379e-02\n   1.52158579e-02  1.16261095e-02  9.99667402e-03 -1.82648208e-02\n  -4.66734497e-03 -1.15553848e-02 -2.57597771e-02  5.44450954e-02\n   3.40760015e-02  2.46764496e-02]]",
      "mean_absolute_gradient": "[0.1637845  0.5906571  0.0206402  0.09940954 0.13534795 0.05221177\n 0.05161526 0.03315916 0.11703598 0.19368453 0.07214477 0.22426459\n 0.07929139 0.3054124  0.15583114 0.2597496  0.25282532 0.12801263\n 0.04341886 0.03659834 0.02533712 0.03613762 0.11141799 0.04544301\n 0.1382554  0.11005239 0.16854057 0.11568028 0.14026405 0.15674326\n 0.08819596 0.15334749 0.23580456 0.05243046 0.12469449 0.17165512\n 0.12458793 0.07459008]",