{
  "batch_name": "soft_finger_batch_1",
  "num_samples": 200,
  "num_features": 38,
  "num_classes": 4,
  "test_accuracy": 0.949999988079071,
  "model_performance": {
    "overall_accuracy": 0.949999988079071,
    "per_class_accuracy": {
      "0": 1.0,
      "1": 0.800000011920929,
      "2": 1.0,
      "3": 1.0
    }
  },
  "feature_analysis": {
    "consistently_important": [],
    "method_specific": {},
    "feature_groups": {
      "basic_gradients": {
        "acoustic_importance": 0.05847558940417672,
        "impulse_importance": 0.0,
        "acoustic_vs_impulse_ratio": Infinity
      }
    },
    "top_features": [
      1,
      13,
      0,
      17,
      22,
      35,
      16,
      11,
      36,
      29
    ]
  },
  "saliency_maps_summary": {
    "basic_gradients": {
      "gradients": "[[ 6.78343640e-04  1.12428935e-03 -1.55638205e-04 -2.76164414e-04\n   2.84928043e-04  2.07905505e-05  1.69494830e-04  2.71236786e-04\n   4.71282110e-04 -6.70867623e-04  1.46910879e-05 -1.01897062e-03\n   6.79002551e-04  1.50035671e-03  2.68183358e-04  1.06309413e-03\n  -1.05668104e-03 -1.62116543e-04  1.51125976e-04 -2.10959115e-05\n   1.81957512e-04  3.13011929e-04 -1.61572665e-04 -3.29571689e-04\n  -3.37429054e-04 -3.32437368e-04  5.51758043e-04  4.41816839e-04\n   4.42698947e-04  7.15759641e-04  4.00342629e-04 -4.26504703e-04\n  -7.33431487e-04 -2.10643280e-04 -1.08013701e-05 -2.84817768e-04\n  -3.18988641e-05  5.22413524e-04]\n [-1.67935327e-01 -4.12304401e-01  1.96993798e-02 -1.71054587e-01\n  -1.21089987e-01  6.38832375e-02 -2.42407294e-03  4.13469598e-02\n  -5.31448498e-02  2.08503511e-02 -1.04719284e-03  6.08219169e-02\n   3.81156914e-02 -1.69473633e-01 -5.88181876e-02  1.25142317e-02\n  -1.78674832e-02 -2.42179826e-01 -6.88331351e-02 -9.70519856e-02\n   2.26470754e-02 -7.14521557e-02 -1.77479953e-01 -8.71496461e-03\n  -5.96657395e-02 -4.68696207e-02  4.19640690e-02 -8.11777040e-02\n  -8.77607763e-02 -8.24444741e-02 -5.31545840e-02  9.53412279e-02\n   6.00711927e-02  7.16265589e-02  6.64760545e-02 -2.32209176e-01\n  -1.58107579e-01 -1.45440981e-01]\n [-1.53511046e-02 -3.52255031e-02  5.85829932e-03 -5.86591335e-03\n  -5.75084239e-03  1.34964858e-03 -1.45106111e-03 -5.51663432e-03\n  -9.63736977e-03  1.47642028e-02  3.89914401e-03  1.80700161e-02\n  -4.70340624e-03 -3.08624841e-02 -1.27554899e-02 -1.53684141e-02\n   1.58079769e-02 -6.82640262e-03  3.81421507e-03 -5.01165586e-03\n  -2.35146610e-03  2.85557238e-04  5.88543899e-03  7.87123758e-03\n   7.94633664e-03  6.90575084e-03 -7.39589985e-03 -9.68851894e-03\n  -8.93788598e-03 -1.77360866e-02 -4.79134498e-03  8.71692132e-03\n   1.88501552e-02  1.12033682e-03  9.04776272e-04 -1.19390069e-02\n   3.77711072e-03 -9.30981303e-04]\n [-1.33736879e-01 -3.00126702e-01  6.28441796e-02 -4.96873353e-03\n   3.58851044e-03 -2.47177333e-02 -7.41673750e-04 -5.11880256e-02\n  -7.07406476e-02  2.09211886e-01  4.64105681e-02  1.72045276e-01\n  -8.04285556e-02 -2.82509774e-01 -1.09726235e-01 -1.79536998e-01\n   1.77924886e-01 -2.34050080e-02  2.99968496e-02 -3.98405008e-02\n  -2.32600998e-02 -1.16946688e-02  6.58538118e-02  6.28636852e-02\n   1.03145756e-01  9.05384496e-02 -1.65454909e-01 -1.00408085e-01\n  -6.93269596e-02 -1.50747761e-01 -6.31731898e-02  3.06476019e-02\n   1.63555384e-01 -6.52329810e-03  3.76798067e-04 -3.80577482e-02\n   7.02491701e-02 -2.08439082e-02]\n [ 2.08226547e-01  3.43994766e-01 -4.75033484e-02  7.58119347e-03\n   3.89224663e-02  4.60118391e-02  2.46540010e-02  1.86517816e-02\n   1.24484226e-01 -1.17001250e-01 -4.60820198e-02 -2.31129587e-01\n   1.29153609e-01  3.64907771e-01  1.37218893e-01  2.53791243e-01\n  -2.33437553e-01  3.70207988e-02  3.55353393e-03 -1.59081575e-02\n  -3.35211074e-03  3.91489342e-02 -9.78264585e-02 -1.71389416e-01\n  -1.31251767e-01 -1.11461632e-01  1.91866547e-01  1.08772300e-01\n   9.72684696e-02  1.80375591e-01  5.90639599e-02 -4.05770130e-02\n  -1.38256803e-01  1.59172621e-02  1.88984536e-02  2.46018381e-03\n  -3.20784748e-02  6.64817616e-02]\n [ 5.92747238e-04  1.42368244e-03 -5.14111773e-04 -8.93889228e-04\n   1.76386733e-04  1.95002387e-04  1.67181614e-04  5.58150350e-04\n   8.86852329e-04 -1.78363919e-03 -8.19571360e-05 -1.68209220e-03\n   1.37479778e-03  2.40741787e-03  7.49483414e-04  2.18924042e-03\n  -2.28035031e-03 -8.26733653e-04  9.43751074e-05 -8.61423541e-05\n   2.15144886e-04  5.42753842e-04 -1.12976506e-03 -9.75647301e-04\n  -8.69532116e-04 -9.01528867e-04  1.74152222e-03  9.00305982e-04\n   5.15187683e-04  1.28636975e-03  8.13046296e-04 -3.67992994e-04\n  -1.25131931e-03 -1.77504728e-04  2.06813798e-04 -9.42118466e-04\n  -6.00244675e-04  6.82886981e-04]\n [ 7.96040520e-03  2.01102383e-02 -3.33207208e-05  9.53156129e-03\n   7.00149266e-03 -4.94719483e-03  1.13789388e-03 -1.14945276e-03\n   8.00153764e-04  2.77649324e-05  1.38575700e-03 -1.78075890e-04\n  -3.67067754e-03  5.31072123e-03  2.52760365e-03 -2.30250834e-03\n   2.03760923e-03  1.25756850e-02  2.67842831e-03  2.80897575e-03\n   6.09363342e-05  2.58253864e-03  9.80747491e-03  2.69176927e-03\n   3.26446560e-03  3.12953698e-03 -4.37728828e-03  2.53220880e-03\n   2.89265602e-03  1.04739016e-03  3.30032059e-03 -4.45806002e-03\n  -1.77322200e-03 -3.30328359e-03 -1.47848367e-03  1.23242019e-02\n   6.71711471e-03  6.50988100e-03]\n [ 9.01986286e-02  2.03993484e-01 -4.74294834e-02 -1.64464470e-02\n   3.77763435e-02  2.68408488e-02  3.53204235e-02  3.28977406e-02\n   6.67849928e-02 -1.48442194e-01 -2.73406003e-02 -1.37917325e-01\n   7.93551132e-02  2.04059526e-01  6.77133501e-02  1.71932712e-01\n  -1.88093469e-01 -1.13688493e-02 -4.43757363e-02  8.55215453e-03\n   3.62893827e-02  2.90306867e-03 -7.91214779e-02 -6.14227615e-02\n  -7.91308880e-02 -9.01021883e-02  1.45915642e-01  7.73899704e-02\n   2.24229135e-02  9.91880074e-02  7.92483687e-02 -2.91444529e-02\n  -1.05590209e-01  7.58282514e-03  2.02751905e-02 -1.63000040e-02\n  -8.12332109e-02  1.50598176e-02]\n [-3.01521957e-01 -7.86035299e-01  3.51620838e-02 -3.33828658e-01\n  -2.57511675e-01  1.38024226e-01 -2.43828855e-02  6.07622229e-02\n  -8.23566988e-02  1.22930082e-02 -6.62588095e-03  1.07129499e-01\n   9.39990729e-02 -2.97233850e-01 -9.20104906e-02  6.38241842e-02\n  -6.84768483e-02 -4.60149020e-01 -1.30417898e-01 -1.77131340e-01\n   4.74839211e-02 -1.54144272e-01 -3.55113596e-01 -6.86399788e-02\n  -1.15237117e-01 -8.88228267e-02  1.20606087e-01 -1.40969917e-01\n  -1.52741000e-01 -1.54979542e-01 -1.02806769e-01  1.89576343e-01\n   1.13699622e-01  1.66576877e-01  1.33058041e-01 -4.43930179e-01\n  -3.08617860e-01 -2.72227019e-01]\n [ 5.91776632e-02  2.07620919e-01 -1.10313399e-02  8.77544135e-02\n   1.03225492e-01 -4.61946800e-02  2.39065215e-02 -1.69817172e-02\n   2.61740554e-02 -2.28463449e-02  8.14255979e-03 -2.98428320e-04\n  -2.13727988e-02  5.84541075e-02  1.25573901e-02 -1.96558312e-02\n   2.49543265e-02  1.20013177e-01  1.78896450e-02  4.32993807e-02\n  -2.69894637e-02  5.15161268e-02  8.41111839e-02  3.00573744e-02\n   4.47255000e-02  9.95218661e-03 -2.73894481e-02  4.67935130e-02\n   1.67785157e-02  3.73976342e-02  4.70237769e-02 -4.55816127e-02\n  -1.68486573e-02 -5.74284680e-02 -3.53441611e-02  9.84473899e-02\n   6.46738783e-02  6.17718287e-02]]",
      "mean_absolute_gradient": "[0.09853796 0.23119593 0.02302312 0.06382015 0.05753281 0.03521852\n 0.01143552 0.02293239 0.04354811 0.05478915 0.01410304 0.07302912\n 0.04528527 0.14167197 0.04943453 0.07221784 0.07319371 0.09145276\n 0.03018049 0.03897114 0.01628315 0.03345831 0.08764907 0.04149564\n 0.05455745 0.04490162 0.07072632 0.05690744 0.04590871 0.07259186\n 0.04137757 0.04448377 0.062063   0.03304671 0.02770296 0.08568948\n 0.07260866 0.05904714]",