{
  "batch_name": "balanced_collected_data_runs_2025_12_15_v2_2_workspace3_squares_cutout_undersample",
  "num_samples": 1680,
  "num_features": 70,
  "classes": [
    "contact",
    "no_contact"
  ],
  "class_distribution": {
    "contact": "840",
    "no_contact": "840"
  },
  "feature_statistics": {
    "features_shape": [
      1680,
      70
    ],
    "labels_shape": [
      1680
    ],
    "feature_mean": [
      1039.3428102824398,
      2665.7712525690436,
      4500.272042410715,
      0.024967491019716754,
      9.145633692995421,
      7.451683673379234,
      8.61676160416744,
      9.634173679685404,
      14.761800288900167,
      0.005435717859446802,
      540.3459821428571,
      0.08019279876856931,
      3.84501594365603,
      0.9784521618913415,
      3.9275872404376666,
      -0.00010473122655076945,
      0.00010473122655076945,
      0.02671532890859193,
      0.0002772647841820366,
      0.002331167618207733,
      8.273830617609478,
      0.03071617063492065,
      0.2065219428383695,
      0.36290063035719455,
      0.00017207829496328485,
      0.00023236319669064998,
      0.002542934802234716,
      1.280973606970898e-07,
      4.552906709696566,
      31.315534114837646,
      7.4906819596232666,
      0.12071105641135503,
      0.009756654285454368,
      0.09085601634523344,
      0.14195657431458433,
      0.02671532890859193,
      0.07173313512134233,
      1.4010665831555214,
      3.0368132261293277,
      0.17015571290449727,
      4.627790372357482,
      0.7377504015607493,
      1.0393428101931534,
      2.622922624314472,
      4.698654150863224,
      143.18295767310872,
      0.01066631249892571,
      0.0001882005697363758,
      0.0006410132822132991,
      0.0016385433482355438,
      0.20859318926846104,
      0.722702913845195,
      3.644317587358611,
      38.909245245797294,
      70.00722424416315,
      0.18226841517857142,
      0.9580630338795129,
      6.893650793640279,
      5.423214285714286,
      2.6537353515625,
      0.25507397850354513,
      0.16974653411305768,
      4.49318767247012,
      6.406416236102443,
      6.957952665147327,
      8.374186214343423,
      46.5062115480899,
      0.13156705109126987,
      2.0954398184466747,
      47.55296908669097
    ],
    "feature_std": [
      236.02691059825796,
      233.5144919462622,
      1013.2143798292856,
      0.007593402368216,
      3.135958908412439,
      3.8329191535214218,
      4.490577210208517,
      4.7854078771566,
      4.62025335033524,
      0.0017622927910045827,
      42.29108185742656,
      0.025567832287778668,
      3.7766210958515765,
      0.33033751690497254,
      4.022414522175842,
      7.069172401780798e-05,
      7.069172401780798e-05,
      0.005927412858379086,
      5.573722551451902e-05,
      0.0006049726186304581,
      0.9679138001599719,
      0.01655265769509984,
      0.036858426335390944,
      0.044060562011087843,
      2.369465348958647e-05,
      3.9863961956843616e-05,
      0.0005184616362005072,
      1.8383071518212677e-07,
      0.6650144717657014,
      7.193313953906718,
      31.237612436160138,
      0.02481489935521954,
      0.002106041665943428,
      0.021012188998095486,
      0.04585913949361922,
      0.005927412858379086,
      0.013797792401183085,
      0.38049409792448063,
      0.8946104366209284,
      0.03751783662673226,
      1.2868963849475354,
      0.16702753968732015,
      0.23602691075700358,
      0.2797095486350303,
      0.4687154424076585,
      1900.6355662478995,
      0.020669140184455925,
      0.0005893299553754841,
      0.00010619381536169306,
      0.0003788352377839102,
      0.03719522790850545,
      0.11366173111139653,
      0.5714920579368107,
      5.7553657408459005,
      5.707307557666016,
      0.689563439592601,
      0.15639269341965642,
      24.209728316036642,
      1.0391430314427037,
      0.7463603338491801,
      0.0637502512366529,
      0.6757582886554826,
      0.5244081423359309,
      0.25678099735331833,
      0.526570446195664,
      2.3425895854425005,
      25.278760893933267,
      0.08736450465668363,
      4.985273482139435,
      2.8648306113437583
    ],
    "feature_min": [
      504.92831183003216,
      1958.4938755606063,
      3000.0,
      0.002000020584091544,
      1.669579106750538,
      1.3249124997108428,
      2.5550027868955105,
      3.1594895055853414,
      3.394752434671208,
      0.0009300165111199021,
      457.03125,
      0.014529122039675713,
      1.2903225806451613,
      0.020020902156829834,
      1.5347900390625,
      -0.0004564645410644907,
      5.4356483120614944e-05,
      0.013714193366467953,
      0.00010249105253024027,
      0.0005638660513795912,
      4.499813079833984,
      0.0,
      0.08985279224537036,
      0.3088677071166115,
      9.861856233328581e-05,
      8.988094486994669e-05,
      0.0007400499889627099,
      2.9801588280475855e-11,
      1.5186249017715454,
      2.6667380332946777,
      -7.88606756653569,
      0.01260355208069086,
      0.0028149511199444532,
      0.04573330283164978,
      0.0660158023238182,
      0.013714193366467953,
      0.01595182903110981,
      0.08976738154888153,
      1.73383629322052,
      0.03205421566963196,
      0.20462805032730103,
      0.34896260499954224,
      0.5049283146031831,
      1.3459334371096943,
      2.806474310287286,
      1.8115613847575227e-05,
      0.0,
      0.0,
      0.00036466424353420734,
      0.0005737233441323042,
      0.09119565217391304,
      0.485205400554558,
      1.8017226457595825,
      27.190765380859375,
      47.696510314941406,
      0.0,
      0.0,
      0.0,
      0.0,
      0.0,
      0.0,
      0.0,
      3.479899285842886,
      5.319049414999235,
      4.61805534362793,
      0.639706552028656,
      -16.874134673084875,
      0.0,
      -21.539048915168713,
      26.251718233142324
    ],
    "feature_max": [
      2522.5444676750703,
      3919.0230758719945,
      10535.15625,
      0.0674058049917221,
      23.769639525383063,
      27.899185836456716,
      29.439122472113986,
      28.771079216096826,
      32.95275286711706,
      0.016109954565763474,
      843.75,
      0.21760708093643188,
      68.0,
      2.384842872619629,
      30.949657440185547,
      -5.4356483120614944e-05,
      0.0004564645410644907,
      0.0629822313785553,
      0.0005124608869664371,
      0.003836721880361438,
      10.91188907623291,
      0.14229166666666668,
      0.3159722222222222,
      0.543145641607368,
      0.00033008548780344427,
      0.0003986746596638113,
      0.006818362977355719,
      1.2779108828908647e-06,
      6.877713680267334,
      81.43016815185547,
      428.0846014545903,
      0.1756426990032196,
      0.02241605892777443,
      0.26249030232429504,
      0.4368191361427307,
      0.0629822313785553,
      0.1413353979587555,
      2.6302545070648193,
      6.417070388793945,
      0.3267684280872345,
      7.83543586730957,
      1.3432704210281372,
      2.522544462899228,
      3.885635480671039,
      6.862415164644559,
      27599.5,
      0.5271334250768026,
      0.009007127024233341,
      0.00123539415653795,
      0.003673081984743476,
      0.3197463768115942,
      1.9454849480369436,
      7.708832263946533,
      61.17036819458008,
      93.6680908203125,
      3.275390625,
      1.0,
      100.0,
      10.0,
      4.037109375,
      0.7075960636138916,
      3.0064516129028944,
      7.002659211107622,
      7.296757671622652,
      9.842269897460938,
      13.488482475280762,
      428.08468759691016,
      1.0993333333333333,
      11.04576592244518,
      54.17889749051566
    ]
  }
}