{
  "batch_name": "reduce_signal_time_experiment_white_noise_0p5s",
  "num_samples": 151,
  "num_features": 38,
  "classes": [
    "contact",
    "edge",
    "no_contact",
    "white_noise"
  ],
  "class_distribution": {
    "contact": "50",
    "edge": "50",
    "no_contact": "50",
    "white_noise": "1"
  },
  "cv_results": {
    "Random Forest": {
      "scores": [
        0.9032258064516129,
        0.9333333333333333,
        0.9333333333333333,
        0.8,
        0.8666666666666667
      ],
      "mean_accuracy": 0.887311827956989,
      "std_accuracy": 0.050077521128009915,
      "best_score": 0.9333333333333333,
      "worst_score": 0.8
    },
    "SVM (RBF)": {
      "scores": [
        0.6774193548387096,
        0.6,
        0.7,
        0.7333333333333333,
        0.8666666666666667
      ],
      "mean_accuracy": 0.7154838709677419,
      "std_accuracy": 0.08740711998923269,
      "best_score": 0.8666666666666667,
      "worst_score": 0.6
    },
    "SVM (Linear)": {
      "scores": [
        0.7419354838709677,
        0.7666666666666667,
        0.7333333333333333,
        0.7333333333333333,
        0.8333333333333334
      ],
      "mean_accuracy": 0.761720430107527,
      "std_accuracy": 0.03783112947995631,
      "best_score": 0.8333333333333334,
      "worst_score": 0.7333333333333333
    },
    "K-NN": {
      "scores": [
        0.4838709677419355,
        0.6333333333333333,
        0.5666666666666667,
        0.5,
        0.5333333333333333
      ],
      "mean_accuracy": 0.5434408602150537,
      "std_accuracy": 0.053212662654288985,
      "best_score": 0.6333333333333333,
      "worst_score": 0.4838709677419355
    },
    "Logistic Regression": {
      "scores": [
        0.7419354838709677,
        0.7,
        0.7333333333333333,
        0.7666666666666667,
        0.8666666666666667
      ],
      "mean_accuracy": 0.7617204301075269,
      "std_accuracy": 0.05664779020850679,
      "best_score": 0.8666666666666667,
      "worst_score": 0.7
    },
    "Gradient Boosting": {
      "scores": [
        0.9032258064516129,
        0.8333333333333334,
        0.9333333333333333,
        0.8,
        0.8666666666666667
      ],
      "mean_accuracy": 0.8673118279569891,
      "std_accuracy": 0.04761195130712997,
      "best_score": 0.9333333333333333,
      "worst_score": 0.8
    },
    "Linear Discriminant Analysis": {
      "scores": [
        0.8709677419354839,
        0.3333333333333333,
        0.3333333333333333,
        0.3333333333333333,
        0.3333333333333333
      ],
      "mean_accuracy": 0.4408602150537634,
      "std_accuracy": 0.21505376344086025,
      "best_score": 0.8709677419354839,
      "worst_score": 0.3333333333333333
    }
  }
}