{
  "batch_name": "collected_data_runs_validate_2025_12_16_v1_simple",
  "num_samples": 600,
  "num_features": 38,
  "classes": [
    "contact",
    "edge",
    "no_contact"
  ],
  "class_distribution": {
    "contact": "200",
    "edge": "200",
    "no_contact": "200"
  },
  "cv_results": {
    "Random Forest": {
      "scores": [
        0.7333333333333333,
        0.8,
        0.75,
        0.75,
        0.7083333333333334
      ],
      "mean_accuracy": 0.7483333333333333,
      "std_accuracy": 0.03000000000000001,
      "best_score": 0.8,
      "worst_score": 0.7083333333333334
    },
    "SVM (RBF)": {
      "scores": [
        0.7166666666666667,
        0.7333333333333333,
        0.7,
        0.675,
        0.6083333333333333
      ],
      "mean_accuracy": 0.6866666666666668,
      "std_accuracy": 0.04365266951236265,
      "best_score": 0.7333333333333333,
      "worst_score": 0.6083333333333333
    },
    "SVM (Linear)": {
      "scores": [
        0.75,
        0.7583333333333333,
        0.7583333333333333,
        0.7166666666666667,
        0.6333333333333333
      ],
      "mean_accuracy": 0.7233333333333334,
      "std_accuracy": 0.047551142058957024,
      "best_score": 0.7583333333333333,
      "worst_score": 0.6333333333333333
    },
    "K-NN": {
      "scores": [
        0.7166666666666667,
        0.6666666666666666,
        0.5666666666666667,
        0.6416666666666667,
        0.525
      ],
      "mean_accuracy": 0.6233333333333333,
      "std_accuracy": 0.0690008051482815,
      "best_score": 0.7166666666666667,
      "worst_score": 0.525
    },
    "Logistic Regression": {
      "scores": [
        0.675,
        0.7416666666666667,
        0.6583333333333333,
        0.675,
        0.5833333333333334
      ],
      "mean_accuracy": 0.6666666666666667,
      "std_accuracy": 0.05055250296034367,
      "best_score": 0.7416666666666667,
      "worst_score": 0.5833333333333334
    },
    "Gradient Boosting": {
      "scores": [
        0.7166666666666667,
        0.7583333333333333,
        0.7,
        0.7583333333333333,
        0.7
      ],
      "mean_accuracy": 0.7266666666666666,
      "std_accuracy": 0.026562295750848716,
      "best_score": 0.7583333333333333,
      "worst_score": 0.7
    },
    "Extra Trees": {
      "scores": [
        0.75,
        0.7916666666666666,
        0.7416666666666667,
        0.7333333333333333,
        0.6666666666666666
      ],
      "mean_accuracy": 0.7366666666666666,
      "std_accuracy": 0.04034572812303402,
      "best_score": 0.7916666666666666,
      "worst_score": 0.6666666666666666
    },
    "AdaBoost": {
      "scores": [
        0.7,
        0.75,
        0.6333333333333333,
        0.6583333333333333,
        0.6
      ],
      "mean_accuracy": 0.6683333333333332,
      "std_accuracy": 0.052281290471193745,
      "best_score": 0.75,
      "worst_score": 0.6
    },
    "XGBoost": {
      "scores": [
        0.7583333333333333,
        0.8083333333333333,
        0.7083333333333334,
        0.775,
        0.7
      ],
      "mean_accuracy": 0.75,
      "std_accuracy": 0.04082482904638631,
      "best_score": 0.8083333333333333,
      "worst_score": 0.7
    },
    "Naive Bayes": {
      "scores": [
        0.5333333333333333,
        0.675,
        0.49166666666666664,
        0.5,
        0.5166666666666667
      ],
      "mean_accuracy": 0.5433333333333333,
      "std_accuracy": 0.0673712764380258,
      "best_score": 0.675,
      "worst_score": 0.49166666666666664
    },
    "Quadratic Discriminant Analysis": {
      "scores": [
        0.575,
        0.6,
        0.5916666666666667,
        0.6333333333333333,
        0.525
      ],
      "mean_accuracy": 0.585,
      "std_accuracy": 0.03551212625443751,
      "best_score": 0.6333333333333333,
      "worst_score": 0.525
    },
    "Linear Discriminant Analysis": {
      "scores": [
        0.6583333333333333,
        0.7333333333333333,
        0.6666666666666666,
        0.7333333333333333,
        0.6
      ],
      "mean_accuracy": 0.6783333333333333,
      "std_accuracy": 0.05044248650140517,
      "best_score": 0.7333333333333333,
      "worst_score": 0.6
    },
    "Ensemble (RF + SVM)": {
      "scores": [
        0.75,
        0.7583333333333333,
        0.725,
        0.7166666666666667,
        0.675
      ],
      "mean_accuracy": 0.725,
      "std_accuracy": 0.029344694769431662,
      "best_score": 0.7583333333333333,
      "worst_score": 0.675
    }
  }
}