{
  "batch_name": "reduce_signal_time_experiment_ablation_0point25s",
  "num_samples": 150,
  "num_classes": 3,
  "classes": [
    "contact",
    "edge",
    "no_contact"
  ],
  "best_classifier": {
    "name": "Linear Discriminant Analysis",
    "mean_accuracy": 1.0,
    "std_accuracy": 0.0
  },
  "worst_classifier": {
    "name": "K-NN",
    "mean_accuracy": 0.9466666666666667,
    "std_accuracy": 0.02666666666666666
  },
  "all_classifiers_performance": {
    "Random Forest": {
      "mean_accuracy": 0.9800000000000001,
      "std_accuracy": 0.01632993161855452
    },
    "SVM (RBF)": {
      "mean_accuracy": 0.9800000000000001,
      "std_accuracy": 0.02666666666666666
    },
    "SVM (Linear)": {
      "mean_accuracy": 0.9866666666666667,
      "std_accuracy": 0.016329931618554516
    },
    "K-NN": {
      "mean_accuracy": 0.9466666666666667,
      "std_accuracy": 0.02666666666666666
    },
    "Logistic Regression": {
      "mean_accuracy": 0.9866666666666667,
      "std_accuracy": 0.016329931618554516
    },
    "Gradient Boosting": {
      "mean_accuracy": 0.9666666666666668,
      "std_accuracy": 0.029814239699997188
    },
    "Linear Discriminant Analysis": {
      "mean_accuracy": 1.0,
      "std_accuracy": 0.0
    }
  }
}