{
  "batch_name": "collected_data_runs_2025_12_11_v2",
  "num_samples": 804,
  "original_dimensions": 38,
  "num_classes": 50,
  "classes": [
    "edge",
    "no_surface",
    "surface",
    "surface_001",
    "surface_002",
    "surface_003",
    "surface_004",
    "surface_005",
    "surface_006",
    "surface_007",
    "surface_008",
    "surface_009",
    "surface_010",
    "surface_011",
    "surface_012",
    "surface_013",
    "surface_014",
    "surface_015",
    "surface_016",
    "surface_017",
    "surface_018",
    "surface_019",
    "surface_020",
    "surface_021",
    "surface_022",
    "surface_023",
    "surface_024",
    "surface_025",
    "surface_026",
    "surface_027",
    "surface_028",
    "surface_029",
    "surface_030",
    "surface_031",
    "surface_032",
    "surface_033",
    "surface_034",
    "surface_035",
    "surface_036",
    "surface_037",
    "surface_038",
    "surface_039",
    "surface_040",
    "surface_041",
    "surface_042",
    "surface_043",
    "surface_044",
    "surface_045",
    "surface_046",
    "surface_047"
  ],
  "pca_analysis": {
    "explained_variance_ratio": [
      0.3754863111522561,
      0.16325118472446992,
      0.10471882716678907,
      0.07906784892798444,
      0.04763098945592381,
      0.03593108987389833,
      0.035436287288671896,
      0.028455851436956316,
      0.02546356949498754,
      0.022615322720971,
      0.01903602221732093,
      0.01660862204097369
    ],
    "cumulative_variance": [
      0.3754863111522561,
      0.538737495876726,
      0.6434563230435151,
      0.7225241719714995,
      0.7701551614274234,
      0.8060862513013217,
      0.8415225385899936,
      0.8699783900269499,
      0.8954419595219374,
      0.9180572822429084,
      0.9370933044602293,
      0.953701926501203,
      0.9639852752043787,
      0.971934045421433,
      0.9776870683499812,
      0.981847994256543,
      0.9859444872173663,
      0.9886921726301415,
      0.9911137572262265,
      0.9931866688925398,
      0.9948652857279001,
      0.9961434852514499,
      0.9969515810122029,
      0.9976325411128266,
      0.9982926537917338,
      0.9988655601782991,
      0.9993278422941263,
      0.9996303027380092,
      0.9997952560641277,
      0.9999070871277344,
      0.9999523942452798,
      0.999971348795666,
      0.9999883231345632,
      0.999997742409956,
      0.9999990666918215,
      0.9999999999999998,
      0.9999999999999998,
      0.9999999999999998
    ],
    "components_for_95_variance": 12,
    "n_components_used": 12,
    "total_explained_variance": 0.953701926501203
  },
  "tsne_analysis": {
    "methods_tested": [
      "perplexity_5",
      "perplexity_10",
      "perplexity_20",
      "perplexity_30",
      "perplexity_50",
      "best_perplexity",
      "silhouette_score"
    ],
    "best_perplexity": 50,
    "best_silhouette_score": -0.6501428484916687,
    "perplexity_results": {
      "perplexity_5": {
        "perplexity": 5,
        "silhouette_score": -0.655741810798645,
        "kl_divergence": -0.1892172396183014
      },
      "perplexity_10": {
        "perplexity": 10,
        "silhouette_score": -0.6675765514373779,
        "kl_divergence": -1.306563377380371
      },
      "perplexity_20": {
        "perplexity": 20,
        "silhouette_score": -0.6651409268379211,
        "kl_divergence": -0.827434778213501
      },
      "perplexity_30": {
        "perplexity": 30,
        "silhouette_score": -0.6533259153366089,
        "kl_divergence": -0.5483920574188232
      },
      "perplexity_50": {
        "perplexity": 50,
        "silhouette_score": -0.6501428484916687,
        "kl_divergence": -0.40099674463272095
      }
    }
  }
}