{
  "batch_name": "collected_data_runs_2025_12_11_v2",
  "num_samples": 402,
  "original_dimensions": 38,
  "num_classes": 3,
  "classes": [
    "contact",
    "edge",
    "no_contact"
  ],
  "pca_analysis": {
    "explained_variance_ratio": [
      0.37548631115225617,
      0.16325118472447006,
      0.10471882716678915,
      0.0790678489279845,
      0.047630989455923874,
      0.035931089873898286,
      0.03543628728867189,
      0.028455851436956333,
      0.02546356949498754,
      0.022615322720970978,
      0.019036022217320918,
      0.016608622040973697
    ],
    "cumulative_variance": [
      0.37548631115225617,
      0.5387374958767263,
      0.6434563230435154,
      0.7225241719714999,
      0.7701551614274238,
      0.806086251301322,
      0.8415225385899939,
      0.8699783900269502,
      0.8954419595219377,
      0.9180572822429087,
      0.9370933044602296,
      0.9537019265012033,
      0.963985275204379,
      0.9719340454214334,
      0.9776870683499815,
      0.9818479942565433,
      0.9859444872173666,
      0.9886921726301419,
      0.9911137572262269,
      0.9931866688925401,
      0.9948652857279005,
      0.9961434852514502,
      0.9969515810122033,
      0.997632541112827,
      0.9982926537917342,
      0.9988655601782994,
      0.9993278422941266,
      0.9996303027380096,
      0.999795256064128,
      0.9999070871277347,
      0.9999523942452802,
      0.9999713487956663,
      0.9999883231345635,
      0.9999977424099563,
      0.9999990666918218,
      1.0,
      1.0,
      1.0
    ],
    "components_for_95_variance": 12,
    "n_components_used": 12,
    "total_explained_variance": 0.9537019265012033
  },
  "tsne_analysis": {
    "methods_tested": [
      "perplexity_5",
      "perplexity_10",
      "perplexity_20",
      "perplexity_30",
      "perplexity_50",
      "best_perplexity",
      "silhouette_score"
    ],
    "best_perplexity": 10,
    "best_silhouette_score": -0.021851707249879837,
    "perplexity_results": {
      "perplexity_5": {
        "perplexity": 5,
        "silhouette_score": -0.025867164134979248,
        "kl_divergence": 1.0347498655319214
      },
      "perplexity_10": {
        "perplexity": 10,
        "silhouette_score": -0.021851707249879837,
        "kl_divergence": 1.021217703819275
      },
      "perplexity_20": {
        "perplexity": 20,
        "silhouette_score": -0.03516017273068428,
        "kl_divergence": 0.9473353624343872
      },
      "perplexity_30": {
        "perplexity": 30,
        "silhouette_score": -0.02772882767021656,
        "kl_divergence": 0.84232497215271
      },
      "perplexity_50": {
        "perplexity": 50,
        "silhouette_score": -0.03185458853840828,
        "kl_divergence": 0.7015531659126282
      }
    }
  }
}