{
  "batch_name": "balanced_collected_data_runs_2026_01_14_workspace_3_pure_no_contact_undersample",
  "num_samples": 825,
  "num_features": 38,
  "classes": [
    "no_contact"
  ],
  "class_distribution": {
    "no_contact": "825"
  },
  "feature_statistics": {
    "features_shape": [
      825,
      38
    ],
    "labels_shape": [
      825
    ],
    "feature_mean": [
      1293.4124014908393,
      2873.1457059950467,
      5025.994318181818,
      0.026221180292918828,
      9.353622605224489,
      5.5925736105573325,
      6.173727583826637,
      7.073522048002282,
      15.802097435490483,
      0.0055732563581091885,
      536.4204545454545,
      0.08837600306579561,
      2.7862867419468627,
      0.8323757696411375,
      3.5126188165491277,
      -7.77619676294782e-05,
      7.77619676294782e-05,
      0.03162738238320206,
      0.0003101778865234475,
      0.0025703938802083335,
      8.28672226934722,
      0.026297095959595933,
      0.15862801188973075,
      0.3811954813244494,
      0.00020493365924763069,
      0.0002513561104812349,
      0.002661381634798917,
      8.32908832758903e-09,
      4.055506024216161,
      25.944058613632663,
      0.7658254502034719,
      0.11003555150420377,
      0.008690403278804187,
      0.11696039503270929,
      0.18953022447499362,
      0.03162738238320206,
      0.045968386402184314,
      0.945652606324716
    ],
    "feature_std": [
      92.43464213058002,
      99.20960771099845,
      350.589102394412,
      0.0018174497326482566,
      3.2049634844623243,
      1.5826503463927264,
      0.34295163960959346,
      0.6252806382197349,
      3.9417985444746444,
      0.0006416136316326047,
      25.2563608789986,
      0.005693178647522108,
      1.5083444387800393,
      0.26459353160505095,
      0.20055859089979164,
      1.9239826506162445e-06,
      1.9239826506162445e-06,
      0.002618522820659056,
      9.367703143204748e-06,
      8.574340732374061e-05,
      0.1590234411395497,
      0.002016873654971564,
      0.004947249478693766,
      0.006485054801991817,
      5.8939842220225205e-06,
      6.875172175486987e-06,
      7.930708192888928e-05,
      8.360998583626406e-09,
      0.1897295219411549,
      1.8529406366995125,
      0.07259868777418174,
      0.00897575857735438,
      0.0007748389793622109,
      0.008948908848696844,
      0.014947244815327767,
      0.002618522820659056,
      0.0038820090942769695,
      0.08309327249843648
    ],
    "feature_min": [
      696.5222804368227,
      2189.69986455332,
      3996.09375,
      0.012363945133984089,
      2.014030677236878,
      2.8934017785454493,
      5.48515392932939,
      6.152247573990936,
      7.448258506528591,
      0.0027255418244749308,
      457.03125,
      0.03729299083352089,
      1.4444444444444444,
      -0.2845414876937866,
      3.207714557647705,
      -8.362351752231756e-05,
      7.025795508963195e-05,
      0.01826823502779007,
      0.000202782845008187,
      0.00146484375,
      6.956387996673584,
      0.021791666666666668,
      0.1329029224537037,
      0.3359326314419405,
      0.00017083030252251774,
      0.0001689755590632558,
      0.0017291868571192026,
      3.664943001857601e-11,
      1.6275665760040283,
      3.5964431762695312,
      0.44001192894388014,
      0.016454651951789856,
      0.0034915495198220015,
      0.06458722800016403,
      0.10002361238002777,
      0.01826823502779007,
      0.018895704299211502,
      0.0718412846326828
    ],
    "feature_max": [
      2473.291804003809,
      3822.5601834488707,
      9996.09375,
      0.049192387610673904,
      29.858112579777465,
      20.804474374117923,
      8.643591538611988,
      11.709352325284739,
      32.88881057617498,
      0.007612283807247877,
      644.53125,
      0.10842466354370117,
      14.0,
      1.6468993425369263,
      5.080874919891357,
      -7.025795508963195e-05,
      8.362351752231756e-05,
      0.06425285339355469,
      0.0003965418436564505,
      0.0029296875,
      9.167322158813477,
      0.033354166666666664,
      0.1835304542824074,
      0.4372211125382945,
      0.00027143320767208934,
      0.0003105448849964887,
      0.0032250548247247934,
      6.764263105196733e-08,
      4.311331748962402,
      28.851228713989258,
      1.0041032741274876,
      0.12150797247886658,
      0.01650700718164444,
      0.22904172539710999,
      0.3692476153373718,
      0.06425285339355469,
      0.06261809915304184,
      1.075148105621338
    ]
  }
}