{
  "batch_name": "soft_finger_batch_3",
  "num_samples": 150,
  "num_features": 38,
  "classes": [
    "contact",
    "edge",
    "no contact"
  ],
  "class_distribution": {
    "contact": "50",
    "edge": "50",
    "no contact": "50"
  },
  "cv_results": {
    "Random Forest": {
      "scores": [
        1.0,
        1.0,
        0.9666666666666667,
        1.0,
        1.0
      ],
      "mean_accuracy": 0.9933333333333334,
      "std_accuracy": 0.01333333333333333,
      "best_score": 1.0,
      "worst_score": 0.9666666666666667
    },
    "SVM (RBF)": {
      "scores": [
        0.9666666666666667,
        1.0,
        0.8666666666666667,
        1.0,
        0.9666666666666667
      ],
      "mean_accuracy": 0.96,
      "std_accuracy": 0.04898979485566354,
      "best_score": 1.0,
      "worst_score": 0.8666666666666667
    },
    "SVM (Linear)": {
      "scores": [
        0.9666666666666667,
        1.0,
        0.9666666666666667,
        1.0,
        1.0
      ],
      "mean_accuracy": 0.9866666666666667,
      "std_accuracy": 0.01632993161855452,
      "best_score": 1.0,
      "worst_score": 0.9666666666666667
    },
    "K-NN": {
      "scores": [
        0.9666666666666667,
        0.9,
        0.8666666666666667,
        1.0,
        0.9
      ],
      "mean_accuracy": 0.9266666666666667,
      "std_accuracy": 0.04898979485566354,
      "best_score": 1.0,
      "worst_score": 0.8666666666666667
    },
    "Logistic Regression": {
      "scores": [
        0.9666666666666667,
        1.0,
        0.9,
        1.0,
        0.9666666666666667
      ],
      "mean_accuracy": 0.9666666666666666,
      "std_accuracy": 0.036514837167011066,
      "best_score": 1.0,
      "worst_score": 0.9
    },
    "Gradient Boosting": {
      "scores": [
        0.9666666666666667,
        1.0,
        0.9666666666666667,
        1.0,
        1.0
      ],
      "mean_accuracy": 0.9866666666666667,
      "std_accuracy": 0.01632993161855452,
      "best_score": 1.0,
      "worst_score": 0.9666666666666667
    },
    "Linear Discriminant Analysis": {
      "scores": [
        1.0,
        1.0,
        1.0,
        1.0,
        1.0
      ],
      "mean_accuracy": 1.0,
      "std_accuracy": 0.0,
      "best_score": 1.0,
      "worst_score": 1.0
    }
  }
}