{
  "batch_name": "soft_finger_batch_3",
  "num_samples": 150,
  "num_classes": 3,
  "classes": [
    "contact",
    "edge",
    "no contact"
  ],
  "best_classifier": {
    "name": "Linear Discriminant Analysis",
    "mean_accuracy": 1.0,
    "std_accuracy": 0.0
  },
  "worst_classifier": {
    "name": "K-NN",
    "mean_accuracy": 0.9266666666666667,
    "std_accuracy": 0.04898979485566354
  },
  "all_classifiers_performance": {
    "Random Forest": {
      "mean_accuracy": 0.9933333333333334,
      "std_accuracy": 0.01333333333333333
    },
    "SVM (RBF)": {
      "mean_accuracy": 0.96,
      "std_accuracy": 0.04898979485566354
    },
    "SVM (Linear)": {
      "mean_accuracy": 0.9866666666666667,
      "std_accuracy": 0.01632993161855452
    },
    "K-NN": {
      "mean_accuracy": 0.9266666666666667,
      "std_accuracy": 0.04898979485566354
    },
    "Logistic Regression": {
      "mean_accuracy": 0.9666666666666666,
      "std_accuracy": 0.036514837167011066
    },
    "Gradient Boosting": {
      "mean_accuracy": 0.9866666666666667,
      "std_accuracy": 0.01632993161855452
    },
    "Linear Discriminant Analysis": {
      "mean_accuracy": 1.0,
      "std_accuracy": 0.0
    }
  }
}