{
  "batch_name": "balanced_collected_data_runs_2025_12_15_v2_2_workspace3_squares_cutout_undersample",
  "num_samples": 560,
  "num_features": 38,
  "classes": [
    "contact",
    "no_contact"
  ],
  "class_distribution": {
    "contact": "280",
    "no_contact": "280"
  },
  "feature_statistics": {
    "features_shape": [
      560,
      38
    ],
    "labels_shape": [
      560
    ],
    "feature_mean": [
      970.075111100131,
      2647.6361084036726,
      4181.417410714285,
      0.02630504030634516,
      9.738518804266128,
      5.449702758934533,
      6.155384348895913,
      7.022801368933315,
      15.431847611415527,
      0.00549394794590106,
      536.4676339285714,
      0.08364471984761102,
      3.3718430666574166,
      0.9355447642372123,
      2.8556833803653716,
      -7.568364353494689e-05,
      7.568364353494689e-05,
      0.024901653215887824,
      0.000294592123412128,
      0.002549471173967634,
      8.655061725207737,
      0.026506956845238093,
      0.19521409292069705,
      0.34303252255101313,
      0.00017381906514596528,
      0.00023990997511386274,
      0.0026256243856291155,
      5.3736277980716975e-09,
      4.728561678528786,
      33.19347611325128,
      0.959860369674505,
      0.12905135358284628,
      0.009641647535941697,
      0.08272305236064963,
      0.1293418957585735,
      0.024901653215887824,
      0.07459531938657164,
      1.5685197034584624
    ],
    "feature_std": [
      79.3704298474255,
      106.88785507869497,
      476.9274897290825,
      0.0030583728449669226,
      2.8974503270456373,
      1.3791907624943351,
      0.3136194641932784,
      0.5701240468067346,
      3.9041718707251443,
      0.0005945716541043319,
      22.642105702072087,
      0.003879949395185691,
      2.073708314776523,
      0.24786160783148486,
      0.17903339856676526,
      5.394531562911675e-06,
      5.394531562911675e-06,
      0.002465122863041547,
      9.977142344027513e-06,
      8.272635559804893e-05,
      0.16606973653672086,
      0.0020964672598445147,
      0.010386917606956729,
      0.00601326354979019,
      5.76645266462932e-06,
      7.52160430749513e-06,
      7.765124340543848e-05,
      5.773159757958372e-09,
      0.1857905172481316,
      1.9420219030049666,
      0.08908782190705744,
      0.009612385105176676,
      0.0009142540648558202,
      0.007317754522411121,
      0.010146958397787563,
      0.002465122863041547,
      0.004103065035282559,
      0.1240272099021073
    ],
    "feature_min": [
      504.92831183003216,
      1961.967371847665,
      3000.0,
      0.012254021130502224,
      2.02867856736534,
      2.875008322652665,
      4.743113346198707,
      6.285216400034389,
      8.187502912653635,
      0.0038609416224062443,
      457.03125,
      0.0687999427318573,
      1.3448275862068966,
      0.11242306977510452,
      2.503495454788208,
      -9.095385739382565e-05,
      6.612386238192122e-05,
      0.013714193366467953,
      0.00017738892347551882,
      0.00128173828125,
      7.225582599639893,
      0.021541666666666667,
      0.1505669487847222,
      0.3088677071166115,
      0.00013690427294932306,
      0.00014500216639135033,
      0.0015709829749539495,
      2.9801588280475855e-11,
      2.1009864807128906,
      7.072043418884277,
      0.5392149585457003,
      0.022096559405326843,
      0.0058488864451646805,
      0.045769426971673965,
      0.0660158023238182,
      0.013714193366467953,
      0.0637139081954956,
      0.12075978517532349
    ],
    "feature_max": [
      2043.9573716956936,
      3764.806998587275,
      9996.09375,
      0.05751447752118111,
      22.409374627441252,
      16.271758129070765,
      8.594498796196707,
      11.997244006340164,
      32.95275286711706,
      0.007237841375172138,
      644.53125,
      0.11055602878332138,
      11.75,
      1.6560813188552856,
      4.358919143676758,
      -6.612386238192122e-05,
      9.095385739382565e-05,
      0.05731545388698578,
      0.00038927490822970867,
      0.0029296875,
      10.232279777526855,
      0.0324375,
      0.21385814525462962,
      0.3999897577915816,
      0.00024725220282562077,
      0.00030521387816406786,
      0.0031796114053577185,
      5.1240554910236824e-08,
      5.0071539878845215,
      36.54877471923828,
      1.2109853836064237,
      0.1437036395072937,
      0.02165691740810871,
      0.18425098061561584,
      0.26863202452659607,
      0.05731545388698578,
      0.1018841564655304,
      1.7083646059036255
    ]
  }
}