{
  "num_batches_processed": 1,
  "total_impulse_responses": 5,
  "materials_found": [
    "unknown"
  ],
  "num_unique_materials": 1,
  "spectral_centroid_range": {
    "min": 0.04052127669472858,
    "max": 0.043378913517010086,
    "mean": 0.04168454164078282
  },
  "spectral_rolloff_range": {
    "min": 0.06640625,
    "max": 0.06640625,
    "mean": 0.06640625
  },
  "resonant_frequency_range": {
    "min": 150.732421875,
    "max": 22006.93359375,
    "mean": 11297.207774286684
  },
  "quality_factor_range": {
    "min": 0.8,
    "max": 510.5,
    "mean": 211.53557423613063
  }
}