{
  "num_batches_processed": 1,
  "total_impulse_responses": 5,
  "materials_found": [
    "unknown"
  ],
  "num_unique_materials": 1,
  "spectral_centroid_range": {
    "min": 0.036478427130831,
    "max": 0.04095518751334783,
    "mean": 0.03918660556501896
  },
  "spectral_rolloff_range": {
    "min": 0.06640625,
    "max": 0.06640625,
    "mean": 0.06640625
  },
  "resonant_frequency_range": {
    "min": 150.732421875,
    "max": 22006.93359375,
    "mean": 11081.371474847561
  },
  "quality_factor_range": {
    "min": 0.8607594936708861,
    "max": 510.5,
    "mean": 216.36276437721034
  }
}