{
  "num_batches_processed": 1,
  "total_impulse_responses": 5,
  "materials_found": [
    "unknown"
  ],
  "num_unique_materials": 1,
  "spectral_centroid_range": {
    "min": 0.039020100246802185,
    "max": 0.04107644083792711,
    "mean": 0.03981881491548382
  },
  "spectral_rolloff_range": {
    "min": 0.06640625,
    "max": 0.06640625,
    "mean": 0.06640625
  },
  "resonant_frequency_range": {
    "min": 150.732421875,
    "max": 21985.400390625,
    "mean": 11170.550635026739
  },
  "quality_factor_range": {
    "min": 0.8607594936708861,
    "max": 508.9999999999569,
    "mean": 215.14183212279445
  }
}