{
  "num_batches_processed": 4,
  "total_impulse_responses": 20,
  "materials_found": [
    "unknown"
  ],
  "num_unique_materials": 1,
  "spectral_centroid_range": {
    "min": 0.03653665909708404,
    "max": 0.04267786258937341,
    "mean": 0.03927646597673239
  },
  "spectral_rolloff_range": {
    "min": 0.06640625,
    "max": 0.06640625,
    "mean": 0.06640625
  },
  "resonant_frequency_range": {
    "min": 150.732421875,
    "max": 21985.400390625,
    "mean": 11194.166589685388
  },
  "quality_factor_range": {
    "min": 0.8481012658227848,
    "max": 510.5,
    "mean": 217.96861713751989
  }
}