{
  "num_batches_processed": 1,
  "total_impulse_responses": 5,
  "materials_found": [
    "unknown"
  ],
  "num_unique_materials": 1,
  "spectral_centroid_range": {
    "min": 0.037630045326614646,
    "max": 0.04216446195386776,
    "mean": 0.0389594368128046
  },
  "spectral_rolloff_range": {
    "min": 0.06640625,
    "max": 0.06640625,
    "mean": 0.06640625
  },
  "resonant_frequency_range": {
    "min": 150.732421875,
    "max": 22006.93359375,
    "mean": 11179.820275944185
  },
  "quality_factor_range": {
    "min": 0.9452054794520548,
    "max": 508.500000000043,
    "mean": 216.78382903956512
  }
}