{
  "num_batches_processed": 4,
  "total_impulse_responses": 20,
  "materials_found": [
    "unknown"
  ],
  "num_unique_materials": 1,
  "spectral_centroid_range": {
    "min": 0.03668494209032959,
    "max": 0.041835642859749694,
    "mean": 0.03850928329432387
  },
  "spectral_rolloff_range": {
    "min": 0.06640625,
    "max": 0.06640625,
    "mean": 0.06640625
  },
  "resonant_frequency_range": {
    "min": 150.732421875,
    "max": 22006.93359375,
    "mean": 11186.317277968856
  },
  "quality_factor_range": {
    "min": 0.8214285714285714,
    "max": 511.0,
    "mean": 215.0107842150446
  }
}