{
  "num_batches_processed": 4,
  "total_impulse_responses": 20,
  "materials_found": [
    "unknown"
  ],
  "num_unique_materials": 1,
  "spectral_centroid_range": {
    "min": 0.037139488140609224,
    "max": 0.04423015340622271,
    "mean": 0.039938216557674364
  },
  "spectral_rolloff_range": {
    "min": 0.06640625,
    "max": 0.06640625,
    "mean": 0.06640625
  },
  "resonant_frequency_range": {
    "min": 150.732421875,
    "max": 22006.93359375,
    "mean": 11184.595576471844
  },
  "quality_factor_range": {
    "min": 0.8214285714285714,
    "max": 1021.0,
    "mean": 215.05936818170065
  }
}