{
  "num_batches_processed": 4,
  "total_impulse_responses": 20,
  "materials_found": [
    "unknown"
  ],
  "num_unique_materials": 1,
  "spectral_centroid_range": {
    "min": 0.03600125852351146,
    "max": 0.043202949474333126,
    "mean": 0.04043968518034398
  },
  "spectral_rolloff_range": {
    "min": 0.06640625,
    "max": 0.06640625,
    "mean": 0.06640625
  },
  "resonant_frequency_range": {
    "min": 150.732421875,
    "max": 22006.93359375,
    "mean": 11132.201374694454
  },
  "quality_factor_range": {
    "min": 0.8375,
    "max": 1022.0,
    "mean": 217.10573053066457
  }
}