{
  "batch_name": "balanced_collected_data_runs_2025_12_17_v2_workspace_3_squares_cutout_undersample",
  "num_samples": 146,
  "num_features": 38,
  "classes": [
    "contact",
    "no_contact"
  ],
  "class_distribution": {
    "contact": "73",
    "no_contact": "73"
  },
  "feature_statistics": {
    "features_shape": [
      146,
      38
    ],
    "labels_shape": [
      146
    ],
    "feature_mean": [
      1080.623826850255,
      2766.9818684881725,
      4856.860017123287,
      0.022851081743632276,
      9.075249815841207,
      5.52594516831451,
      6.531202106211706,
      7.530167229963546,
      15.880145234282104,
      0.005871787459959518,
      538.8217037671233,
      0.09113470107725222,
      3.210515343904213,
      0.8608588168576156,
      3.3087514769541073,
      -7.906010700629058e-05,
      7.906010700629058e-05,
      0.028273216691123298,
      0.0003153335341740374,
      0.0025852151113013697,
      8.202847487305942,
      0.02641010273972602,
      0.16189898796217028,
      0.36051349703662244,
      0.00020036477129507733,
      0.00025151368973725665,
      0.002710992443273227,
      6.997022061398205e-09,
      4.29691207408905,
      28.574886753134532,
      0.8350331439762095,
      0.10682375078433998,
      0.008833372601856515,
      0.09118983519505965,
      0.14891453720118902,
      0.028273216691123298,
      0.05954096022329918,
      1.1751569591156423
    ],
    "feature_std": [
      58.74830671680797,
      75.9072887109283,
      336.31892984719923,
      0.002190070640662439,
      3.5410359486683722,
      1.0672901130108896,
      0.32534506012639813,
      0.551758490561084,
      3.157377101616348,
      0.0006403172934262568,
      31.04943733734567,
      0.005614945261437191,
      1.1519389273559248,
      0.24754073366249274,
      0.1902005570277325,
      5.598682735024024e-06,
      5.598682735024024e-06,
      0.0018185596465285397,
      1.0354886501661082e-05,
      4.961591980628408e-05,
      0.18194680043731787,
      0.001988802476857861,
      0.009907528931544264,
      0.007024400133847166,
      8.31055452160679e-06,
      7.285850708707092e-06,
      6.309185028876673e-05,
      5.98885541988405e-09,
      0.13840440118676434,
      1.55663551776443,
      0.0865629079268329,
      0.007168633965563492,
      0.000573172533275714,
      0.005931983651775,
      0.009909546369621299,
      0.0018185596465285397,
      0.005036892672131035,
      0.09673048169208569
    ],
    "feature_min": [
      600.1459216525122,
      2125.5187921124248,
      3011.71875,
      0.01125107891857624,
      1.9007591175317131,
      2.9224651649183713,
      6.013994367052665,
      6.721445867027801,
      9.04199916117822,
      0.004054786637425423,
      457.03125,
      0.06882822513580322,
      1.56,
      0.07344960421323776,
      3.034926176071167,
      -9.057833865282039e-05,
      6.878068013918418e-05,
      0.016953513026237488,
      0.0003005547623615712,
      0.002532958984375,
      7.065206050872803,
      0.022375,
      0.12930862991898148,
      0.32292677546146353,
      0.00018557600560598075,
      0.00024278185446746647,
      0.002628651214763522,
      4.4468650983731095e-11,
      3.730372428894043,
      21.674772262573242,
      0.617417303983984,
      0.05478348210453987,
      0.004898169543594122,
      0.05273642763495445,
      0.08035477995872498,
      0.016953513026237488,
      0.0483940988779068,
      0.8575983047485352
    ],
    "feature_max": [
      1183.6062170999676,
      2959.3968464013433,
      5003.90625,
      0.026466848328709602,
      25.538978844036603,
      11.762949790555144,
      8.399422638921425,
      11.131260525488468,
      26.32730812354671,
      0.007768693845719099,
      644.53125,
      0.1075710579752922,
      9.4,
      1.60767662525177,
      4.684213161468506,
      -6.878068013918418e-05,
      9.057833865282039e-05,
      0.032759830355644226,
      0.00041898354538716376,
      0.002960205078125,
      9.024174690246582,
      0.03145833333333333,
      0.17713758680555555,
      0.3766238057641609,
      0.0002685440413188189,
      0.0003258785873185843,
      0.003281769109889865,
      2.720675773559833e-08,
      4.606364727020264,
      31.68372344970703,
      1.0430478664795166,
      0.12103088945150375,
      0.01062097866088152,
      0.10355131328105927,
      0.17035116255283356,
      0.032759830355644226,
      0.07548201829195023,
      1.3572955131530762
    ]
  }
}