{
  "batch_name": "balanced_collected_data_2025_12_15_v1_oversample",
  "num_samples": 5577,
  "num_features": 38,
  "classes": [
    "contact",
    "edge",
    "no_contact"
  ],
  "class_distribution": {
    "contact": "1859",
    "edge": "1859",
    "no_contact": "1859"
  },
  "cv_results": {
    "Random Forest": {
      "scores": [
        0.9632616487455197,
        0.9596774193548387,
        0.9766816143497757,
        0.9766816143497757,
        0.9704035874439462
      ],
      "mean_accuracy": 0.9693411768487712,
      "std_accuracy": 0.006917248478185649,
      "best_score": 0.9766816143497757,
      "worst_score": 0.9596774193548387
    },
    "SVM (RBF)": {
      "scores": [
        0.735663082437276,
        0.742831541218638,
        0.7533632286995515,
        0.7426008968609865,
        0.7497757847533633
      ],
      "mean_accuracy": 0.744846906793963,
      "std_accuracy": 0.006168799973641238,
      "best_score": 0.7533632286995515,
      "worst_score": 0.735663082437276
    },
    "SVM (Linear)": {
      "scores": [
        0.5152329749103942,
        0.514336917562724,
        0.5031390134529148,
        0.5040358744394619,
        0.5174887892376682
      ],
      "mean_accuracy": 0.5108467139206326,
      "std_accuracy": 0.0060221948223065265,
      "best_score": 0.5174887892376682,
      "worst_score": 0.5031390134529148
    },
    "K-NN": {
      "scores": [
        0.7724014336917563,
        0.7634408602150538,
        0.7874439461883408,
        0.7964125560538117,
        0.7892376681614349
      ],
      "mean_accuracy": 0.7817872928620795,
      "std_accuracy": 0.01205064384685878,
      "best_score": 0.7964125560538117,
      "worst_score": 0.7634408602150538
    },
    "Logistic Regression": {
      "scores": [
        0.5161290322580645,
        0.5134408602150538,
        0.5004484304932736,
        0.5121076233183857,
        0.5058295964125561
      ],
      "mean_accuracy": 0.5095911085394668,
      "std_accuracy": 0.005685691101064912,
      "best_score": 0.5161290322580645,
      "worst_score": 0.5004484304932736
    },
    "Gradient Boosting": {
      "scores": [
        0.8351254480286738,
        0.8127240143369175,
        0.842152466367713,
        0.8385650224215246,
        0.8466367713004485
      ],
      "mean_accuracy": 0.8350407444910555,
      "std_accuracy": 0.011794139054701504,
      "best_score": 0.8466367713004485,
      "worst_score": 0.8127240143369175
    },
    "Linear Discriminant Analysis": {
      "scores": [
        0.5134408602150538,
        0.5062724014336918,
        0.49506726457399103,
        0.5103139013452915,
        0.48878923766816146
      ],
      "mean_accuracy": 0.5027767330472379,
      "std_accuracy": 0.009357757667221973,
      "best_score": 0.5134408602150538,
      "worst_score": 0.48878923766816146
    }
  }
}