{
  "batch_name": "collected_data_runs_2025_12_11_v1",
  "num_samples": 997,
  "num_features": 38,
  "num_classes": 3,
  "test_accuracy": 0.46000000834465027,
  "model_performance": {
    "overall_accuracy": 0.46000000834465027,
    "per_class_accuracy": {
      "0": 0.21311475336551666,
      "1": 0.7064220309257507,
      "2": 0.06666667014360428
    }
  },
  "feature_analysis": {
    "consistently_important": [],
    "method_specific": {},
    "feature_groups": {
      "basic_gradients": {
        "acoustic_importance": 0.29476182554897506,
        "impulse_importance": 0.0,
        "acoustic_vs_impulse_ratio": Infinity
      }
    },
    "top_features": [
      23,
      25,
      2,
      34,
      1,
      28,
      13,
      20,
      5,
      10
    ]
  },
  "saliency_maps_summary": {
    "basic_gradients": {
      "gradients": "[[ 1.79249384e-02 -2.47070000e-01  1.28520280e-01 -8.90578404e-02\n  -3.50703672e-02  2.22159013e-01  7.26219863e-02  1.19726911e-01\n   6.79507479e-02  7.57125616e-02 -2.48538852e-01 -5.89231402e-02\n  -1.09891474e-01  4.30694640e-01  6.14433624e-02  9.02327299e-02\n   8.03077593e-02  2.59692408e-02 -2.08389327e-01  1.23895053e-02\n  -1.39675662e-01  8.48955587e-02 -1.63975030e-01 -3.28526902e-03\n   9.51713547e-02 -7.80637115e-02 -2.87061870e-01 -1.05098300e-01\n   2.04406142e-01  8.70776027e-02  2.18529657e-01  1.89991724e-02\n   5.12891710e-02  6.06531724e-02 -5.09227142e-02  1.04301147e-01\n  -3.97321954e-02 -1.50072664e-01]\n [-8.74025598e-02 -2.09157646e-01  9.14376974e-02  2.76963077e-02\n  -1.25921592e-01  2.72641748e-01 -2.26319972e-02  7.11931810e-02\n   3.65239009e-02  1.16234608e-01 -1.72622606e-01 -2.71642227e-02\n   8.37266073e-02  3.58951330e-01 -6.14988022e-02  4.06900905e-02\n   1.38205111e-01  1.63068131e-01 -1.11753114e-01 -1.11089051e-01\n  -2.83579409e-01  9.78682116e-02 -9.71104950e-02 -6.01651780e-02\n   7.17335269e-02  1.50967017e-01 -2.23264515e-01 -1.92810968e-02\n   8.28053355e-02  3.12402714e-02 -6.72118738e-03 -5.75493909e-02\n  -3.86372879e-02  7.39231259e-02 -1.46729380e-01  2.45997235e-01\n   6.61111325e-02 -1.67537421e-01]\n [-6.25270128e-01 -6.35434508e-01  1.37620509e-01 -1.68982804e-01\n   4.33773577e-01 -1.09007728e+00  1.48279250e-01  2.28422090e-01\n   4.32221778e-02  5.37985228e-02 -3.07166994e-01  5.36497355e-01\n  -1.84520215e-01 -1.32906809e-01 -1.15353182e-01  1.47651481e-02\n  -1.68114811e-01 -1.49895325e-01 -2.53087372e-01  6.48263320e-02\n   7.92124391e-01  1.04978703e-01  3.80985767e-01  8.92902136e-01\n   3.37846667e-01 -5.68543553e-01 -5.79418361e-01  1.82188917e-02\n  -5.82662046e-01 -4.03096020e-01  7.17336312e-02 -2.62265474e-01\n   3.51136655e-01 -2.97977298e-01  4.23850060e-01 -1.39837682e-01\n   3.63797605e-01  1.29330963e-01]\n [ 7.15491891e-01  4.91789132e-02 -1.10739946e+00  4.61795330e-02\n  -6.95250213e-01  2.60775357e-01 -5.83292365e-01 -2.61944562e-01\n   2.45616153e-01 -6.17987275e-01  8.22712600e-01  1.39116317e-01\n   7.03323662e-01 -2.95972049e-01  1.77124947e-01 -8.32625628e-01\n   4.01449025e-01  8.99778828e-02 -1.00195214e-01 -3.02088320e-01\n  -8.10675502e-01 -5.30348811e-03  1.28664449e-01 -2.43899202e+00\n  -1.02366492e-01 -8.88919950e-01 -1.01788485e+00 -4.79849845e-01\n  -6.70356452e-01 -9.63930249e-01 -7.10653245e-01  1.08548546e+00\n  -5.27753353e-01 -5.35503268e-01  1.25854528e+00 -3.41750115e-01\n  -8.85074198e-01  2.02356026e-01]\n [ 2.97655851e-01  4.19435233e-01 -3.30251068e-01  9.20001939e-02\n   1.27010852e-01  2.92812526e-01 -2.26487100e-01 -1.82197809e-01\n  -1.32958561e-01 -2.66798474e-02  4.39201921e-01 -1.80512488e-01\n   1.15015134e-01 -8.53427127e-02  1.71373069e-01  3.66396690e-03\n   2.03566387e-01  1.60562009e-01  8.76961797e-02  2.89517846e-02\n  -6.41797602e-01 -4.34998833e-02 -2.42370695e-01 -6.15185976e-01\n  -2.45817795e-01  2.11614475e-01  1.05323173e-01 -2.47966573e-01\n   1.47341907e-01  5.91876032e-03 -8.80947411e-02  3.25918108e-01\n   9.25651984e-04  6.21664412e-02 -2.24184901e-01 -1.82541795e-02\n  -1.69812337e-01 -2.02955246e-01]\n [-3.27141494e-01 -1.07331431e+00  1.84598887e+00 -4.96530592e-01\n   1.88073084e-01  4.00412560e-01  1.86895445e-01  2.32200008e-02\n   7.23084509e-02  3.04561794e-01 -1.89985022e-01  4.92970884e-01\n  -7.60536671e-01  1.32668614e+00 -5.85542500e-01  1.31644517e-01\n  -7.26901889e-01 -1.17664313e+00 -7.35509396e-01 -6.74213827e-01\n  -1.72777787e-01 -6.24198735e-01  6.50013387e-01  9.64658320e-01\n   5.86662054e-01 -1.02258277e+00  3.77943181e-02  9.35617182e-03\n  -3.76198500e-01 -2.37036049e-01 -3.17441416e-03 -4.96393204e-01\n  -1.80432573e-01 -7.52124727e-01  5.30637443e-01 -6.84018433e-01\n  -3.91615778e-01  4.38885033e-01]\n [ 1.10319413e-01 -1.46751879e-02 -1.52936250e-01  6.30486459e-02\n   2.21346959e-01 -2.90503427e-02  1.76806804e-02  2.48022810e-01\n  -3.15266490e-01 -2.79072434e-01 -3.09755534e-01 -1.94613904e-01\n  -2.89535135e-01  2.87154242e-02 -2.07645357e-01  1.60737693e-01\n   2.90705830e-01  4.19397831e-01  1.67199224e-01  9.10846964e-02\n  -8.21315646e-02  3.56735200e-01 -7.09593743e-02 -4.40769084e-02\n  -4.30687368e-01  1.03603852e+00  2.74904221e-01  2.32211798e-01\n   2.98426896e-01  2.41049789e-02  4.65908736e-01 -1.32691771e-01\n   7.53262173e-03  6.30175650e-01 -5.21357477e-01  6.04972363e-01\n   2.73565292e-01 -3.88655782e-01]\n [-3.48244160e-02 -5.03578186e-01  7.10025251e-01 -1.46516472e-01\n  -2.57502645e-01 -3.59135717e-02 -1.22226782e-01 -2.79230148e-01\n   1.82566136e-01  3.06234300e-01 -8.48095492e-02 -1.11571513e-01\n  -2.52634764e-01  2.74586469e-01 -1.41518086e-01  8.33191723e-02\n  -5.52284122e-01 -6.70503378e-01 -2.48664275e-01 -1.77976489e-01\n  -1.20954834e-01  9.41798091e-02  2.29117230e-01  3.29519451e-01\n   1.60846174e-01 -3.06931198e-01  5.30305691e-02  2.94173002e-01\n   1.99968517e-01  7.91278258e-02 -2.79784277e-02 -4.04381305e-01\n  -4.22628373e-02 -3.09652597e-01  1.70976356e-01 -5.48395477e-02\n  -1.93393797e-01  5.92531562e-02]\n [-6.02226472e-03  4.00634736e-01 -4.32355911e-01  2.81502485e-01\n  -8.94651636e-02  2.08617792e-01 -1.10922240e-01 -1.38716653e-01\n   3.58654350e-01  2.05477789e-01 -2.53764004e-01 -7.87418365e-01\n   4.05087709e-01  1.68630332e-01  1.74972937e-01  8.06470960e-02\n   3.03344905e-01  3.50590348e-01  1.22884817e-01  1.99392755e-02\n  -4.75727141e-01  5.16157031e-01 -5.91139734e-01 -5.43497562e-01\n  -3.15358371e-01  4.63000596e-01  4.25945312e-01 -1.48337096e-01\n   9.01213408e-01  3.64491761e-01  3.23840380e-01  2.32371792e-01\n  -7.85301849e-02  2.70563275e-01 -6.04336858e-01  3.15106153e-01\n  -9.50815007e-02 -3.90189618e-01]\n [ 2.14567840e-01  5.90465069e-01 -6.95403963e-02 -1.02391310e-01\n  -2.87267864e-01 -6.90244973e-01 -3.10118377e-01 -3.58713061e-01\n  -1.42655119e-01  1.39049977e-01  6.35664105e-01  2.56236583e-01\n   1.45465493e-01 -8.23297024e-01  4.54820275e-01 -2.50250250e-01\n  -4.37777862e-02  1.48115009e-02  1.11572757e-01  1.03459746e-01\n  -2.65144706e-01 -1.33932039e-01  6.74926221e-01 -3.18788826e-01\n  -1.72075003e-01 -5.37579715e-01  9.59199741e-02  8.19566846e-03\n  -6.69926047e-01 -1.35773029e-02 -1.02723920e+00  3.07632774e-01\n   5.04535258e-01 -3.74888420e-01  7.46718287e-01 -4.79297161e-01\n  -3.47348422e-01  4.68558341e-01]]",
      "mean_absolute_gradient": "[0.24366207 0.4142944  0.5006076  0.15139063 0.24606821 0.35027048\n 0.18011563 0.19113871 0.15977222 0.2124809  0.3464221  0.27850246\n 0.3049737  0.3925783  0.21512926 0.16885762 0.29086575 0.3221419\n 0.21469517 0.15860191 0.37845883 0.20617488 0.32292622 0.62110716\n 0.2518565  0.5264241  0.31005472 0.15626885 0.41333055 0.22096007\n 0.29438737 0.33236882 0.17830355 0.3367628  0.4678259  0.2988374\n 0.28255323 0.25977942]",