{
  "n_components": "19",
  "explained_variance_ratio": [
    0.39153086765228723,
    0.10762026752164297,
    0.0850478932471378,
    0.07596386285865225,
    0.050943332106178504,
    0.040224161819870374,
    0.026358066936665318,
    0.022693695864650962,
    0.020115561454386706,
    0.01760962945743088,
    0.017114472871977936,
    0.01597136448213594,
    0.015914067188225,
    0.014662830526244617,
    0.014205509122730463,
    0.012947481567842156,
    0.01109051318725671,
    0.009697762222498142,
    0.007493498613171761
  ],
  "total_explained_variance": 0.9572048387009857,
  "components_for_95_variance": 19
}