{
  "n_components": "13",
  "explained_variance_ratio": [
    0.32293327054735604,
    0.13844295172604443,
    0.11115880478917883,
    0.0933570308486348,
    0.0618705233207014,
    0.05343222087601647,
    0.03275397610507682,
    0.029788407825565272,
    0.029012668421807417,
    0.02503595212348508,
    0.022906223252959632,
    0.02155848756883037,
    0.01613237659924127
  ],
  "total_explained_variance": 0.9583828940048978,
  "components_for_95_variance": 13
}