{
  "batch_name": "collected_data_runs_2025_12_11_v1",
  "num_samples": 997,
  "original_dimensions": 38,
  "num_classes": 3,
  "classes": [
    "contact",
    "edge",
    "no_contact"
  ],
  "pca_analysis": {
    "explained_variance_ratio": [
      0.3426843445834639,
      0.15626729055100833,
      0.10073044222070715,
      0.0917255341965278,
      0.05592158599418497,
      0.037252559539962406,
      0.034321069535066036,
      0.030342975135372464,
      0.025763289340740698,
      0.025167684530297663,
      0.02158111675998641,
      0.018727305005867247,
      0.01382779891300405
    ],
    "cumulative_variance": [
      0.3426843445834639,
      0.49895163513447227,
      0.5996820773551794,
      0.6914076115517073,
      0.7473291975458922,
      0.7845817570858546,
      0.8189028266209207,
      0.8492458017562932,
      0.8750090910970338,
      0.9001767756273316,
      0.921757892387318,
      0.9404851973931853,
      0.9543129963061893,
      0.9658469988076952,
      0.9733654915307602,
      0.9795745935011576,
      0.9836826169541163,
      0.9870765380785614,
      0.9897051277463466,
      0.9922690691771127,
      0.9940162663171325,
      0.9954514941054712,
      0.9967528852555687,
      0.9975895957202849,
      0.9982467511771201,
      0.9987223567800638,
      0.9990669195708239,
      0.9993560302995863,
      0.9995840955949646,
      0.999757883388372,
      0.9998609660712843,
      0.999930792980843,
      0.9999680077324237,
      0.9999835996713898,
      0.9999968319578343,
      1.0000000000000002,
      1.0000000000000002,
      1.0000000000000002
    ],
    "components_for_95_variance": 13,
    "n_components_used": 13,
    "total_explained_variance": 0.954312996306189
  },
  "tsne_analysis": {
    "methods_tested": [
      "perplexity_5",
      "perplexity_10",
      "perplexity_20",
      "perplexity_30",
      "perplexity_50",
      "best_perplexity",
      "silhouette_score"
    ],
    "best_perplexity": 10,
    "best_silhouette_score": -0.017693690955638885,
    "perplexity_results": {
      "perplexity_5": {
        "perplexity": 5,
        "silhouette_score": -0.02094975858926773,
        "kl_divergence": 1.1522629261016846
      },
      "perplexity_10": {
        "perplexity": 10,
        "silhouette_score": -0.017693690955638885,
        "kl_divergence": 1.179919958114624
      },
      "perplexity_20": {
        "perplexity": 20,
        "silhouette_score": -0.02025475539267063,
        "kl_divergence": 1.141676902770996
      },
      "perplexity_30": {
        "perplexity": 30,
        "silhouette_score": -0.018014686182141304,
        "kl_divergence": 1.0963125228881836
      },
      "perplexity_50": {
        "perplexity": 50,
        "silhouette_score": -0.024478105828166008,
        "kl_divergence": 0.9854183197021484
      }
    }
  }
}