{
  "batch_name": "balanced_collected_data_2025_12_16_v3_oversample",
  "num_samples": 4053,
  "original_dimensions": 38,
  "num_classes": 3,
  "classes": [
    "contact",
    "edge",
    "no_contact"
  ],
  "pca_analysis": {
    "explained_variance_ratio": [
      0.389945813427975,
      0.12900097668361624,
      0.09667919992649732,
      0.0582740637732861,
      0.04999036015866965,
      0.043214726635336057,
      0.031183162114279968,
      0.027851368620810616,
      0.026940246255204924,
      0.025466407484072053,
      0.023268373035638765,
      0.021911976708347658,
      0.018667044068626133,
      0.013982075229221224
    ],
    "cumulative_variance": [
      0.389945813427975,
      0.5189467901115913,
      0.6156259900380886,
      0.6739000538113747,
      0.7238904139700444,
      0.7671051406053805,
      0.7982883027196604,
      0.8261396713404711,
      0.853079917595676,
      0.8785463250797481,
      0.9018146981153868,
      0.9237266748237345,
      0.9423937188923607,
      0.9563757941215819,
      0.9649813372438694,
      0.9733821887579663,
      0.9783158121822303,
      0.9824202872851605,
      0.98595091594329,
      0.9888574365110606,
      0.9913698538487243,
      0.9935909482949044,
      0.9952781957868976,
      0.9964918813650328,
      0.9975236194796566,
      0.9984028449348047,
      0.9989373277632896,
      0.9993044142892986,
      0.9996303401018117,
      0.9998022116111602,
      0.9999003215009691,
      0.9999588868078613,
      0.9999796139860571,
      0.999993988675147,
      0.9999988052649776,
      0.9999999999999999,
      0.9999999999999999,
      0.9999999999999999
    ],
    "components_for_95_variance": 14,
    "n_components_used": 14,
    "total_explained_variance": 0.9563757941215818
  },
  "tsne_analysis": {
    "methods_tested": [
      "perplexity_5",
      "perplexity_10",
      "perplexity_20",
      "perplexity_30",
      "perplexity_50",
      "best_perplexity",
      "silhouette_score"
    ],
    "best_perplexity": 50,
    "best_silhouette_score": -0.01887124963104725,
    "perplexity_results": {
      "perplexity_5": {
        "perplexity": 5,
        "silhouette_score": -0.03272144868969917,
        "kl_divergence": 0.3988867700099945
      },
      "perplexity_10": {
        "perplexity": 10,
        "silhouette_score": -0.030945811420679092,
        "kl_divergence": 0.6037018895149231
      },
      "perplexity_20": {
        "perplexity": 20,
        "silhouette_score": -0.021983634680509567,
        "kl_divergence": 0.8378684520721436
      },
      "perplexity_30": {
        "perplexity": 30,
        "silhouette_score": -0.020070841535925865,
        "kl_divergence": 0.9209604859352112
      },
      "perplexity_50": {
        "perplexity": 50,
        "silhouette_score": -0.01887124963104725,
        "kl_divergence": 1.018843173980713
      }
    }
  }
}