{
  "batch_name": "soft_finger_batch_2",
  "num_samples": 200,
  "num_features": 38,
  "num_classes": 4,
  "test_accuracy": 0.949999988079071,
  "model_performance": {
    "overall_accuracy": 0.949999988079071,
    "per_class_accuracy": {
      "0": 1.0,
      "1": 0.8999999761581421,
      "2": 0.8999999761581421,
      "3": 1.0
    }
  },
  "feature_analysis": {
    "consistently_important": [],
    "method_specific": {},
    "feature_groups": {
      "basic_gradients": {
        "acoustic_importance": 0.10808512901789263,
        "impulse_importance": 0.0,
        "acoustic_vs_impulse_ratio": Infinity
      }
    },
    "top_features": [
      35,
      27,
      37,
      17,
      36,
      34,
      23,
      3,
      22,
      33
    ]
  },
  "saliency_maps_summary": {
    "basic_gradients": {
      "gradients": "[[ 5.78949657e-05  1.64257599e-05 -1.61635762e-05 -3.00863408e-04\n   2.54893035e-04 -7.22601635e-06 -5.37481937e-05 -4.56545968e-05\n  -2.27778437e-04 -2.07464051e-04  8.90196898e-05  8.42491791e-05\n  -2.71568842e-05 -1.64711892e-05 -1.42395656e-05 -3.02688684e-04\n   2.06505589e-04 -8.01044444e-05  1.19177050e-04  2.48759752e-04\n   1.77237598e-05  3.53895506e-04  1.25933748e-05 -5.68397809e-04\n  -4.45843849e-04 -3.39729624e-04  4.13773087e-05  2.70247110e-04\n   2.61549460e-04  2.48273282e-04 -1.65821955e-04 -5.88597206e-04\n   3.89683846e-05 -9.93824942e-05 -1.94230000e-04 -2.31744460e-04\n  -1.19276110e-05 -1.47726547e-04]\n [ 1.19543886e+00  5.74377239e-01  1.36948869e-01  1.47816026e+00\n   1.40227601e-01  1.07270777e+00 -3.75174880e-01  9.90055919e-01\n  -6.31416291e-02  8.30690324e-01 -6.30399704e-01  2.88925990e-02\n   4.25903983e-02 -2.44225502e-01  1.09030020e+00 -1.25462487e-01\n   1.27901912e-01  1.84387004e+00  7.40946889e-01  4.70460951e-01\n  -8.60155463e-01 -9.63498771e-01  1.51543832e+00  1.31460094e+00\n   4.16687697e-01  6.81248307e-01  1.16636741e+00 -1.98302102e+00\n  -4.19325411e-01 -1.55927353e-02  4.60555434e-01  4.72744882e-01\n  -1.81758985e-01  1.38209486e+00  1.83076501e+00  2.08230400e+00\n  -1.58515120e+00 -1.64313805e+00]\n [ 1.17447361e-01  3.74241509e-02  6.45153050e-04 -1.13238283e-01\n  -2.11793520e-02 -8.56606215e-02  5.75523414e-02 -7.73512870e-02\n  -5.21023944e-02  1.54460059e-03  1.14037663e-01  1.23967484e-01\n  -1.56304315e-01  2.54209563e-02  1.54145807e-01 -2.81600505e-01\n   2.49688521e-01  2.24933490e-01  1.13637835e-01 -1.78013984e-02\n  -1.03178553e-01  4.12092060e-02  1.30667128e-02 -1.63070515e-01\n  -5.70768788e-02 -9.10078138e-02  6.22499473e-02 -1.84678748e-01\n   3.65681015e-02  8.84567797e-02  1.42536173e-02 -1.32045940e-01\n   1.33633018e-01  1.24642521e-01  2.22948849e-01  1.06953435e-01\n  -3.07598531e-01 -3.17549646e-01]\n [ 6.17622165e-03  3.00721009e-03 -1.16203053e-04 -4.50599380e-03\n  -3.34858894e-03 -7.16687506e-03  3.39662354e-03 -6.79179374e-03\n   6.74823299e-04 -1.09967135e-03  7.58374389e-03  6.29924377e-03\n  -6.01424836e-03  1.96720986e-03  8.77213571e-03 -1.42887542e-02\n   1.32474992e-02  1.22159328e-02  7.60912476e-03 -9.32182244e-04\n  -5.24156215e-03  3.23092728e-03 -1.05238077e-03 -8.07382260e-03\n  -3.05669196e-03 -5.99240698e-03  2.35152501e-03 -9.47494525e-03\n   2.52575660e-03  1.88790122e-03  1.83621177e-03 -8.72493442e-03\n   4.99361800e-03  7.89114647e-03  1.25135174e-02  6.38291799e-03\n  -1.94485113e-02 -1.57441683e-02]\n [-2.13357955e-04  1.36050745e-04  1.85012541e-04  1.33679144e-03\n  -9.53996205e-05  8.88036797e-04 -5.35599829e-04  6.67340180e-04\n   1.52393295e-05  2.59078399e-04 -3.62187653e-04 -4.87944315e-04\n   3.17945291e-04 -3.61243903e-04 -1.88024656e-04  1.44617376e-03\n  -1.14391570e-03 -3.31127114e-04 -3.17534286e-04 -3.08940071e-04\n   1.67185106e-04 -8.94487195e-04  3.54557531e-04  1.18248293e-03\n   4.14414448e-04  7.86731311e-04  5.54026861e-04  1.33273177e-04\n  -7.52069289e-04 -6.85934676e-04  1.95114946e-04  2.54262995e-05\n  -6.74605311e-04 -1.11004505e-04 -1.62796234e-04  3.54334974e-04\n   9.31595045e-04  7.70234095e-04]\n [-2.66654864e-02 -1.16997557e-02 -1.78824691e-03 -3.21949981e-02\n   6.39678561e-04 -2.32546143e-02  1.02539742e-02 -1.76141728e-02\n  -7.91266793e-04 -8.83687194e-03  1.51358610e-02 -3.22671351e-03\n  -1.58207945e-03  8.88293795e-03 -3.38830613e-02  4.87975264e-03\n  -1.05332825e-02 -3.32479887e-02 -2.04683617e-02 -1.24925058e-02\n   1.96678899e-02  1.77782811e-02 -3.78840454e-02 -2.99988333e-02\n  -7.77463941e-03 -1.50147518e-02 -1.10378740e-02  5.47299944e-02\n  -7.91447703e-04 -9.02066997e-04 -1.06002437e-02 -2.28670742e-02\n  -1.90605258e-03 -2.84524225e-02 -3.54364924e-02 -4.43402864e-02\n   3.52841839e-02  3.75742577e-02]\n [-8.28233897e-06  6.06029280e-05 -6.33618356e-06 -1.97842121e-04\n   2.09212216e-04  5.62445130e-05 -5.24084026e-05 -9.26492212e-05\n  -2.35172061e-04 -1.93637592e-04 -2.21653390e-05  2.72000398e-05\n  -2.30580517e-05 -7.96660752e-05 -6.91534151e-05 -1.92370411e-04\n   1.25702820e-04 -9.59995014e-05  1.11543792e-04  1.52316934e-04\n   5.99931955e-05  3.74763389e-04 -5.86595197e-05 -4.61596879e-04\n  -3.10795032e-04 -3.06173402e-04  1.64085286e-05  2.82365480e-04\n   2.80595385e-04  1.85736673e-04 -1.79508832e-04 -4.38818621e-04\n  -6.07252550e-05 -1.11454552e-04 -1.97766189e-04 -2.22541741e-04\n   4.22683297e-05 -4.58954564e-05]\n [-4.30256687e-02  7.97279924e-03  3.18970531e-02  2.46951208e-01\n  -2.00627878e-01 -2.31349593e-04  5.05793467e-02  3.82668898e-02\n   7.50590265e-02  1.26148820e-01  1.31994123e-02  1.42100155e-02\n   4.72279042e-02  3.08006201e-02 -1.41167626e-01  3.09289664e-01\n  -3.08454484e-01 -6.40518144e-02 -2.06701234e-01 -2.50511825e-01\n   5.26148342e-02 -2.77651548e-01 -4.08443622e-02  4.05141920e-01\n   2.50639766e-01  1.96202278e-01  3.74559383e-03  3.53658311e-02\n  -2.26354554e-01 -2.20484614e-01  4.81011197e-02  2.05156326e-01\n  -2.28312127e-02 -2.48610973e-02 -9.60844103e-03  9.24721435e-02\n   1.88897505e-01  2.05284044e-01]\n [ 2.43057889e-06  1.78480707e-06 -6.92892797e-07  1.19223341e-06\n  -7.07957440e-07 -9.36617823e-08 -6.34902960e-07  1.12374821e-07\n  -2.47091720e-07  8.32376600e-07  1.13795431e-06  2.34336153e-06\n  -2.53016492e-06  1.40471656e-07  3.47277796e-06 -2.87189823e-06\n   3.18179673e-06  4.09454242e-06  2.75398725e-06 -2.60721123e-07\n  -2.49972868e-06 -1.40713735e-06  2.05541869e-06 -1.77625543e-06\n   3.57328219e-07  1.07725668e-07  2.72120178e-06 -4.17036290e-06\n  -1.02688716e-06 -8.17412456e-07  1.04061735e-06 -4.23570873e-06\n   1.23302073e-06  4.14601891e-06  5.48770095e-06  4.97509564e-06\n  -6.35136303e-06 -5.44327258e-06]\n [-6.19398452e-06  4.17174761e-06 -6.78372635e-06 -3.75628879e-05\n   3.41149680e-05 -1.10141366e-06  1.44052785e-06 -1.33843673e-06\n  -1.03502825e-05 -2.52744976e-05  9.46931414e-06  1.45127169e-05\n  -1.15263992e-05 -1.79439085e-05 -5.32860895e-06 -3.60385930e-05\n   3.04284076e-05 -9.28563622e-06  1.12996177e-05  2.36913656e-05\n   7.29826479e-06  4.84588927e-05  1.65831207e-05 -6.77042626e-05\n  -5.02759431e-05 -4.58733048e-05  3.96550695e-06  2.13263429e-05\n   3.68461588e-05  2.91474444e-05 -3.37671263e-05 -3.75135678e-05\n   6.39653490e-06 -3.87351247e-06 -2.61804726e-05 -2.38431439e-05\n   5.67766574e-06 -2.03125364e-05]]",
      "mean_absolute_gradient": "[0.13890417 0.06347002 0.01716105 0.18769251 0.03666174 0.1189974\n 0.0497601  0.11308871 0.01922579 0.09690066 0.07808404 0.01772123\n 0.02541012 0.03117727 0.1428549  0.07375013 0.07113354 0.21788399\n 0.10899258 0.07529327 0.1041113  0.13050419 0.16087303 0.1923168\n 0.07364573 0.09909443 0.12463708 0.22679815 0.06868973 0.0328474\n 0.05359219 0.08426337 0.03459048 0.15682718 0.21118586 0.23332901\n 0.2137378  0.22202797]",