{
  "batch_name": "soft_finger_batch_2",
  "num_samples": 200,
  "num_features": 38,
  "num_classes": 4,
  "test_accuracy": 0,
  "model_performance": {
    "overall_accuracy": 0.949999988079071,
    "per_class_accuracy": {
      "0": 1.0,
      "1": 0.8999999761581421,
      "2": 0.8999999761581421,
      "3": 1.0
    }
  },
  "feature_analysis": {
    "consistently_important": [],
    "method_specific": {},
    "feature_groups": {
      "basic_gradients": {
        "acoustic_importance": 0.05368754891433606,
        "impulse_importance": 0.0,
        "acoustic_vs_impulse_ratio": Infinity
      }
    }
  },
  "saliency_maps_summary": {
    "basic_gradients": {
      "gradients": "[[ 1.96675406e-04  5.86211041e-04 -7.05944913e-05 -1.37798686e-03\n   8.90507654e-04  2.81791581e-04 -2.16588247e-04 -2.33218641e-04\n  -2.05076300e-03 -1.03952945e-03 -1.03806006e-03  2.78135412e-04\n   1.00540114e-03  2.24415853e-04  1.07939064e-03 -1.79263274e-03\n   1.90123357e-03 -1.71384949e-04 -7.28410669e-04  3.18909134e-03\n  -5.33324899e-04  2.93316273e-03  3.21403582e-04 -4.51676827e-03\n  -2.04588030e-03 -2.34435778e-03 -5.62829373e-04 -8.03749208e-05\n   1.47248770e-03  2.45258538e-03 -9.76000505e-04 -2.99578859e-03\n   7.71629449e-04 -6.86565836e-05  1.94654494e-04  1.25734687e-05\n  -1.91778643e-03 -1.39239023e-03]\n [ 5.07042035e-02  2.51769200e-02 -1.08927879e-02 -7.02884197e-02\n  -1.82463154e-02 -6.79260418e-02  2.57393289e-02 -4.18278165e-02\n  -1.44687369e-02 -3.13842925e-03  6.96081668e-02  3.62072736e-02\n  -6.44837767e-02  1.04246009e-02  1.19423926e-01 -1.01320475e-01\n   1.17263287e-01  1.32308424e-01  5.64288944e-02 -3.18182744e-02\n  -2.58190800e-02  3.77815366e-02  2.79229833e-03 -1.06784515e-01\n  -1.88515801e-02 -4.98855785e-02  4.19668779e-02 -7.81885982e-02\n   9.16344114e-03  3.59172821e-02  4.39736573e-03 -7.70444274e-02\n   1.17789760e-01  6.38761893e-02  1.17468931e-01  6.01160042e-02\n  -1.69271797e-01 -1.80517614e-01]\n [ 2.66988209e-05  5.07054385e-04  5.28683813e-06 -8.37553234e-04\n   3.86524625e-04  5.04185446e-04  5.17398701e-04 -3.11186275e-04\n  -2.08787620e-03 -1.12895539e-03 -1.65975405e-04 -4.02462319e-04\n   3.95273586e-04 -6.61994738e-04  5.90637792e-04 -1.54288544e-03\n   1.23241136e-03 -2.17557226e-05 -2.56110041e-04  1.83328032e-03\n  -4.64334502e-04  2.19587865e-03 -3.07762122e-04 -3.03214020e-03\n  -2.45755003e-03 -1.56636792e-03  2.88219576e-06  2.60865985e-04\n   1.06280751e-03  1.88478001e-03 -5.92841592e-04 -1.78015092e-03\n   5.97142964e-04 -4.60820185e-04 -2.44891562e-04 -2.77686631e-04\n  -1.16273540e-03 -7.05710554e-04]\n [-9.05343986e-05  2.60150273e-06  1.51415894e-04 -1.49535772e-03\n   8.24164017e-04  8.57492909e-04 -1.66434213e-04 -4.19312564e-04\n  -1.67577248e-03 -3.01893195e-03 -7.83083087e-05 -6.61103637e-04\n  -5.20554080e-04 -1.77608081e-03  7.00805453e-04 -3.02948803e-03\n   2.78386660e-03  8.13824707e-04  1.22466357e-04  1.78451603e-03\n  -7.55166577e-04  3.20578204e-03 -4.07169369e-04 -4.76671569e-03\n  -4.12566168e-03 -2.94286292e-03  1.00879546e-03  2.37820976e-04\n   1.82449503e-03  3.44355684e-03 -1.36194751e-03 -2.17559515e-03\n   1.64489693e-03 -1.14566740e-03 -1.85064651e-04 -1.57595772e-04\n  -2.65123253e-03 -1.61973911e-03]\n [ 1.36555127e-05  7.76363413e-06 -3.63801701e-06 -6.21211666e-06\n  -7.22487130e-06 -5.50735604e-06  1.06993230e-05 -1.95542089e-08\n  -3.76673097e-06  5.36620928e-06  1.36352919e-05  8.10676647e-06\n  -1.28273832e-05 -6.54884025e-06  2.14303764e-05 -7.88557645e-06\n   8.05529271e-06  2.57902739e-05  1.09698876e-05 -6.11941414e-06\n  -5.76627917e-06 -4.00057706e-06  6.10052075e-06 -1.99483839e-06\n   4.70684313e-07 -3.25139081e-06  1.02195509e-05 -1.66501995e-05\n  -1.93966480e-06  1.79430424e-06  2.59135481e-06 -1.40934635e-05\n   1.33441708e-05  1.79021372e-05  2.22384915e-05  1.91894997e-05\n  -2.91379947e-05 -2.83702266e-05]\n [ 2.25616692e-04 -8.67978204e-03 -6.50174217e-04  1.32705681e-02\n  -2.19391584e-02  1.25658535e-03  1.33619420e-02  1.29018007e-02\n   1.89985707e-02  1.00843133e-02  9.49660037e-03 -1.97812426e-03\n   1.60333212e-03 -8.66481278e-04 -1.81491207e-02  2.26332825e-02\n  -2.65503954e-02 -6.94765151e-03 -4.61552478e-03 -2.60212459e-02\n   4.77636373e-03 -2.25340035e-02  5.54125244e-03  4.65507694e-02\n   1.71249267e-02  2.37137694e-02 -9.97622497e-04  1.05691068e-02\n  -1.08308485e-02 -2.10961960e-02  1.47608668e-02  2.21596379e-02\n  -1.22586517e-02 -7.76359905e-03 -7.75424298e-03  4.85498458e-03\n   2.15645377e-02  2.65969224e-02]\n [-1.76589492e-05  1.69412633e-05  1.28167812e-05 -5.96747013e-05\n   3.10397154e-05  9.73000442e-06  8.93353899e-06 -1.86908273e-05\n  -8.43775124e-05 -6.28664493e-05  3.60472518e-06 -1.79689614e-05\n   2.82315650e-05 -3.31808733e-05  1.32846490e-05 -7.86293094e-05\n   5.15467727e-05  9.56378017e-07 -4.03725026e-05  8.51514342e-05\n  -3.07741175e-05  1.11847185e-04 -2.37102340e-05 -1.91996747e-04\n  -1.31854889e-04 -8.12340295e-05 -4.20866354e-06  4.83489130e-05\n   7.29930762e-05  1.09669149e-04 -3.55663906e-05 -1.43132740e-04\n   4.08434498e-05 -4.10634202e-05 -9.27878591e-06 -2.98672439e-05\n  -3.75614654e-05 -2.41714351e-05]\n [ 2.34116521e-02  1.73863955e-02 -1.09554417e-02 -3.36698703e-02\n  -1.22042978e-02 -3.50268744e-02  1.43790441e-02 -2.37379037e-02\n  -2.37000198e-03 -3.53923393e-03  4.12256233e-02  1.91154126e-02\n  -3.82914096e-02 -1.59464357e-03  5.95564283e-02 -5.27160726e-02\n   5.84918298e-02  5.95760383e-02  3.14751826e-02 -1.10260425e-02\n  -6.21442031e-03  1.35433702e-02 -7.22425291e-03 -5.14776558e-02\n  -4.22115205e-03 -3.03323641e-02  2.56711897e-02 -4.54629250e-02\n   3.60591640e-03  1.28885331e-02  1.82961870e-03 -3.09744924e-02\n   5.13585657e-02  4.06001285e-02  6.13697432e-02  3.12160626e-02\n  -8.59145671e-02 -9.43895504e-02]\n [-8.19000797e-06  1.65997571e-05 -2.71808489e-07 -3.44230393e-05\n   1.86551952e-05 -9.82084111e-06  6.03555100e-06 -1.64078047e-05\n  -5.38032436e-05 -3.12724114e-05 -2.75238949e-06 -3.65367600e-06\n   2.08480324e-05 -1.21509004e-06  1.08911699e-05 -3.63089748e-05\n   3.48739013e-05 -8.04160663e-06 -1.96619985e-05  6.26224719e-05\n  -6.71027510e-06  6.00102612e-05 -7.23573748e-06 -1.00999328e-04\n  -5.69623262e-05 -5.01135473e-05 -1.28801403e-05  1.94692966e-05\n   4.48505962e-05  5.52722377e-05 -1.77090860e-05 -7.71295308e-05\n   1.95020111e-05 -1.77049187e-05 -6.82969085e-06 -1.37032130e-05\n  -2.68653930e-05 -1.74338784e-05]\n [ 6.22399807e-01  5.04854262e-01 -2.56592929e-01  5.58205485e-01\n   2.95559943e-01  3.86549890e-01 -1.00262985e-01  5.20870447e-01\n  -3.14010650e-01  3.53790700e-01 -3.98721308e-01  2.42767885e-01\n   7.15543050e-03 -4.80346501e-01  7.44318902e-01  2.21872866e-01\n  -3.05793405e-01  1.04368269e+00  4.65332299e-01  1.64825350e-01\n  -4.30132687e-01 -4.14696962e-01  6.61891758e-01  3.17712158e-01\n  -1.02136694e-01 -1.47560507e-01  3.09423596e-01 -1.10300899e+00\n  -1.23021230e-01 -9.26817209e-03 -2.88921464e-02 -6.98964074e-02\n  -4.19621691e-02  8.45309258e-01  7.33706951e-01  8.91623676e-01\n  -1.16438329e+00 -9.69390869e-01]]",
      "mean_absolute_gradient": "[0.06970946 0.05572345 0.02793353 0.06792455 0.03501078 0.04924279\n 0.01546694 0.06003368 0.03558043 0.03758396 0.0520354  0.03014401\n 0.01135171 0.04959356 0.09438648 0.04050305 0.05141108 0.12435565\n 0.05590299 0.02406517 0.04687386 0.04970666 0.0678523  0.05351358\n 0.01511527 0.02584804 0.03796611 0.12378931 0.0151101  0.00871179\n 0.00528667 0.02072608 0.02264565 0.0959301  0.09209628 0.09883214\n 0.14469595 0.12746827]",