{
  "batch_name": "soft_finger_batch_2",
  "num_samples": 200,
  "num_features": 38,
  "num_classes": 4,
  "test_accuracy": 0,
  "model_performance": {
    "overall_accuracy": 0.949999988079071,
    "per_class_accuracy": {
      "0": 1.0,
      "1": 0.8999999761581421,
      "2": 0.8999999761581421,
      "3": 1.0
    }
  },
  "feature_analysis": {
    "consistently_important": [],
    "method_specific": {},
    "feature_groups": {
      "basic_gradients": {
        "acoustic_importance": 0.0030878911309532428,
        "impulse_importance": 0.0,
        "acoustic_vs_impulse_ratio": Infinity
      }
    }
  },
  "saliency_maps_summary": {
    "basic_gradients": {
      "gradients": "[[ 5.87236136e-03 -7.40452111e-03  1.08426586e-02 -2.65920460e-02\n   2.57231724e-02  3.85726476e-03  5.28594770e-04 -6.19604299e-03\n  -1.99624691e-02 -1.32700671e-02 -1.55433286e-02 -2.69349199e-03\n   1.30377784e-02  1.24068018e-02  2.65485886e-02 -3.84433195e-02\n   3.89044695e-02 -4.42207139e-03  9.24777333e-03  6.14165850e-02\n   1.37661584e-02  3.97274718e-02  2.21911501e-02 -5.95771410e-02\n  -4.18915637e-02 -3.17958295e-02  1.01767690e-03  4.91294253e-04\n   2.99365986e-02  4.49720882e-02 -1.02410447e-02 -4.19110246e-02\n   1.74916387e-02  1.46186212e-03  1.07032591e-02  3.66022787e-03\n  -2.57272664e-02 -3.40827182e-02]\n [ 5.92323428e-04  7.90553400e-04  6.52792165e-04  2.45322962e-03\n  -4.04092832e-04  1.18168583e-03 -5.97235106e-04  1.64131820e-03\n  -7.28727318e-04  1.30865851e-03 -1.89199089e-03  7.80561386e-05\n  -8.24659437e-05 -8.30069999e-04  1.13065878e-03  2.36293487e-03\n  -2.06882320e-03  1.74677884e-03  6.34794123e-04  1.96467645e-05\n  -3.87142703e-04 -1.99178816e-03  1.32685062e-03  2.41760723e-03\n   1.07441703e-03  1.83284038e-03  9.00378800e-04 -2.33197608e-03\n  -1.25058205e-03 -1.65720994e-03  2.49707256e-04  6.42938365e-04\n  -1.43349683e-03  1.04558025e-03  1.38768274e-03  1.42528105e-03\n  -9.28995316e-04  4.88644946e-05]\n [ 1.23496618e-04  2.83984467e-04  1.42859368e-04  8.02138413e-04\n   2.56165058e-05  4.06611100e-04 -1.94674358e-04  5.33149345e-04\n  -1.52644003e-04  1.31521883e-04 -4.30040236e-04 -4.17279698e-05\n   1.20889585e-04 -2.32411941e-04  1.03868457e-04  7.19028816e-04\n  -5.55279956e-04  3.52072297e-04  2.43379589e-04  3.65493528e-04\n   3.00205029e-05 -4.75181994e-04  4.28340456e-04  4.18417942e-04\n   1.08859576e-05  3.21911473e-04  2.89343327e-04 -2.49717967e-04\n  -1.64060941e-04 -2.64660019e-04  1.22354890e-04 -1.35841801e-05\n  -3.94660688e-04  2.04808268e-04  2.82731227e-04  2.46163545e-04\n  -1.72159169e-04  2.17697852e-05]\n [-3.31819756e-05 -2.35449679e-05  9.55818250e-05 -1.44764912e-04\n   1.20672725e-04 -6.38170677e-05 -8.28883130e-05 -2.53478338e-05\n  -1.16107767e-04 -2.09909587e-04 -1.20597870e-04 -4.29279862e-05\n   9.65944200e-05 -1.45177173e-05  8.67721519e-06 -1.69341627e-04\n   1.48281484e-04 -8.57589184e-05  1.50532687e-05  2.67125753e-04\n   4.16799521e-05  2.06001598e-04  5.70786797e-05 -3.17918631e-04\n  -3.30235431e-04 -1.69976789e-04 -5.59551409e-05  1.34296555e-04\n   1.88554841e-04  2.24948904e-04 -1.24830593e-04 -2.54285347e-04\n   8.60084110e-05 -1.08440465e-04 -2.71117187e-05 -8.94795376e-05\n  -2.64155960e-06 -7.97776811e-05]\n [ 2.52087420e-06 -5.40920801e-08 -6.37593516e-08 -5.33977811e-07\n  -1.75631692e-06 -9.09437972e-07  1.68347142e-07 -4.81031918e-07\n   3.55907730e-08  4.07666732e-07  7.95717369e-07  2.17141701e-06\n  -1.50056724e-06  1.00330931e-06  4.13165117e-06 -1.55960231e-06\n   2.17223146e-06  3.46259003e-06  6.44812417e-07 -6.43505587e-07\n  -3.46010552e-06 -7.07952239e-08  1.03108505e-06 -8.92334242e-07\n   6.63229059e-07  8.54431619e-07  1.34755021e-06 -2.43776958e-06\n  -1.09597238e-06 -6.21512129e-07  2.25035819e-06 -3.60670060e-06\n   2.02446313e-06  3.40435372e-06  4.08697224e-06  3.90463083e-06\n  -5.81313634e-06 -4.24165637e-06]\n [ 2.68595636e-06 -1.84505348e-04  9.94545175e-04 -1.72698358e-03\n   1.29085709e-03 -4.20250348e-04  1.31610832e-05 -4.05537518e-04\n  -5.74176142e-04 -1.60036341e-03  2.48148805e-04 -1.57195609e-04\n   3.69055400e-04  1.34881600e-04  9.01081716e-04 -2.22536619e-03\n   1.95997278e-03 -2.52837519e-04  5.50373341e-04  2.92537082e-03\n   7.74820743e-04  2.36186944e-03  6.41701568e-04 -3.82657256e-03\n  -2.53319344e-03 -1.81231997e-03 -3.26436821e-05  2.69027747e-04\n   1.48202199e-03  2.45695282e-03 -6.07553462e-04 -1.54149975e-03\n   7.26370723e-04 -1.16996955e-04 -1.31471417e-04 -9.31564355e-05\n  -1.04384054e-03 -1.50591356e-03]\n [-2.98371364e-04  8.34410661e-04  1.13319850e-03 -2.57941033e-03\n   3.40854865e-03 -2.59917782e-04 -2.43981765e-03 -1.02495251e-03\n  -1.92532886e-03 -6.91577187e-03 -4.30054590e-03 -1.71652087e-03\n   1.75295572e-03 -1.70472928e-03  1.15019293e-03 -5.23390155e-03\n   5.10782562e-03 -4.93792431e-05  1.89727417e-03  5.31680509e-03\n  -8.94119657e-05  3.39670270e-03  1.97216263e-03 -5.81989530e-03\n  -6.87445793e-03 -3.50349001e-03 -1.42113154e-03  2.30681107e-04\n   4.07810742e-03  5.40088164e-03 -3.01778433e-03 -3.08838743e-03\n   1.05177925e-03 -2.43399246e-03  3.37579142e-04 -3.53334704e-04\n  -1.28910597e-03 -2.88114487e-03]\n [ 9.20508853e-07  1.04881552e-08 -2.58943572e-07 -3.38958614e-07\n  -7.59774537e-07 -1.12045086e-07 -3.94663857e-08 -4.07860284e-07\n  -3.75785589e-08 -7.34405177e-08  2.26590245e-07  1.05169386e-06\n  -9.94010406e-07  1.47122066e-07  1.99337364e-06 -7.92010553e-07\n   1.09455539e-06  1.74772958e-06  5.36832886e-07 -3.34389455e-07\n  -1.37223560e-06 -1.76593289e-07  6.23450717e-07 -4.81214556e-07\n   1.64923662e-07  3.97579612e-07  7.12429369e-07 -1.79168910e-06\n  -5.33479465e-07 -9.61212976e-08  1.01663591e-06 -1.35080234e-06\n   7.57136434e-07  1.60173238e-06  1.92800235e-06  1.76055789e-06\n  -2.92380764e-06 -2.25633835e-06]\n [-5.37071843e-03  2.52737384e-03 -1.47160084e-03  6.89624529e-03\n  -5.07372804e-03 -1.13501493e-03 -2.85514572e-04  3.49679845e-03\n   5.60623314e-03  2.19932129e-03  5.18720783e-03 -1.02773099e-03\n  -9.17922764e-04 -2.44798232e-03 -9.58600454e-03  1.27037968e-02\n  -7.03590596e-03 -4.24599554e-03 -2.62227608e-03 -8.63152184e-03\n  -5.33616345e-04 -7.66872056e-03 -3.98716424e-03  1.39570571e-02\n   6.80474285e-03  3.45548196e-03 -1.89865846e-03  9.34111606e-03\n  -5.31517761e-03 -7.92725757e-03  1.86287961e-03  5.21004712e-03\n  -6.56293053e-03 -4.26204316e-03 -8.22077971e-03 -6.37199823e-03\n   1.34906974e-02  1.11959428e-02]\n [ 1.08400002e-06 -1.72115087e-08 -1.50634079e-07 -5.18092378e-08\n  -8.73088140e-07 -2.33442620e-07 -7.23129379e-09 -7.76362512e-08\n   7.44437543e-08  1.98889666e-07  3.45033300e-07  1.21693472e-06\n  -1.09775624e-06  8.22886790e-08  2.16544663e-06 -7.43285909e-07\n   9.62649437e-07  2.04615958e-06  5.10959751e-07 -3.07865832e-07\n  -1.59552042e-06 -1.99663347e-07  8.57835687e-07 -4.63109046e-07\n   2.44614938e-07  4.63028755e-07  7.53420579e-07 -1.78490654e-06\n  -4.90462071e-07 -2.03737358e-07  1.38742280e-06 -1.46973912e-06\n   8.66697292e-07  1.92476386e-06  2.07870607e-06  1.90438709e-06\n  -3.13077703e-06 -2.36217375e-06]]",
      "mean_absolute_gradient": "[0.00122977 0.0012049  0.00153337 0.00411957 0.00360501 0.00073258\n 0.00041421 0.00133241 0.00290658 0.00256363 0.00277232 0.00057621\n 0.00163813 0.00177726 0.00394374 0.00618608 0.00557848 0.00111622\n 0.00152126 0.00789438 0.00156293 0.00558282 0.0030607  0.00863365\n 0.00595206 0.00428936 0.00056186 0.00130541 0.00424172 0.00629049\n 0.00162308 0.00526682 0.00277505 0.00096407 0.00210987 0.00122472\n 0.00426666 0.0049825 ]",