{
  "batch_name": "soft_finger_batch_2",
  "num_samples": 200,
  "num_features": 38,
  "num_classes": 4,
  "test_accuracy": 0.949999988079071,
  "model_performance": {
    "overall_accuracy": 0.949999988079071,
    "per_class_accuracy": {
      "0": 1.0,
      "1": 0.8999999761581421,
      "2": 0.8999999761581421,
      "3": 1.0
    }
  },
  "feature_analysis": {
    "consistently_important": [],
    "method_specific": {},
    "feature_groups": {
      "basic_gradients": {
        "acoustic_importance": 0.04830643742982494,
        "impulse_importance": 0.0,
        "acoustic_vs_impulse_ratio": Infinity
      }
    }
  },
  "saliency_maps_summary": {
    "basic_gradients": {
      "gradients": "[[ 4.29660408e-03 -2.90200543e-02  1.04703017e-01  4.43751574e-01\n  -3.15581650e-01 -1.54717825e-03  1.15394764e-01  1.07551984e-01\n   7.72464722e-02  1.79862455e-01  2.76595652e-01  8.15235302e-02\n  -8.13050047e-02 -2.83337906e-02 -1.02654189e-01  5.65007985e-01\n  -5.73646903e-01  2.62700301e-03  3.78687531e-02 -5.70665538e-01\n   1.48215011e-01 -6.68459356e-01 -2.74930716e-01  8.38269055e-01\n   3.81292284e-01  3.97965729e-01  6.44867793e-02  1.03090582e-02\n  -3.85004461e-01 -1.98897630e-01  3.69198322e-01  3.60487372e-01\n  -1.62571669e-01 -1.84594899e-01 -9.23609883e-02  3.32264625e-03\n   7.06400335e-01  4.73226249e-01]\n [-3.47208806e-05  1.58324565e-05 -1.22863366e-05 -5.60480075e-05\n   5.39224966e-05 -6.96451798e-06 -2.59792141e-05 -3.35294135e-05\n  -7.49137507e-06 -5.10511272e-05 -1.14407030e-05 -2.82807559e-05\n  -9.14146676e-06 -1.63014247e-05 -3.96691721e-05 -5.66714407e-05\n   6.83067483e-05 -2.55658124e-05 -1.35480368e-05  3.35471595e-05\n  -1.28662596e-05  8.27197291e-05 -2.09558093e-05 -8.84183537e-05\n  -8.30588615e-05 -5.01645191e-05 -7.84869189e-06  9.67681190e-05\n   5.43841343e-05  2.52482459e-05 -5.19564164e-05 -1.05451545e-04\n   2.50514881e-06 -2.78709704e-05 -3.93627670e-05 -4.61380077e-05\n  -2.06277491e-05 -3.24122971e-06]\n [-6.27883361e-04 -4.72219341e-04  4.65914025e-04  1.01797516e-03\n  -1.73522357e-03 -9.92319779e-04  1.12999440e-03  5.08229889e-04\n   1.23454456e-03  3.95244686e-04  1.69562572e-03 -1.44831502e-04\n   5.75173006e-04 -1.03480736e-04 -1.32317038e-03  2.64942180e-03\n  -2.07943656e-03 -7.32788758e-04  2.89975200e-04 -1.71190570e-03\n   1.23909791e-03 -2.54107779e-03 -8.60490953e-04  3.74068832e-03\n   1.12824666e-03  1.28724927e-03 -5.25334035e-04  1.41335395e-03\n  -1.60046597e-03 -1.56972336e-03  2.40674801e-03  1.51326007e-03\n  -1.34585274e-03 -1.93716818e-03 -1.48199126e-03 -9.00159066e-04\n   3.73211061e-03  2.48962548e-03]\n [-6.51487615e-04  1.03722012e-03  1.53302867e-03  4.67740744e-03\n   2.92721543e-05  3.56573216e-03 -2.08301051e-03  5.10277273e-03\n  -9.24867578e-04  1.29444222e-03 -2.55810702e-03 -1.56368245e-03\n   3.02059297e-03  6.52425806e-04 -4.79198620e-03  9.31581855e-03\n  -9.45898425e-03 -2.51941220e-03  1.67591812e-03 -2.27350648e-03\n   2.49632495e-03 -3.51449824e-03 -5.91920689e-04  6.85045170e-03\n   2.01500044e-03  2.42452696e-03 -7.95760483e-04  5.48963295e-03\n  -2.59465491e-03 -1.94677478e-03  1.00225466e-03 -1.26135233e-03\n  -4.89257928e-03 -4.11169976e-03 -4.26896615e-03 -4.64717392e-03\n   1.02593321e-02  7.91920349e-03]\n [ 3.26467961e-01  2.50821054e-01  2.79290006e-02  3.08335334e-01\n  -9.16833617e-03  2.25960925e-01 -1.18144471e-02  2.04143316e-01\n  -2.33427823e-01  1.15400873e-01 -1.50984764e-01  2.95664836e-02\n   6.23621186e-03 -7.08230734e-02  4.22205567e-01 -3.68160792e-02\n  -3.14786695e-02  5.77195346e-01  2.11623579e-01  1.25189111e-01\n  -1.76415578e-01 -2.94499695e-01  3.13422978e-01  1.39930025e-01\n  -1.35836825e-02  1.34112701e-01  1.94392756e-01 -5.19741893e-01\n  -3.74800526e-02 -2.86708847e-02  2.02721842e-02 -2.23596334e-01\n   6.52056336e-02  3.83214116e-01  4.45434570e-01  4.71241742e-01\n  -5.20580828e-01 -5.68860114e-01]\n [-2.79237004e-03 -1.46287365e-03  1.20982339e-04 -1.45708350e-03\n   3.00024753e-04 -1.77552679e-03 -1.30327666e-04 -1.51240022e-03\n   8.55983235e-04 -1.73972151e-03  1.43809244e-03  9.63621569e-05\n  -6.22050080e-04  3.61821469e-04 -4.05117730e-03  2.16885866e-03\n  -3.28252703e-04 -4.55133989e-03 -2.04192358e-03 -2.09102198e-03\n   1.45866012e-03  1.68679259e-03 -3.09029571e-03  9.28100431e-04\n   1.76085901e-04 -5.19928426e-06 -1.60580967e-03  5.47767989e-03\n  -4.29464359e-04 -4.39877214e-04  9.56714357e-05 -6.48777001e-04\n  -1.96334650e-03 -3.63424141e-03 -4.59724618e-03 -4.62183682e-03\n   5.50186727e-03  5.55081805e-03]\n [-1.29947739e-05  1.08922368e-05 -7.93555319e-06 -4.41500561e-05\n   2.50617941e-05 -5.94295352e-06  7.82243387e-06 -3.04089026e-05\n  -6.92911908e-06 -4.48496976e-05 -2.07009252e-05 -2.15545570e-05\n  -9.22712115e-06 -2.13906078e-05 -1.86788347e-05 -6.00179810e-05\n   6.31152216e-05 -1.56830101e-05 -2.07719222e-06  4.60003212e-05\n  -9.67083088e-06  4.87305224e-05  1.69978921e-06 -6.64626932e-05\n  -5.39615539e-05 -5.66606795e-05 -1.60344844e-05  1.81105497e-05\n   4.73745313e-05  2.56490293e-05 -3.60902632e-05 -3.00088686e-05\n   1.25947736e-05 -7.71045143e-06 -8.36263462e-06 -1.92492553e-05\n  -4.16353796e-05 -2.55144696e-05]\n [-2.53862323e-04  3.45303299e-04 -4.57845861e-04 -1.38699007e-03\n   9.29869246e-04 -1.46686943e-04  3.71496542e-04 -3.58110206e-04\n  -8.63349589e-04 -9.98569885e-04 -1.98635651e-04 -1.46255377e-04\n   4.74127708e-04 -1.58815747e-04 -5.02950163e-04 -1.50098372e-03\n   1.53564790e-03 -1.16864503e-04  8.22609509e-05  2.23741727e-03\n   1.07647160e-04  2.20494042e-03  3.72744456e-04 -2.73596100e-03\n  -1.63767033e-03 -1.52671360e-03 -3.51309456e-04  4.35184164e-04\n   1.07588933e-03  7.66312529e-04 -9.38981888e-04 -2.09607626e-03\n   6.55059761e-04  8.05840828e-05 -5.02244802e-04 -5.51559147e-04\n  -1.30998413e-03 -1.23286748e-03]\n [ 7.56040549e-07  4.08328447e-07 -6.47813270e-09 -3.89807212e-07\n  -3.82681463e-07 -3.03926669e-07  2.27401586e-07 -7.98898895e-07\n  -4.74454396e-07 -4.89302714e-08  5.84807424e-07  3.99918548e-07\n  -6.55757219e-07 -6.32341397e-08  1.23182315e-06 -1.07616506e-06\n   8.88872535e-07  1.21758262e-06  2.18021157e-07 -2.11821643e-07\n  -8.31934130e-07 -4.79303083e-07 -3.30996414e-07 -2.10462289e-07\n  -1.43350775e-07  1.08389848e-07  3.74182576e-07 -1.26699797e-06\n  -1.99451890e-07  7.29833416e-10  3.76587934e-07 -1.12968291e-06\n   5.78778042e-07  1.23690290e-06  1.46986918e-06  1.09114796e-06\n  -2.05260017e-06 -1.83423003e-06]\n [-1.21029334e-04 -8.66261125e-03  1.36238495e-02  2.82371119e-02\n  -2.45388206e-02 -5.89025486e-03  6.61915587e-03  1.48535538e-02\n   3.32081430e-02  1.19165322e-02  8.18378013e-03  3.36522050e-03\n  -7.92089384e-03 -1.05504226e-03 -3.11433407e-03  4.20225672e-02\n  -3.32131796e-02 -4.98491572e-03  3.48158251e-03 -4.10846174e-02\n   6.87358575e-03 -4.48605157e-02  4.91318852e-03  6.13096915e-02\n   3.82139832e-02  2.87623256e-02 -2.95671634e-04 -5.00094891e-03\n  -2.58045681e-02 -1.96318198e-02  3.06544155e-02  5.80066852e-02\n  -1.26948338e-02 -1.53306257e-02 -4.00881376e-03  1.06130552e-03\n   4.05313745e-02  3.36616412e-02]]",
      "mean_absolute_gradient": "[0.03352597 0.02918484 0.01488539 0.07889642 0.03523625 0.02398918\n 0.01375772 0.03340951 0.03477761 0.03117038 0.04416874 0.01164566\n 0.01001731 0.01015262 0.05387029 0.06595995 0.06518734 0.05927702\n 0.02570799 0.0745333  0.03368292 0.10178988 0.05982054 0.1053919\n 0.04381841 0.05661914 0.02624777 0.05479839 0.04540915 0.02519739\n 0.0424657  0.06477465 0.02493447 0.05929401 0.0552704  0.04864129\n 0.12883802 0.10929711]",