{
  "batch_name": "soft_finger_batch_2",
  "num_samples": 200,
  "num_features": 38,
  "num_classes": 4,
  "test_accuracy": 0,
  "model_performance": {
    "overall_accuracy": 0.949999988079071,
    "per_class_accuracy": {
      "0": 1.0,
      "1": 0.8999999761581421,
      "2": 0.8999999761581421,
      "3": 1.0
    }
  },
  "feature_analysis": {
    "consistently_important": [],
    "method_specific": {},
    "feature_groups": {
      "basic_gradients": {
        "acoustic_importance": 0.059988420040003564,
        "impulse_importance": 0.0,
        "acoustic_vs_impulse_ratio": Infinity
      }
    }
  },
  "saliency_maps_summary": {
    "basic_gradients": {
      "gradients": "[[-2.06996370e-02  1.25060290e-01 -1.42990753e-01  6.42224729e-01\n  -4.17353541e-01  1.75238758e-01 -7.62668997e-02  1.79386333e-01\n   5.65741420e-01  1.00991465e-02  1.57662213e-01  8.95995200e-02\n  -1.57927766e-01 -1.22464173e-01 -2.39193603e-01  4.90342408e-01\n  -1.05553746e+00 -5.35281956e-01  4.37316261e-02 -1.15879333e+00\n  -1.32482395e-01 -7.47667074e-01 -3.26811075e-01  1.66120446e+00\n   4.61787015e-01  6.58263862e-01  2.18360528e-01  7.36196637e-02\n  -7.74761856e-01 -5.12547851e-01  6.16032600e-01  1.15836501e+00\n  -5.13616920e-01 -3.82183462e-01 -2.17977948e-02  3.09668392e-01\n   4.57146764e-01  5.15016854e-01]\n [ 1.64575704e-06  3.69561910e-08 -8.51906350e-07 -4.60944420e-07\n  -9.81209723e-07 -1.67027542e-06  1.49696530e-06 -9.44840934e-08\n  -1.82268661e-06  3.38020209e-06  2.01527996e-06  1.64942196e-06\n  -3.15750503e-06  7.04881245e-07  6.80017320e-06 -3.44468367e-06\n   2.72376133e-06  5.39565008e-06  7.47334866e-07  2.84334959e-07\n  -2.86711315e-06 -1.38924690e-06  2.78670973e-06 -3.52974439e-07\n   5.28596615e-07  1.72061903e-07  1.01715329e-06 -6.03786930e-06\n  -9.76966021e-07 -1.27369196e-06  1.11638030e-06 -7.07350091e-06\n   2.69711018e-06  7.63999742e-06  7.41393751e-06  6.19098455e-06\n  -1.08758777e-05 -1.11197787e-05]\n [-4.87227514e-02  3.20753865e-02 -1.07475854e-02  1.97225943e-01\n  -1.62001938e-01  5.16670346e-02 -4.25707102e-02  2.05562413e-01\n   6.13701679e-02  1.24172263e-01  7.23274127e-02  2.51735039e-02\n  -6.94784969e-02 -1.59565359e-02 -9.29348469e-02  1.97904304e-01\n  -3.69062781e-01 -1.90313786e-01 -3.33017074e-02 -3.08623314e-01\n   4.60216254e-02 -2.09619939e-01 -1.00123391e-01  5.68039834e-01\n   1.26335919e-01  2.65697151e-01  6.97905198e-02  8.64621401e-02\n  -2.92191714e-01 -2.10636631e-01  1.95374250e-01  2.25562006e-01\n  -1.36994943e-01 -1.24146104e-01 -1.36938049e-02  4.23316360e-02\n   2.39911824e-01  2.13010758e-01]\n [ 1.11656282e-02 -2.03315038e-02 -9.13670566e-03 -1.97515693e-02\n  -2.18114420e-03 -3.14982682e-02 -2.38832179e-03 -3.53365131e-02\n   1.67972483e-02 -4.62183077e-03  2.30958946e-02  4.10002209e-02\n  -3.73164862e-02 -7.59628322e-03  3.68188098e-02 -6.68745190e-02\n   4.62503992e-02  4.70230319e-02  4.33923770e-03 -2.21645758e-02\n  -3.78595181e-02 -1.91671308e-03 -4.93834540e-03 -3.57384458e-02\n  -1.46272173e-02 -1.67779624e-02  6.48964848e-03 -4.43895906e-02\n   9.26780514e-03  1.53684877e-02  1.14600256e-03 -1.60806719e-02\n   4.17203866e-02  6.29065186e-02  5.21052331e-02  3.84734161e-02\n  -9.92202908e-02 -9.30145159e-02]\n [-3.21231382e-05 -2.88984993e-05  6.25196833e-07 -1.09601402e-04\n   1.41473603e-04 -4.92163463e-06  1.98207499e-06 -5.63430731e-05\n  -9.84809667e-05 -7.86701930e-05 -2.23732713e-05  3.75424643e-05\n   8.09058383e-06 -3.70486305e-05 -2.84890866e-05 -6.58443532e-05\n   1.38616087e-04 -2.72634625e-05 -7.33485285e-05  1.14393457e-04\n   5.37140568e-06  1.51130385e-04 -4.59196672e-05 -2.65178387e-04\n  -1.60339972e-04 -1.71581982e-04  8.09961057e-06  1.11995476e-04\n   1.24438404e-04  1.51566768e-04 -1.32387227e-04 -2.80013221e-04\n   7.77828027e-05  2.69820575e-05 -7.99384943e-05 -1.74065004e-04\n   7.31756227e-05 -5.83791370e-06]\n [-1.79213137e-04 -8.60005312e-05 -2.08469050e-04 -7.70361454e-04\n   8.00739683e-04 -2.40495472e-04  7.42828925e-05 -3.83623963e-04\n  -3.65796644e-04 -3.22096050e-04  7.00081582e-05  2.67514231e-04\n   1.57600371e-04 -2.49911100e-04 -1.60619049e-04 -2.90487107e-04\n   8.78134626e-04 -2.04988264e-05 -2.34699386e-04  5.46157593e-04\n   1.71293068e-04  8.07684439e-04 -2.00746552e-04 -1.82377629e-03\n  -8.84101319e-04 -8.26441159e-04  3.29785718e-04  6.74035226e-04\n   8.09682184e-04  1.08230568e-03 -6.32788811e-04 -1.64040457e-03\n   4.75830195e-04  1.05419800e-04 -6.22256252e-04 -8.23734270e-04\n   2.57111096e-04 -2.38040404e-04]\n [ 1.05053596e-06 -4.42671052e-07 -5.87323939e-07 -6.77109369e-07\n  -3.16562847e-07 -1.92998323e-06  9.92208697e-07 -4.58939212e-07\n   4.47332070e-07  1.43889304e-06  1.43038642e-06  2.27938813e-06\n  -2.31212425e-06 -7.68935877e-07  3.78774735e-06 -3.36422750e-06\n   2.56135036e-06  3.83896622e-06  6.26723761e-07  2.07086259e-07\n  -2.09758559e-06 -6.91857736e-07  2.11660699e-06 -1.02621379e-06\n  -3.95226238e-07 -4.47114758e-07  6.78739980e-07 -3.76020353e-06\n   4.79991286e-07  4.93195671e-07  5.21630227e-07 -2.55540249e-06\n   2.96211260e-06  3.92641005e-06  3.79215749e-06  3.47387754e-06\n  -6.69458132e-06 -6.35761626e-06]\n [ 4.08857517e-07 -9.62447189e-08 -2.42737116e-07 -9.56737338e-08\n  -7.45153201e-08 -6.34970604e-07  4.92354502e-07 -2.69549247e-07\n  -4.05295651e-07  8.12352539e-07  2.78131978e-07  8.47012188e-07\n  -6.73507998e-07  1.65405126e-07  1.67206588e-06 -9.08655466e-07\n   8.62680452e-07  1.47902927e-06  1.01559451e-07 -1.26694948e-08\n  -7.01932549e-07 -3.51806221e-07  7.09972539e-07 -4.18451094e-07\n   1.35665896e-08  1.37889330e-07  3.39614814e-07 -1.13070291e-06\n   1.18940356e-07 -1.23345515e-07  1.75600007e-07 -1.79075471e-06\n   8.59987608e-07  1.57725947e-06  1.61078572e-06  1.44064938e-06\n  -2.26665975e-06 -2.24735300e-06]\n [-8.06038082e-03 -8.98150436e-04 -2.74284254e-03 -7.91082159e-03\n  -2.13790289e-03 -7.53454771e-03 -3.54773278e-04 -2.54741800e-03\n   5.48485713e-03 -7.43180187e-03  4.47489601e-03 -2.80896726e-04\n   4.24427073e-03  4.19341866e-03 -1.45102087e-02  3.64679378e-03\n  -4.48392285e-03 -1.74260810e-02 -1.10710021e-02 -6.82633137e-03\n   1.04562324e-02  6.04050374e-03 -1.36352954e-02 -3.30901379e-03\n  -1.18907238e-03  8.50450451e-05 -1.43696764e-03  1.80903804e-02\n  -2.78240233e-03  5.46510238e-03 -1.77658012e-03 -2.69195135e-03\n  -4.20092419e-03 -1.41361030e-02 -1.60294808e-02 -1.62392817e-02\n   2.15387028e-02  1.63523313e-02]\n [ 2.17584770e-07 -4.85624057e-08 -1.66853610e-07 -2.40202773e-08\n   3.01593985e-08 -5.96662062e-08 -2.51050380e-08 -2.97135159e-07\n  -3.51219313e-07  2.16177725e-07  1.50604336e-07  3.91054328e-07\n  -6.25456039e-07 -1.00812247e-08  7.09026097e-07 -5.92134882e-07\n   3.49416354e-07  5.98589111e-07  1.59182875e-07 -2.68545904e-07\n  -5.39983489e-07 -2.96599808e-07  3.54094922e-08 -1.25310322e-07\n  -2.36554989e-08 -7.88126897e-08  9.80221415e-08 -7.68204757e-07\n  -1.44691597e-07 -2.25663570e-07  1.09939847e-07 -8.80504899e-07\n   4.42015590e-07  1.01398587e-06  1.09895677e-06  5.76118794e-07\n  -1.25775728e-06 -1.38339271e-06]]",
      "mean_absolute_gradient": "[0.00888631 0.01784808 0.01658288 0.08679943 0.05846182 0.02661883\n 0.012166   0.04232738 0.06498611 0.01467317 0.02576567 0.01563644\n 0.02691395 0.0150499  0.03836595 0.07591327 0.14763577 0.0790104\n 0.00927533 0.14970689 0.02270026 0.09662058 0.04457605 0.22703826\n 0.06049846 0.09418229 0.02964177 0.02233595 0.10799395 0.0745254\n 0.08150966 0.14046322 0.06970938 0.05835187 0.01043424 0.04077222\n 0.0818169  0.08376596]",