{
  "batch_name": "soft_finger_batch_2",
  "num_samples": 200,
  "num_features": 38,
  "num_classes": 4,
  "test_accuracy": 0.925000011920929,
  "model_performance": {
    "overall_accuracy": 0.925000011920929,
    "per_class_accuracy": {
      "0": 1.0,
      "1": 0.8999999761581421,
      "2": 0.800000011920929,
      "3": 1.0
    }
  },
  "feature_analysis": {
    "consistently_important": [],
    "method_specific": {},
    "feature_groups": {
      "basic_gradients": {
        "acoustic_importance": 0.09198794178174514,
        "impulse_importance": 0.0,
        "acoustic_vs_impulse_ratio": Infinity
      }
    },
    "top_features": [
      27,
      36,
      14,
      22,
      17,
      0,
      33,
      37,
      34,
      23
    ]
  },
  "saliency_maps_summary": {
    "basic_gradients": {
      "gradients": "[[ 4.09690524e-03  2.87884497e-03  1.78554983e-04 -1.78374769e-03\n  -7.19571137e-04 -1.27420551e-03  2.51879729e-03 -3.90394009e-03\n  -1.72765797e-03  3.39913694e-03 -1.48122479e-06  3.29170586e-03\n  -4.37781913e-03  1.33087847e-03  8.70053656e-03 -8.17433838e-03\n   9.37975757e-03  9.18538868e-03  1.93074543e-03  3.14181694e-03\n  -1.51647325e-03  3.30526335e-03  3.62741435e-03 -7.40615418e-03\n   2.25464901e-04 -6.04420668e-04 -1.49279396e-04 -7.58295925e-03\n   1.85769948e-03  2.80612614e-03  8.95880279e-04 -8.69091880e-03\n   4.86954441e-03  5.98345418e-03  6.42787945e-03  7.76252663e-03\n  -1.28220608e-02 -1.08328583e-02]\n [ 1.64089763e+00  5.91537833e-01  4.97300066e-02  9.06913161e-01\n   1.29470289e-01  8.35849762e-01  5.69078326e-02  8.54889810e-01\n  -2.13614166e-01  5.96605599e-01 -2.84559041e-01 -2.78248042e-01\n  -2.77807742e-01 -2.53189564e-01  1.68788004e+00  5.72197400e-02\n  -4.60519671e-01  1.44204342e+00  5.24021864e-01  2.96335816e-01\n  -9.03543770e-01 -7.09754109e-01  1.69194221e+00  8.78124177e-01\n   6.21140063e-01  2.36210287e-01  3.70591313e-01 -2.04903364e+00\n  -8.44429612e-01 -1.12828285e-01  3.47680062e-01  5.10250270e-01\n   3.68805602e-02  1.45619619e+00  1.27207673e+00  1.07477486e+00\n  -1.77259743e+00 -1.13053656e+00]\n [ 9.00484065e-06  3.11495955e-06  8.87446333e-07  2.20578295e-06\n  -3.13733267e-06 -4.62516800e-06  2.49856186e-07 -5.31918886e-06\n  -2.16904414e-06  8.62038178e-06  4.78048014e-06  5.48356820e-06\n  -1.06112784e-05  1.77755669e-06  1.97585305e-05 -1.54944646e-05\n   1.01391706e-05  2.12038594e-05  6.14389683e-06 -2.29770330e-06\n  -6.66430060e-06 -7.11602922e-07  5.97393773e-06 -1.08120803e-05\n   5.17245962e-06  1.41101452e-06  6.95411984e-07 -1.11534609e-05\n  -2.32664638e-06 -2.60166780e-06  5.43361602e-06 -2.02485880e-05\n   8.67665949e-06  1.42417075e-05  1.57643681e-05  1.21697922e-05\n  -2.45104256e-05 -2.05154811e-05]\n [-1.07637057e-02 -1.53882457e-02 -2.23800261e-03  1.13011012e-02\n   5.23285801e-03  1.67204700e-02  4.10260912e-03  2.49504261e-02\n  -9.93045699e-03  7.66734267e-03 -1.18271289e-02 -2.17484944e-02\n   1.76407527e-02 -3.65713495e-03 -3.93773057e-02  4.38833870e-02\n  -4.58422638e-02 -4.45283912e-02 -1.76036227e-02 -2.46756501e-03\n   1.35625275e-02 -1.93686970e-02 -1.15250265e-02  3.83485630e-02\n  -4.42187488e-03  6.25659619e-03  2.53010145e-03  3.73949371e-02\n  -1.22155668e-02 -9.40457918e-03 -2.01923377e-03 -7.51897646e-03\n  -2.38261186e-02 -2.44556889e-02 -2.48078071e-02 -2.69138459e-02\n   5.71961813e-02  4.79024388e-02]\n [-4.15465212e-04 -1.21704696e-04  3.86147767e-05 -7.89408339e-04\n   7.63988413e-04  6.79299992e-05 -3.14671961e-05 -5.06604731e-04\n  -8.18165718e-04 -2.76245933e-04 -3.30560084e-04 -3.81550926e-04\n  -9.25642453e-05 -3.33532080e-04 -5.73788187e-04 -5.30407648e-04\n   7.70509010e-04 -7.74549495e-04 -3.17025755e-04  1.00275432e-03\n   4.44488367e-04  1.29840104e-03 -2.99025094e-04 -1.76173600e-03\n  -1.00134115e-03 -3.76360811e-04 -3.14908422e-04  9.37065342e-04\n   8.68006784e-04  5.79488231e-04 -2.46763404e-04 -1.93559949e-03\n   1.36589573e-04 -5.61736408e-04 -5.06319746e-04 -1.83236873e-04\n   1.75072637e-04 -2.66808725e-04]\n [ 6.11192398e-02  3.66803817e-02  9.64251161e-03 -2.58416552e-02\n  -1.30961016e-02 -6.43792525e-02  1.34628685e-02 -7.37148151e-02\n   1.13687906e-02  2.37867795e-02  8.78584608e-02  1.05109528e-01\n  -1.07781932e-01 -5.32972859e-03  1.54580846e-01 -1.76705033e-01\n   2.06873178e-01  1.71424329e-01  4.30683158e-02 -1.38086500e-02\n  -4.46939766e-02  4.82621118e-02  8.68686382e-03 -1.62144154e-01\n  -7.27934716e-03 -2.59528812e-02  7.28510972e-03 -1.51715040e-01\n   3.21432315e-02  5.55050708e-02  1.59772318e-02 -1.07511386e-01\n   1.16213568e-01  1.03813171e-01  1.02473959e-01  1.34016171e-01\n  -2.16221482e-01 -1.91195890e-01]\n [-1.51102649e-04 -2.66882998e-04 -4.26567494e-05 -1.26050052e-03\n   1.82716956e-03  3.58312158e-04 -1.08688290e-03 -5.51986799e-04\n  -9.37792240e-04 -1.27280853e-03 -2.56022293e-04  2.83500820e-04\n  -4.19706659e-04 -1.04473217e-03 -4.73565218e-04 -1.49168132e-03\n   1.69579242e-03 -2.15331995e-04 -6.46235712e-05  1.05911400e-03\n  -8.14089581e-05  2.01311521e-03 -4.94776818e-04 -3.88001837e-03\n  -2.00688583e-03 -1.01594173e-03  1.38350486e-04  7.47700920e-04\n   1.95444282e-03  1.30323588e-03 -6.10573043e-04 -1.43023534e-03\n   4.57192327e-05 -6.19162893e-05 -6.02890970e-04  4.78942413e-04\n  -6.05333771e-04 -3.92626534e-04]\n [-4.98726033e-03 -1.61923608e-03 -1.40461023e-04 -2.30007689e-03\n  -7.72850006e-04 -3.15507664e-03  2.62496498e-04 -9.75457311e-04\n   6.44575804e-04 -1.07824267e-03  2.93327356e-03  3.96186806e-04\n   4.60079929e-04  5.08431112e-04 -4.83902264e-03  9.25309316e-04\n  -2.59221008e-04 -4.64212522e-03 -1.90746319e-03 -2.48976564e-03\n   1.99960242e-03  6.05126901e-04 -5.59211522e-03 -1.00762188e-03\n  -1.42576522e-03 -4.77335470e-06 -5.36120206e-04  7.25361519e-03\n   9.74147872e-04 -9.76826530e-04 -2.14946966e-04 -4.50203288e-03\n  -2.79641845e-05 -4.70532756e-03 -2.88860430e-03 -3.64463846e-03\n   7.09204283e-03  3.54828383e-03]\n [ 4.62557582e-05 -2.12492887e-04 -7.62225463e-05  9.35887080e-03\n   4.56017820e-04  4.67585446e-03  8.34991399e-04  8.82067811e-03\n  -1.76937494e-03  3.03403661e-03 -8.43175780e-03 -9.69535857e-03\n   5.99844055e-03 -1.06467742e-04 -4.94413404e-03  1.36877857e-02\n  -1.76935401e-02 -8.25520977e-03 -1.64055952e-03 -6.70201320e-04\n  -9.13149997e-05 -9.87839047e-03  3.91207309e-03  1.37634212e-02\n   2.92863278e-03  6.43064128e-03  8.62481655e-04  7.14420108e-03\n  -5.89988753e-03 -7.50914356e-03  1.66131509e-03  8.03862640e-04\n  -5.14812581e-03 -1.56085403e-03 -2.86309537e-03 -7.03265565e-03\n   1.15828589e-02  1.20160058e-02]\n [-4.76760120e-04 -5.63497245e-02 -2.41266564e-02  1.34706944e-01\n  -1.29107147e-01 -2.44232360e-02  6.17503608e-03  7.45573640e-02\n   2.68624425e-02  4.24643382e-02  5.53037263e-02 -3.28151621e-02\n   9.71352030e-03  1.57285519e-02 -9.19303149e-02  1.65585682e-01\n  -2.37548411e-01 -4.57829721e-02 -2.95154210e-02 -1.79712564e-01\n   3.07299942e-03 -2.29501277e-01 -8.13082010e-02  3.08832884e-01\n   1.24881536e-01  6.38063401e-02  8.84290859e-02  7.39108995e-02\n  -1.83392301e-01 -1.41958147e-01  5.37936278e-02  9.62550715e-02\n  -4.28355783e-02 -4.82631773e-02 -4.77764569e-03 -9.11613256e-02\n   1.77535117e-01  1.41806945e-01]]",
      "mean_absolute_gradient": "[0.17229633 0.07050584 0.00862146 0.10942577 0.02814491 0.09509088\n 0.00853832 0.10428762 0.02676756 0.06795932 0.04515063 0.0451975\n 0.04243032 0.02812308 0.19933192 0.04682188 0.09805925 0.17268729\n 0.06200758 0.05006906 0.09690132 0.10239872 0.18073937 0.14152797\n 0.07653161 0.03406597 0.04708374 0.23357312 0.10837372 0.03328735\n 0.0423105  0.07389186 0.02299925 0.16456155 0.14174405 0.13459805\n 0.22558519 0.1538519 ]",