{
  "batch_name": "soft_finger_batch_2",
  "num_samples": 200,
  "num_features": 38,
  "num_classes": 4,
  "test_accuracy": 0,
  "model_performance": {
    "overall_accuracy": 0.949999988079071,
    "per_class_accuracy": {
      "0": 1.0,
      "1": 0.8999999761581421,
      "2": 0.8999999761581421,
      "3": 1.0
    }
  },
  "feature_analysis": {
    "consistently_important": [],
    "method_specific": {},
    "feature_groups": {
      "basic_gradients": {
        "acoustic_importance": 0.07720827995064228,
        "impulse_importance": 0.0,
        "acoustic_vs_impulse_ratio": Infinity
      }
    }
  },
  "saliency_maps_summary": {
    "basic_gradients": {
      "gradients": "[[ 3.17453760e-06  9.96579502e-07 -5.68574080e-07 -3.96314078e-07\n  -1.06894277e-06  6.75777983e-07 -1.99544516e-07  4.39596732e-07\n  -1.41274643e-06  1.33108085e-06  1.19850336e-06  1.22811252e-06\n  -2.28601402e-06 -4.60281370e-07  4.32865363e-06 -1.83900011e-06\n   2.17109778e-06  3.17651597e-06  1.44906210e-06 -4.71095660e-07\n  -1.19739843e-06 -1.44769126e-06  1.33977187e-06  5.71531814e-07\n   3.51906579e-07 -8.79570905e-07  2.58801288e-06 -2.96497910e-06\n  -1.13821568e-06 -6.64620643e-07  8.73143563e-07 -4.04903722e-06\n   2.12916939e-06  2.51612664e-06  3.11372060e-06  4.43317276e-06\n  -6.37380344e-06 -4.86646104e-06]\n [ 6.59683287e-01  7.15217218e-02 -4.30700108e-02  6.69749498e-01\n   4.99776676e-02  5.60552716e-01 -1.84105173e-01  5.13372362e-01\n  -3.79029393e-01  5.36334097e-01 -1.81334525e-01  1.42563796e-02\n  -1.12162732e-01 -3.41687679e-01  9.81344044e-01  8.11322108e-02\n  -4.50741276e-02  8.60422134e-01  2.31269181e-01  5.45450866e-01\n  -3.21000248e-01 -6.00778162e-01  7.01414108e-01  6.61114901e-02\n   1.57952935e-01 -3.60196829e-02  4.42859173e-01 -9.67982411e-01\n  -3.53546292e-02 -2.75308251e-01  3.39419425e-01 -1.45758644e-01\n   2.79975496e-02  6.27048194e-01  8.56379271e-01  1.12720358e+00\n  -1.29539776e+00 -8.01243842e-01]\n [-1.41142402e-04 -1.61068165e-05 -1.45899656e-04 -1.46372942e-03\n   4.78388392e-04  1.99642847e-04 -8.54808968e-05 -7.99074944e-04\n  -3.85632360e-04 -1.11385889e-03 -8.79505169e-05 -4.93164582e-04\n   5.50567405e-04 -8.42857291e-04  2.11999853e-04 -1.10299361e-03\n   1.50202913e-03  3.41863824e-07  6.38710510e-04  1.80301175e-03\n   1.88437392e-04  2.13708146e-03  4.83322074e-04 -2.55061896e-03\n  -2.19487189e-03 -1.99428760e-03 -2.18472909e-04  1.95170476e-04\n   1.86889770e-03  9.26557055e-04 -8.45826755e-04 -1.12261612e-03\n   7.42827135e-04 -2.09124133e-04 -1.51161745e-04 -1.94007807e-05\n  -6.87833410e-04 -9.52663191e-04]\n [ 9.61392149e-02  8.57965928e-03 -1.45044168e-02  6.89027160e-02\n   2.85195578e-02  1.28198296e-01  2.09041242e-03  1.04595520e-01\n  -8.93568769e-02  7.49359205e-02 -2.83969045e-02  2.76215263e-02\n  -1.86873171e-02 -2.88655721e-02  1.56532973e-01 -4.41659894e-03\n  -8.78739753e-04  1.20176934e-01  2.39077881e-02  8.87175351e-02\n  -7.54285455e-02 -5.53043857e-02  1.22919381e-01  6.78430125e-03\n  -5.98995900e-03  2.15925113e-03  9.45172831e-02 -1.49609447e-01\n  -2.31137555e-02 -9.13490821e-03  1.90510284e-02 -8.99079666e-02\n   9.23284702e-03  1.12506852e-01  1.55385286e-01  1.71709359e-01\n  -2.17815727e-01 -1.63838431e-01]\n [ 1.28517614e-03  7.02655234e-04  1.77856400e-05  2.37823534e-03\n   2.07560559e-04  2.20241724e-03 -2.47022690e-04  1.65307894e-03\n  -1.32771803e-03  6.12372183e-04 -1.06083544e-03  9.58355376e-05\n  -4.29309235e-04 -6.69563015e-04  1.34435506e-03  1.58759486e-03\n  -1.64879870e-03  1.21021003e-03  2.09969585e-04  9.94772534e-04\n  -3.62097344e-04 -1.79302623e-03  1.56421610e-03  1.73690007e-03\n  -2.45099451e-04  4.84060845e-04  1.34403631e-03 -1.12887472e-03\n  -7.04224047e-04 -1.15832686e-03  7.88975391e-04 -1.40601874e-03\n  -8.31739802e-04  7.76977977e-04  7.20812532e-04  1.68368756e-03\n  -1.47895515e-03 -1.03977008e-03]\n [ 1.91934567e-04  1.68876359e-05 -6.02910914e-05 -1.00030848e-04\n  -7.52298365e-05 -5.50079203e-05  2.82247106e-06 -6.14324454e-05\n  -5.50866571e-05 -1.99454098e-05  6.63815226e-05  5.12572042e-05\n  -1.04848332e-04  4.84845878e-05  2.33082435e-04 -1.83632888e-04\n   1.94934997e-04  1.68954852e-04  8.94545738e-05 -7.54539797e-05\n  -7.31488981e-05 -2.63196325e-05  2.56951353e-05 -2.55086452e-05\n   3.11215517e-05 -5.82127141e-05  7.72815329e-05 -1.78778908e-04\n  -3.20707477e-05  5.17946637e-06 -1.87633691e-06 -1.97233428e-04\n   1.75063600e-04  1.70804051e-04  1.69004081e-04  1.93286091e-04\n  -3.86487722e-04 -2.91779172e-04]\n [ 6.25071834e-06  2.38621010e-06 -1.31661579e-06 -1.05391780e-06\n  -2.66201687e-06  8.67155620e-07 -3.33556187e-07 -6.84307679e-07\n  -2.55329451e-06  1.75479477e-06  2.16140347e-06  2.29919033e-06\n  -5.41272402e-06 -6.73699446e-07  8.88901559e-06 -4.59610601e-06\n   4.39955011e-06  6.30246450e-06  3.54185045e-06 -1.57945703e-06\n  -2.35711286e-06 -2.96153530e-06  3.34660035e-06  1.11560485e-06\n   6.47193247e-07 -2.23085499e-06  6.10241023e-06 -7.32493709e-06\n  -2.26273824e-06 -1.50255028e-06  1.51043025e-06 -8.34750608e-06\n   4.31667422e-06  5.30897842e-06  6.10374673e-06  8.22019047e-06\n  -1.34594848e-05 -1.01254464e-05]\n [ 5.42637780e-02 -2.96646785e-02 -1.87335778e-02 -8.55798572e-02\n  -1.17676370e-02 -5.82082607e-02  3.15574780e-02 -3.84773090e-02\n   1.81811349e-03  3.18780951e-02  6.08374812e-02  3.62004787e-02\n  -5.58936149e-02  3.13518643e-02  1.18122287e-01 -1.42831758e-01\n   1.61221609e-01  7.45952204e-02  6.56721741e-02 -2.61760387e-03\n  -5.04055507e-02  1.72382537e-02  2.03828923e-02 -7.60078803e-02\n   2.21742615e-02 -5.16387038e-02  4.18785624e-02 -1.02759786e-01\n   9.91214812e-03  2.90897079e-02  1.41617153e-02 -1.10702910e-01\n   1.31340384e-01  8.20705667e-02  8.77399892e-02  1.12966701e-01\n  -1.82042524e-01 -1.68350816e-01]\n [ 3.00407827e-01  1.26041591e-01 -8.81789476e-02  2.62199014e-01\n  -7.90253375e-03  3.16633582e-01 -3.14624757e-02  2.97747493e-01\n  -2.25978360e-01  2.55640417e-01 -7.62637556e-02  9.32958210e-04\n  -8.53170380e-02 -1.54203713e-01  5.19291759e-01  2.57537682e-02\n  -5.07222526e-02  4.82789874e-01  1.39125362e-01  2.61558145e-01\n  -2.30680719e-01 -2.35151827e-01  3.09777081e-01 -3.87513712e-02\n   3.52528878e-02  3.87843475e-02  2.50401109e-01 -4.75000948e-01\n  -5.06408177e-02 -2.42843591e-02  1.66699752e-01 -2.08119437e-01\n   2.91126296e-02  3.56571913e-01  4.45102423e-01  5.52708983e-01\n  -6.33596539e-01 -4.43388939e-01]\n [-3.37980920e-03  4.90004430e-04  1.15626630e-04 -3.02918092e-03\n  -9.10564617e-04 -3.27498000e-03  1.36063714e-03 -2.97296117e-03\n   1.44714990e-03 -4.72949073e-03  2.44769827e-03 -7.52590247e-04\n   5.38710563e-04  3.71455052e-03 -6.35301881e-03  1.33711228e-03\n  -2.69419141e-03 -4.88958601e-03 -1.93181075e-03 -4.25331341e-03\n   2.85302359e-03  3.45001440e-03 -4.91183950e-03  4.01224894e-03\n  -7.49733765e-04  9.98488977e-04 -8.40405526e-04  9.03764367e-03\n  -9.27719113e-04 -1.92216772e-03 -4.69308288e-04 -4.78328485e-03\n  -1.43054186e-03 -6.98412023e-03 -6.74051140e-03 -7.40342168e-03\n   1.16762733e-02  6.93029864e-03]]",
      "mean_absolute_gradient": "[0.11155017 0.02370367 0.01648284 0.10934038 0.00998429 0.10693265\n 0.0250912  0.09596803 0.06994022 0.09052672 0.03504989 0.00804077\n 0.02736918 0.05613855 0.17834468 0.02583521 0.02639433 0.15442628\n 0.04628494 0.09054728 0.06809954 0.09158836 0.11614832 0.0195982\n 0.02245919 0.01321401 0.08321451 0.17059034 0.01225577 0.03418316\n 0.05414403 0.05620105 0.020087   0.11863464 0.15523978 0.19739011\n 0.2343102  0.15860516]",