{
  "batch_name": "balanced_collected_data_runs_2026_01_14_workspace_3_v1_undersample",
  "num_samples": 2475,
  "original_dimensions": 38,
  "num_classes": 3,
  "classes": [
    "contact",
    "edge",
    "no_contact"
  ],
  "pca_analysis": {
    "explained_variance_ratio": [
      0.30557927890674724,
      0.17644631717136539,
      0.09172736486126888,
      0.06864607247976177,
      0.06248011970583663,
      0.04082110460761749,
      0.03846805329652009,
      0.029604538296377523,
      0.026042360384033382,
      0.024919513517672666,
      0.022947685184008,
      0.021580641994251096,
      0.017752466515148762,
      0.015045139104407865,
      0.01297962299451812
    ],
    "cumulative_variance": [
      0.30557927890674724,
      0.48202559607811263,
      0.5737529609393816,
      0.6423990334191433,
      0.70487915312498,
      0.7457002577325974,
      0.7841683110291175,
      0.8137728493254951,
      0.8398152097095285,
      0.8647347232272011,
      0.8876824084112092,
      0.9092630504054603,
      0.927015516920609,
      0.9420606560250169,
      0.955040279019535,
      0.963851261503244,
      0.9722828675783693,
      0.9804645238994603,
      0.9844012835863144,
      0.9875157132863952,
      0.9901530928599567,
      0.9926773770330913,
      0.9946081900144752,
      0.9960432602508289,
      0.9971480743323979,
      0.9980610211645731,
      0.9987613505994916,
      0.9991561533181742,
      0.9994514708352582,
      0.9996462083536226,
      0.9998290350736592,
      0.9999192883806538,
      0.9999688741855003,
      0.9999837931437213,
      0.9999974199117097,
      1.0000000000000002,
      1.0000000000000002,
      1.0000000000000002
    ],
    "components_for_95_variance": 15,
    "n_components_used": 15,
    "total_explained_variance": 0.9550402790195349
  },
  "tsne_analysis": {
    "methods_tested": [
      "perplexity_5",
      "perplexity_10",
      "perplexity_20",
      "perplexity_30",
      "perplexity_50",
      "best_perplexity",
      "silhouette_score"
    ],
    "best_perplexity": 30,
    "best_silhouette_score": 0.018437253311276436,
    "perplexity_results": {
      "perplexity_5": {
        "perplexity": 5,
        "silhouette_score": 0.01820424012839794,
        "kl_divergence": 1.6284048557281494
      },
      "perplexity_10": {
        "perplexity": 10,
        "silhouette_score": 0.005381204653531313,
        "kl_divergence": 1.6848206520080566
      },
      "perplexity_20": {
        "perplexity": 20,
        "silhouette_score": 0.010257944464683533,
        "kl_divergence": 1.6419556140899658
      },
      "perplexity_30": {
        "perplexity": 30,
        "silhouette_score": 0.018437253311276436,
        "kl_divergence": 1.6269422769546509
      },
      "perplexity_50": {
        "perplexity": 50,
        "silhouette_score": 0.011995578184723854,
        "kl_divergence": 1.4813090562820435
      }
    }
  }
}