{
  "batch_name": "balanced_collected_data_runs_2026_01_15_workspace_2_pure_contact_undersample",
  "num_samples": 885,
  "num_features": 38,
  "classes": [
    "contact"
  ],
  "class_distribution": {
    "contact": "885"
  },
  "feature_statistics": {
    "features_shape": [
      885,
      38
    ],
    "labels_shape": [
      885
    ],
    "feature_mean": [
      1232.1577966935356,
      2850.200296501562,
      5010.36811440678,
      0.022790572893316464,
      9.312045783615979,
      5.583009171635265,
      6.180703471953933,
      7.073290687967069,
      15.616848060240153,
      0.005686145695189467,
      538.2150423728814,
      0.0879972997863414,
      3.3616017766602755,
      0.9141135123195284,
      3.4209042635341147,
      -8.552950912103656e-05,
      8.552950912103656e-05,
      0.028905169933108286,
      0.0003079763210298346,
      0.0025507522841631356,
      8.284564538729393,
      0.0264352401129943,
      0.14705000065390264,
      0.37683409507177423,
      0.00020072498793863706,
      0.0002496376933068258,
      0.002660305086275994,
      8.356771773000372e-09,
      4.129139941829746,
      26.732310979918573,
      0.7732236381765022,
      0.11164685483116889,
      0.008812487424261826,
      0.11247594453352319,
      0.17966663186664636,
      0.028905169933108286,
      0.049108886689284426,
      0.9958071183013377
    ],
    "feature_std": [
      70.6208266026232,
      86.96482898610464,
      230.05854089500275,
      0.0016168029887833001,
      2.920025114251122,
      1.676284961570952,
      0.33636069833689164,
      0.5852038011625293,
      3.799291903690896,
      0.0006400239775469516,
      23.541123387773414,
      0.0050003096126100014,
      2.089755581210214,
      0.2760649193367283,
      0.16202555345668895,
      3.0642714277170107e-06,
      3.0642714277170107e-06,
      0.0018780500901492648,
      7.70748854333536e-06,
      4.9614323316081864e-05,
      0.1578494719089024,
      0.0019153796427106734,
      0.00399546269895473,
      0.005779866430063714,
      5.703921932556261e-06,
      5.371518152554066e-06,
      5.4616981958715234e-05,
      8.095002089367313e-09,
      0.13401242622377935,
      1.364566509933652,
      0.0735384814246089,
      0.007281265711645236,
      0.0006505348875829546,
      0.006717440535751087,
      0.00983660257931036,
      0.0018780500901492648,
      0.0033104752107943215,
      0.07711084204908165
    ],
    "feature_min": [
      615.7047796164111,
      2091.9466799903557,
      3011.71875,
      0.009311119094491005,
      1.2232228877935505,
      2.4094479722184374,
      4.674072568330811,
      6.328802336329193,
      9.078020157219653,
      0.003272613976150751,
      457.03125,
      0.041326045989990234,
      1.5,
      -0.19920650124549866,
      3.011629104614258,
      -9.382579078277653e-05,
      7.263441148966267e-05,
      0.015564830973744392,
      0.00020271269022487104,
      0.00146484375,
      7.203685760498047,
      0.0223125,
      0.13639322916666666,
      0.323529775098216,
      0.00016862120537552983,
      0.00016628089360892773,
      0.0017051660688593984,
      7.1268464220397565e-12,
      1.7024227380752563,
      4.1835503578186035,
      0.4629637838902716,
      0.016985449939966202,
      0.004053191747516394,
      0.05652406066656113,
      0.08849035203456879,
      0.015564830973744392,
      0.02347024716436863,
      0.08083003759384155
    ],
    "feature_max": [
      2232.8402388976237,
      3710.2878436457927,
      9996.09375,
      0.042784031480550766,
      22.481200991788064,
      23.944867615860154,
      8.721549359008698,
      11.743479778911109,
      32.91572321826651,
      0.008339222520589828,
      656.25,
      0.10921060293912888,
      11.75,
      1.9054661989212036,
      4.673788070678711,
      -7.263441148966267e-05,
      9.382579078277653e-05,
      0.05459527298808098,
      0.00040669285226613283,
      0.0029296875,
      10.132089614868164,
      0.03154166666666667,
      0.1709888599537037,
      0.4219839514881895,
      0.0002667910885065794,
      0.00031519532785750926,
      0.003234412055462599,
      7.65617329534507e-08,
      4.383153438568115,
      29.586334228515625,
      0.9901969229728778,
      0.12422167509794235,
      0.016765521839261055,
      0.21013784408569336,
      0.3159850835800171,
      0.05459527298808098,
      0.062123727053403854,
      1.1124035120010376
    ]
  }
}