{
  "batch_name": "reduce_signal_time_experiment_ablation",
  "num_samples": 150,
  "num_classes": 3,
  "classes": [
    "contact",
    "edge",
    "no_contact"
  ],
  "best_classifier": {
    "name": "SVM (Linear)",
    "mean_accuracy": 0.9600000000000002,
    "std_accuracy": 0.024944382578492935
  },
  "worst_classifier": {
    "name": "Gradient Boosting",
    "mean_accuracy": 0.9200000000000002,
    "std_accuracy": 0.02666666666666666
  },
  "all_classifiers_performance": {
    "Random Forest": {
      "mean_accuracy": 0.9400000000000001,
      "std_accuracy": 0.038873012632301994
    },
    "SVM (RBF)": {
      "mean_accuracy": 0.9466666666666667,
      "std_accuracy": 0.039999999999999994
    },
    "SVM (Linear)": {
      "mean_accuracy": 0.9600000000000002,
      "std_accuracy": 0.024944382578492935
    },
    "K-NN": {
      "mean_accuracy": 0.9266666666666667,
      "std_accuracy": 0.038873012632301994
    },
    "Logistic Regression": {
      "mean_accuracy": 0.9466666666666667,
      "std_accuracy": 0.01632993161855452
    },
    "Gradient Boosting": {
      "mean_accuracy": 0.9200000000000002,
      "std_accuracy": 0.02666666666666666
    },
    "Linear Discriminant Analysis": {
      "mean_accuracy": 0.9400000000000001,
      "std_accuracy": 0.053333333333333316
    }
  }
}