{
  "batch_name": "reduce_signal_time_experiment_ablation",
  "num_samples": 150,
  "num_features": 38,
  "classes": [
    "contact",
    "edge",
    "no_contact"
  ],
  "class_distribution": {
    "contact": "50",
    "edge": "50",
    "no_contact": "50"
  },
  "cv_results": {
    "Random Forest": {
      "scores": [
        0.9666666666666667,
        1.0,
        0.9,
        0.9333333333333333,
        0.9
      ],
      "mean_accuracy": 0.9400000000000001,
      "std_accuracy": 0.038873012632301994,
      "best_score": 1.0,
      "worst_score": 0.9
    },
    "SVM (RBF)": {
      "scores": [
        0.9666666666666667,
        0.9666666666666667,
        0.8666666666666667,
        0.9666666666666667,
        0.9666666666666667
      ],
      "mean_accuracy": 0.9466666666666667,
      "std_accuracy": 0.039999999999999994,
      "best_score": 0.9666666666666667,
      "worst_score": 0.8666666666666667
    },
    "SVM (Linear)": {
      "scores": [
        1.0,
        0.9666666666666667,
        0.9666666666666667,
        0.9333333333333333,
        0.9333333333333333
      ],
      "mean_accuracy": 0.9600000000000002,
      "std_accuracy": 0.024944382578492935,
      "best_score": 1.0,
      "worst_score": 0.9333333333333333
    },
    "K-NN": {
      "scores": [
        0.9666666666666667,
        0.9333333333333333,
        0.8666666666666667,
        0.9666666666666667,
        0.9
      ],
      "mean_accuracy": 0.9266666666666667,
      "std_accuracy": 0.038873012632301994,
      "best_score": 0.9666666666666667,
      "worst_score": 0.8666666666666667
    },
    "Logistic Regression": {
      "scores": [
        0.9666666666666667,
        0.9666666666666667,
        0.9333333333333333,
        0.9333333333333333,
        0.9333333333333333
      ],
      "mean_accuracy": 0.9466666666666667,
      "std_accuracy": 0.01632993161855452,
      "best_score": 0.9666666666666667,
      "worst_score": 0.9333333333333333
    },
    "Gradient Boosting": {
      "scores": [
        0.9,
        0.9666666666666667,
        0.9,
        0.9333333333333333,
        0.9
      ],
      "mean_accuracy": 0.9200000000000002,
      "std_accuracy": 0.02666666666666666,
      "best_score": 0.9666666666666667,
      "worst_score": 0.9
    },
    "Linear Discriminant Analysis": {
      "scores": [
        0.8666666666666667,
        1.0,
        1.0,
        0.9333333333333333,
        0.9
      ],
      "mean_accuracy": 0.9400000000000001,
      "std_accuracy": 0.053333333333333316,
      "best_score": 1.0,
      "worst_score": 0.8666666666666667
    }
  }
}