{
  "batch_name": "balanced_collected_data_runs_2026_01_14_workspace_3_pure_no_contact_undersample",
  "num_samples": 2475,
  "num_features": 70,
  "classes": [
    "no_contact"
  ],
  "class_distribution": {
    "no_contact": "2475"
  },
  "feature_statistics": {
    "features_shape": [
      2475,
      70
    ],
    "labels_shape": [
      2475
    ],
    "feature_mean": [
      1366.7837416026161,
      2879.903690343641,
      5332.291666666667,
      0.024556075493156006,
      8.843885939662776,
      7.55746185891138,
      8.596004459330164,
      9.493326804162841,
      14.894737752131542,
      0.005435480310797993,
      539.8863636363636,
      0.08379732701362985,
      3.086536042757829,
      0.8753608259512582,
      5.365660450964263,
      -0.00010661483108790006,
      0.00010661483108790006,
      0.033375828595022965,
      0.00029341687959256687,
      0.0023563402616230754,
      7.918514453618213,
      0.030604393939393956,
      0.17279601571268208,
      0.3954564684745592,
      0.00020226908209463205,
      0.00024302112547130409,
      0.0025630340840422897,
      1.6333287495542634e-07,
      3.891705095310404,
      24.32681458791097,
      6.348432595936366,
      0.10227339345491444,
      0.008621628593672255,
      0.12634394522869224,
      0.20309069286091158,
      0.033375828595022965,
      0.04400242269076783,
      0.8440489454635165,
      3.2011869905934187,
      0.10093799207886361,
      2.941927152956375,
      0.669241761956552,
      1.366783741737015,
      2.1419274350666373,
      4.0242194860007565,
      127.5794252017407,
      0.010930805919960478,
      0.00018445279363818096,
      0.0006172311154071881,
      0.0015827068134276856,
      0.1746104157517202,
      0.7853422149708236,
      3.5583024570677018,
      40.410342326308744,
      70.73663877390852,
      0.1837097537878788,
      0.9656360802596266,
      6.922693602683787,
      6.202828282828283,
      2.6588494318181817,
      0.31919182145535346,
      0.2416025311582394,
      4.652617694358194,
      6.403601983669664,
      6.116431698365645,
      7.415396506762264,
      45.89158964262873,
      0.12953703703703737,
      3.2629934980258084,
      47.35059478742573
    ],
    "feature_std": [
      248.07062264063106,
      200.28186255661277,
      1045.6015346898398,
      0.007138291980265746,
      3.1762947087257722,
      3.885080849422243,
      4.4209846326873,
      4.598014786594943,
      4.856496088938757,
      0.0017747233416359638,
      41.91023634675048,
      0.026579968319366203,
      2.5294179609133174,
      0.333855664936619,
      6.9095071426537515,
      6.98967536843173e-05,
      6.98967536843173e-05,
      0.005758323839217893,
      5.309712313751369e-05,
      0.0005730062024550575,
      0.916084606519583,
      0.016068209002305822,
      0.029599775627165547,
      0.03464858720275825,
      2.6624623299441856e-05,
      3.880467163070729e-05,
      0.0005028551095185467,
      2.3214121711613844e-07,
      0.602557568302109,
      6.094867099150628,
      28.17980246942705,
      0.022712748553250256,
      0.0015873704836769976,
      0.025576382657052636,
      0.05300053459779059,
      0.005758323839217893,
      0.008651089413196986,
      0.23109262870069114,
      1.0017584480150064,
      0.022786342145974282,
      0.8464885765990837,
      0.160178669468583,
      0.24807062299220628,
      0.2154539114428554,
      0.3541471211656543,
      1767.9360361319466,
      0.04090618955306784,
      0.0007012360841687877,
      9.348604597798085e-05,
      0.0003266266171794058,
      0.02986607219616615,
      0.0949251256400075,
      0.5483938497432616,
      6.0478697369192265,
      5.575191197375662,
      0.6926575189236097,
      0.13156502732399114,
      24.246190419741897,
      1.128900457631438,
      0.7335439122046481,
      0.07391525988537949,
      3.71525181641578,
      0.4777730308580395,
      0.23481323863891485,
      0.4443564971070404,
      2.000969177392533,
      23.81634364184789,
      0.11294894068458891,
      5.458467298317839,
      2.9887889001727457
    ],
    "feature_min": [
      696.5222804368227,
      2124.043931716741,
      3773.4375,
      0.002427917905151844,
      1.4330326702167042,
      2.0026975344988074,
      2.635627083944623,
      2.304309700861854,
      2.826002188011879,
      0.0009037571726366878,
      457.03125,
      0.008289488963782787,
      1.2121212121212122,
      -0.2845414876937866,
      2.003342866897583,
      -0.00045779310445612524,
      5.840904509446713e-05,
      0.01669251173734665,
      0.00013053207658231258,
      0.000639153819065541,
      4.405808448791504,
      0.0,
      0.09896285445601852,
      0.3359326314419405,
      0.00010894616571022198,
      0.00010018335888162255,
      0.0007053186418488622,
      3.664943001857601e-11,
      1.3127001523971558,
      1.3957443237304688,
      -25.027468456338884,
      0.007207613904029131,
      0.0025343303568661213,
      0.04558883607387543,
      0.10002361238002777,
      0.01669251173734665,
      0.006901560351252556,
      0.029046127572655678,
      1.7965972423553467,
      0.010671860538423061,
      0.06875574588775635,
      0.3568834662437439,
      0.6965222817435794,
      1.054390982341377,
      2.6695026480557638,
      1.8115613847575227e-05,
      0.0,
      0.0,
      0.00028902373742312193,
      0.0003150349366478622,
      0.10068840579710145,
      0.539776323804646,
      1.7726478576660156,
      27.84443473815918,
      48.87620162963867,
      0.0,
      0.0,
      0.0,
      0.0,
      0.0,
      0.0,
      0.0,
      3.4906426124320555,
      5.434670868661304,
      3.8137598037719727,
      0.6081709861755371,
      -55.7366109567648,
      0.0,
      -21.07452920576189,
      24.54643493645308
    ],
    "feature_max": [
      3225.225367505109,
      4038.796366007133,
      10992.1875,
      0.06332816183567047,
      29.858112579777465,
      25.776912484087113,
      29.42654524275509,
      31.75613123593575,
      34.36691676309562,
      0.01832149177789688,
      832.03125,
      0.20245417952537537,
      49.0,
      2.3902180194854736,
      104.13079833984375,
      -5.840904509446713e-05,
      0.00045779310445612524,
      0.07743421941995621,
      0.00045759312342852354,
      0.003751701908186078,
      10.660914421081543,
      0.11816666666666667,
      0.25197120949074076,
      0.5548835183240115,
      0.0003287539875600487,
      0.00036848930176347494,
      0.005889595486223698,
      2.0091149508516537e-06,
      5.925323963165283,
      63.99971008300781,
      436.46861064378714,
      0.1472184658050537,
      0.018835853785276413,
      0.3312995731830597,
      0.5789233446121216,
      0.07743421941995621,
      0.08834725618362427,
      1.5531961917877197,
      6.953685283660889,
      0.19121982157230377,
      5.062744140625,
      1.2198439836502075,
      3.2252253495937935,
      3.1437614042746596,
      5.570091713982075,
      27599.5,
      1.4661623239517212,
      0.015260636806488037,
      0.0010897041065618396,
      0.0031300499103963375,
      0.25483695652173916,
      1.531420763102586,
      6.426486492156982,
      62.95460510253906,
      94.37385559082031,
      3.345703125,
      1.0,
      100.0,
      10.0,
      3.36328125,
      0.8386306166648865,
      181.99999999689388,
      6.9857518328348664,
      7.284425707362028,
      9.352933883666992,
      10.963737487792969,
      436.4688404470372,
      1.1437291666666667,
      11.159479906653186,
      55.33569668065725
    ]
  }
}