{
  "batch_name": "reduce_signal_time_experiment_white_noise_1s",
  "num_samples": 151,
  "original_dimensions": 38,
  "num_classes": 4,
  "classes": [
    "contact",
    "edge",
    "no_contact",
    "white_noise"
  ],
  "pca_analysis": {
    "explained_variance_ratio": [
      0.7589896431650943,
      0.048386678260023054,
      0.04229882227123703,
      0.027040664725784196,
      0.026132807849973353,
      0.017892436991568842,
      0.016980388031306064,
      0.014099568224068907
    ],
    "cumulative_variance": [
      0.7589896431650943,
      0.8073763214251174,
      0.8496751436963544,
      0.8767158084221386,
      0.902848616272112,
      0.9207410532636808,
      0.9377214412949869,
      0.9518210095190558,
      0.9643610147764247,
      0.9759920789621196,
      0.9844411638046998,
      0.9921263747817434,
      0.9948755529150841,
      0.9966406502986168,
      0.9980486397674204,
      0.9988237199011463,
      0.9993755820752549,
      0.9998856974082974,
      0.9999745878267878,
      0.9999892766731975,
      0.9999970691998386,
      0.9999997805179394,
      0.9999999863139084,
      0.9999999965700828,
      0.9999999977413585,
      0.9999999988266091,
      0.9999999994411817,
      0.9999999996597407,
      0.9999999998554777,
      0.9999999999807053,
      0.9999999999960713,
      0.999999999999948,
      0.9999999999999992,
      1.0000000000000002,
      1.0000000000000002,
      1.0000000000000002,
      1.0000000000000002,
      1.0000000000000002
    ],
    "components_for_95_variance": 8,
    "n_components_used": 8,
    "total_explained_variance": 0.9518210095190558
  },
  "tsne_analysis": {
    "methods_tested": [
      "perplexity_5",
      "perplexity_10",
      "perplexity_20",
      "perplexity_30",
      "perplexity_50",
      "best_perplexity",
      "silhouette_score"
    ],
    "best_perplexity": 20,
    "best_silhouette_score": -0.07954704016447067,
    "perplexity_results": {
      "perplexity_5": {
        "perplexity": 5,
        "silhouette_score": -0.08805220574140549,
        "kl_divergence": 0.8761741518974304
      },
      "perplexity_10": {
        "perplexity": 10,
        "silhouette_score": -0.0831139013171196,
        "kl_divergence": 0.8356143236160278
      },
      "perplexity_20": {
        "perplexity": 20,
        "silhouette_score": -0.07954704016447067,
        "kl_divergence": 0.6986084580421448
      },
      "perplexity_30": {
        "perplexity": 30,
        "silhouette_score": -0.08752620220184326,
        "kl_divergence": 0.5627824664115906
      },
      "perplexity_50": {
        "perplexity": 50,
        "silhouette_score": -0.08053742349147797,
        "kl_divergence": 0.4099554717540741
      }
    }
  }
}