{
  "batch_name": "balanced_collected_data_runs_2026_01_14_workspace_3_pure_contact_undersample",
  "num_samples": 1393,
  "num_features": 38,
  "classes": [
    "contact"
  ],
  "class_distribution": {
    "contact": "1393"
  },
  "feature_statistics": {
    "features_shape": [
      1393,
      38
    ],
    "labels_shape": [
      1393
    ],
    "feature_mean": [
      1300.847868919207,
      2904.434421103432,
      5079.32519741565,
      0.026376253268724923,
      9.378164204492926,
      5.721674542782241,
      6.171064702888858,
      7.05446025700787,
      15.491108257153064,
      0.005654920782420546,
      536.9930007178751,
      0.08944167902897736,
      2.9073063964265047,
      0.8461198959508289,
      3.5164744706780295,
      -7.658064961435855e-05,
      7.658064961435855e-05,
      0.032159019613936704,
      0.0003112322940195798,
      0.0025720425158717694,
      8.269743509628066,
      0.02666780330222536,
      0.1592856401561792,
      0.38136671650272475,
      0.00020630117612969456,
      0.0002522489208154272,
      0.0026613047265575374,
      8.477084955000535e-09,
      4.041254643390954,
      25.822941123882988,
      0.761360160764322,
      0.10944473533105568,
      0.008716350293779119,
      0.11646223773983255,
      0.18835012660190004,
      0.032159019613936704,
      0.04683434396610466,
      0.9538724949664977
    ],
    "feature_std": [
      129.1858457705766,
      119.03824809943765,
      394.5367958455254,
      0.0021889626537297817,
      3.07723118757308,
      2.0353856079524673,
      0.3590855138821875,
      0.6099176076103939,
      3.913813326072151,
      0.0006452376613892337,
      25.23717358349204,
      0.0061996087131944225,
      1.6623292845493864,
      0.26993436101777124,
      0.23599866652827922,
      3.4106438454566983e-06,
      3.4106438454566983e-06,
      0.003240213542051398,
      1.2021617913623193e-05,
      6.647381657322923e-05,
      0.21801150055287905,
      0.006573663832516383,
      0.012389281582015419,
      0.013663240145806776,
      1.4723951154315257e-05,
      9.527191888636156e-06,
      7.1104090505851e-05,
      9.066785758329034e-09,
      0.27280326651154596,
      2.806706103635127,
      0.11815246931847026,
      0.01031683749577966,
      0.0008294184873822512,
      0.012767161197693382,
      0.021089529934864078,
      0.003240213542051398,
      0.006587409469494067,
      0.15025668885997526
    ],
    "feature_min": [
      488.07693559362906,
      1793.8432297789782,
      3000.0,
      0.00897663738578558,
      1.4310077343492367,
      2.089199509136087,
      4.364662363099535,
      6.0703209491745795,
      7.411938799642492,
      0.002431964036077261,
      457.03125,
      0.02792576141655445,
      1.4285714285714286,
      -0.4349922835826874,
      2.8830034732818604,
      -9.10277903429997e-05,
      6.795050206087464e-05,
      0.01072942279279232,
      0.00019266248273197562,
      0.001434326171875,
      5.677916526794434,
      0.020520833333333332,
      0.0881664134837963,
      0.3173844864490551,
      0.00015801526024006307,
      0.00015973726112861186,
      0.001668847631663084,
      1.4486960242532376e-11,
      1.353804588317871,
      2.9248318672180176,
      -1.3450941562752943,
      0.018304724246263504,
      0.002475706860423088,
      0.04463318735361099,
      0.07642371207475662,
      0.01072942279279232,
      0.013860580511391163,
      0.08468711376190186
    ],
    "feature_max": [
      2412.9350475440156,
      3793.4228973992067,
      10007.8125,
      0.05038829892873764,
      27.751277755659707,
      29.421689008663908,
      8.852711384548654,
      11.814715527126463,
      35.978654147196664,
      0.008595944382250309,
      750.0,
      0.13770733773708344,
      11.75,
      1.7386704683303833,
      5.0941877365112305,
      -6.795050206087464e-05,
      9.10277903429997e-05,
      0.061866071075201035,
      0.0004837306041736156,
      0.00299072265625,
      9.989316940307617,
      0.259625,
      0.19334581163194445,
      0.5954660981165771,
      0.00043874557013623416,
      0.00037582521326839924,
      0.0033232399728149176,
      9.094461006498022e-08,
      4.527458667755127,
      31.223793029785156,
      1.4319427010250023,
      0.13199618458747864,
      0.018493015319108963,
      0.22589612007141113,
      0.33673733472824097,
      0.061866071075201035,
      0.07199010252952576,
      1.2603974342346191
    ]
  }
}