{
  "batch_name": "balanced_collected_data_runs_2026_01_15_workspace_2_pure_contact_undersample",
  "num_samples": 2655,
  "num_features": 70,
  "classes": [
    "contact"
  ],
  "class_distribution": {
    "contact": "2655"
  },
  "feature_statistics": {
    "features_shape": [
      2655,
      70
    ],
    "labels_shape": [
      2655
    ],
    "feature_mean": [
      1298.2310823210998,
      2839.2013547054935,
      5214.720162429378,
      0.021506833989504662,
      8.829888509824876,
      7.49781846773815,
      8.643702187774604,
      9.490613352477444,
      14.801259667377645,
      0.005551672719349724,
      541.8079096045198,
      0.0833435263039225,
      3.632335647715688,
      0.9496319026489815,
      5.104507557326566,
      -0.00011353928224745694,
      0.00011353928224745694,
      0.03064363034242122,
      0.0002913056871798521,
      0.0023423285476105696,
      7.9327370880687305,
      0.031010616760828676,
      0.16540004221757992,
      0.3914326013417488,
      0.00019814699701109828,
      0.00024127437257477155,
      0.0025593388996002827,
      1.5848578918457796e-07,
      3.9668470459469294,
      25.107957556377922,
      7.773670994562735,
      0.10372452951069717,
      0.008741757191591343,
      0.121513309912044,
      0.19290992792997433,
      0.03064363034242122,
      0.04700849059962171,
      0.8896020729901539,
      3.2827995546344533,
      0.10713344549658496,
      3.181599654580016,
      0.6824543743820514,
      1.2982310825031962,
      2.222248937597517,
      4.242748095191297,
      101.34957212840243,
      0.011036414083183994,
      0.00020656557242846067,
      0.00064224337862117,
      0.0016086790663989966,
      0.16721960206337483,
      0.7889217869963954,
      3.5085533536311146,
      40.09613393578826,
      70.68378568458917,
      0.17292108050847457,
      0.9662794320147814,
      6.566315128678215,
      6.030885122410546,
      2.6706920903954803,
      0.30622732676916425,
      0.1582610594368893,
      4.468964690663981,
      6.299791343073864,
      6.33099484201205,
      7.5552243851223455,
      47.932282284129016,
      0.13163607972379185,
      3.522717228551438,
      47.29087543410029
    ],
    "feature_std": [
      231.42234745907155,
      203.54066499227363,
      866.1241770453399,
      0.006283806090182025,
      3.035053520250208,
      3.85249179815218,
      4.515149269723282,
      4.524345308194924,
      4.718087698445919,
      0.0018006047947687254,
      42.12337759903941,
      0.026409886407116227,
      2.9374191489829458,
      0.34017062227555206,
      6.120057347939133,
      6.897666743908126e-05,
      6.897666743908126e-05,
      0.005382632696287338,
      5.291976861933399e-05,
      0.000564226913202933,
      0.897895683987482,
      0.016827669929042856,
      0.03294199937740078,
      0.03548724517899012,
      2.6047878906685366e-05,
      3.85584291150934e-05,
      0.0004854925359003959,
      2.2310009567665746e-07,
      0.5953270720827618,
      5.970542178605892,
      37.01144850347976,
      0.022306910733019544,
      0.0015467889740015297,
      0.024222642937373022,
      0.0512693748698013,
      0.005382632696287338,
      0.008970251792972408,
      0.24215285287464053,
      1.010903386940129,
      0.023451422264303644,
      0.8893106980495576,
      0.1646166351367684,
      0.23142234755664595,
      0.22317822112569874,
      0.3829804113967888,
      1561.4700525336943,
      0.05121400237995954,
      0.0008986951761334885,
      9.733365803631702e-05,
      0.0003348833183423806,
      0.033241972362134366,
      0.09334264106492329,
      0.5509320957470045,
      6.090909817641565,
      5.631277260196152,
      0.6711201109110031,
      0.13166913611072842,
      23.61637633286348,
      1.169523124597721,
      0.7270908991468894,
      0.07102216069169105,
      0.65338192557753,
      0.4651460224076051,
      0.23820806130968764,
      0.5068568047001873,
      1.990024550859201,
      31.469822546773322,
      0.10766550097267628,
      5.425635782919416,
      2.9625499406148377
    ],
    "feature_min": [
      615.7047796164111,
      2091.730762666866,
      3011.71875,
      0.0018375975778326392,
      1.2021803212677504,
      2.0278670347993284,
      2.7079815409221943,
      2.811928554951315,
      2.243959983988532,
      0.0008562919683754444,
      457.03125,
      0.013488962315022945,
      1.21875,
      -0.4572322368621826,
      1.8736768960952759,
      -0.00046637371619214553,
      6.230699635024399e-05,
      0.015564830973744392,
      0.0001267598563572392,
      0.0006432541413232684,
      4.273317813873291,
      0.0,
      0.0949978298611111,
      0.323529775098216,
      0.00011276858276687562,
      9.976544242817909e-05,
      0.0007078205235302448,
      7.1268464220397565e-12,
      1.3407833576202393,
      1.8872394561767578,
      -11.15015892066311,
      0.009895137511193752,
      0.003552738344296813,
      0.05652406066656113,
      0.08839939534664154,
      0.015564830973744392,
      0.011822675354778767,
      0.05280664190649986,
      1.652559518814087,
      0.021782655268907547,
      0.15986746549606323,
      0.3609015643596649,
      0.6157047800758453,
      1.240541787617611,
      2.77878746762411,
      1.8115613847575227e-05,
      0.0,
      0.0,
      0.0003371544007677585,
      0.0005227266228757799,
      0.0953804347826087,
      0.48031625739982325,
      1.7940443754196167,
      27.814077377319336,
      48.73307418823242,
      0.0,
      0.0,
      0.0,
      0.0,
      0.0,
      0.0,
      0.0,
      3.3386661632029893,
      5.336639579243165,
      3.8659863471984863,
      0.5554201006889343,
      -39.83037319925446,
      0.0,
      -23.61387215954134,
      24.962008655106313
    ],
    "feature_max": [
      2600.1750570800523,
      3719.2127791831645,
      10148.4375,
      0.046084608882665634,
      22.725433616485496,
      27.07322528259483,
      35.55394219702409,
      28.35595868315437,
      32.915730689628596,
      0.016387218609452248,
      843.75,
      0.20270314812660217,
      50.0,
      2.437492847442627,
      45.63675308227539,
      -6.230699635024399e-05,
      0.00046637371619214553,
      0.06481041759252548,
      0.00044234024244360626,
      0.0036476885434240103,
      10.718737602233887,
      0.12122916666666667,
      0.2713035300925926,
      0.55293873173082,
      0.00029500696109607816,
      0.000356233591446653,
      0.005299931857734919,
      1.5062586271596956e-06,
      5.451208591461182,
      58.98195266723633,
      790.5464017380441,
      0.1432003378868103,
      0.018324779346585274,
      0.3154928386211395,
      0.49403902888298035,
      0.06481041759252548,
      0.08912896364927292,
      1.8088096380233765,
      7.012279987335205,
      0.21481256186962128,
      5.281619071960449,
      1.270621418952942,
      2.6001750543929627,
      3.397645672658413,
      6.153452581665107,
      27599.5,
      2.4272238413492837,
      0.026889052242040634,
      0.0010650710901245475,
      0.0030314079485833645,
      0.2743297101449275,
      1.6030647531268125,
      6.6196818351745605,
      62.9489631652832,
      94.0296630859375,
      3.275390625,
      1.0,
      100.0,
      10.0,
      3.36328125,
      0.8061769008636475,
      3.0064516129028944,
      6.691885933696133,
      6.99989656626049,
      10.689948081970215,
      12.04627799987793,
      790.5465142794296,
      1.0868125,
      13.081634542283727,
      55.13190057610964
    ]
  }
}