{
  "batch_name": "balanced_collected_data_runs_2026_01_15_workspace_2_undersample",
  "num_samples": 2688,
  "num_features": 38,
  "classes": [
    "contact",
    "edge",
    "no_contact"
  ],
  "class_distribution": {
    "contact": "896",
    "edge": "896",
    "no_contact": "896"
  },
  "cv_results": {
    "Random Forest": {
      "scores": [
        0.7527881040892194,
        0.7788104089219331,
        0.7769516728624535,
        0.7411545623836127,
        0.7541899441340782
      ],
      "mean_accuracy": 0.7607789384782593,
      "std_accuracy": 0.01469064792054884,
      "best_score": 0.7788104089219331,
      "worst_score": 0.7411545623836127
    },
    "SVM (RBF)": {
      "scores": [
        0.7565055762081785,
        0.7695167286245354,
        0.7713754646840149,
        0.7579143389199255,
        0.7560521415270018
      ],
      "mean_accuracy": 0.7622728499927313,
      "std_accuracy": 0.00672735685605628,
      "best_score": 0.7713754646840149,
      "worst_score": 0.7560521415270018
    },
    "SVM (Linear)": {
      "scores": [
        0.7565055762081785,
        0.7732342007434945,
        0.775092936802974,
        0.7541899441340782,
        0.7579143389199255
      ],
      "mean_accuracy": 0.7633873993617301,
      "std_accuracy": 0.00889815899409922,
      "best_score": 0.775092936802974,
      "worst_score": 0.7541899441340782
    },
    "K-NN": {
      "scores": [
        0.6728624535315985,
        0.7137546468401487,
        0.7434944237918215,
        0.7150837988826816,
        0.7039106145251397
      ],
      "mean_accuracy": 0.709821187514278,
      "std_accuracy": 0.022706549331630313,
      "best_score": 0.7434944237918215,
      "worst_score": 0.6728624535315985
    },
    "Logistic Regression": {
      "scores": [
        0.7490706319702602,
        0.7695167286245354,
        0.7713754646840149,
        0.7411545623836127,
        0.7541899441340782
      ],
      "mean_accuracy": 0.7570614663593003,
      "std_accuracy": 0.011706005077313746,
      "best_score": 0.7713754646840149,
      "worst_score": 0.7411545623836127
    },
    "Gradient Boosting": {
      "scores": [
        0.7490706319702602,
        0.775092936802974,
        0.7546468401486989,
        0.7337057728119181,
        0.7541899441340782
      ],
      "mean_accuracy": 0.7533412251735859,
      "std_accuracy": 0.013261605248994656,
      "best_score": 0.775092936802974,
      "worst_score": 0.7337057728119181
    },
    "Extra Trees": {
      "scores": [
        0.741635687732342,
        0.7676579925650557,
        0.7676579925650557,
        0.74487895716946,
        0.7616387337057728
      ],
      "mean_accuracy": 0.7566938727475373,
      "std_accuracy": 0.011235805825227044,
      "best_score": 0.7676579925650557,
      "worst_score": 0.741635687732342
    },
    "AdaBoost": {
      "scores": [
        0.7434944237918215,
        0.7565055762081785,
        0.7639405204460966,
        0.7188081936685289,
        0.7430167597765364
      ],
      "mean_accuracy": 0.7451530947782323,
      "std_accuracy": 0.015383205966270389,
      "best_score": 0.7639405204460966,
      "worst_score": 0.7188081936685289
    },
    "XGBoost": {
      "scores": [
        0.7434944237918215,
        0.7453531598513011,
        0.7453531598513011,
        0.7243947858472998,
        0.7281191806331471
      ],
      "mean_accuracy": 0.7373429419949742,
      "std_accuracy": 0.009153146232777838,
      "best_score": 0.7453531598513011,
      "worst_score": 0.7243947858472998
    },
    "Naive Bayes": {
      "scores": [
        0.6895910780669146,
        0.6765799256505576,
        0.7007434944237918,
        0.6350093109869647,
        0.6964618249534451
      ],
      "mean_accuracy": 0.6796771268163347,
      "std_accuracy": 0.023784914509634547,
      "best_score": 0.7007434944237918,
      "worst_score": 0.6350093109869647
    },
    "Quadratic Discriminant Analysis": {
      "scores": [
        0.7453531598513011,
        0.7453531598513011,
        0.7490706319702602,
        0.7094972067039106,
        0.7411545623836127
      ],
      "mean_accuracy": 0.7380857441520771,
      "std_accuracy": 0.014512205490773264,
      "best_score": 0.7490706319702602,
      "worst_score": 0.7094972067039106
    },
    "Linear Discriminant Analysis": {
      "scores": [
        0.7490706319702602,
        0.7732342007434945,
        0.7732342007434945,
        0.7467411545623837,
        0.750465549348231
      ],
      "mean_accuracy": 0.7585491474735727,
      "std_accuracy": 0.012049208193654336,
      "best_score": 0.7732342007434945,
      "worst_score": 0.7467411545623837
    },
    "Ensemble (RF + SVM)": {
      "scores": [
        0.7527881040892194,
        0.7732342007434945,
        0.7713754646840149,
        0.750465549348231,
        0.7541899441340782
      ],
      "mean_accuracy": 0.7604106525998076,
      "std_accuracy": 0.009801796053089664,
      "best_score": 0.7732342007434945,
      "worst_score": 0.750465549348231
    }
  }
}