{
  "batch_name": "soft_finger_batch_3",
  "num_samples": 150,
  "num_features": 38,
  "num_classes": 3,
  "test_accuracy": 0,
  "model_performance": {
    "overall_accuracy": 0.9666666388511658,
    "per_class_accuracy": {
      "0": 1.0,
      "1": 1.0,
      "2": 0.8999999761581421
    }
  },
  "feature_analysis": {
    "consistently_important": [],
    "method_specific": {},
    "feature_groups": {
      "basic_gradients": {
        "acoustic_importance": 0.015417042041295454,
        "impulse_importance": 0.0,
        "acoustic_vs_impulse_ratio": Infinity
      }
    }
  },
  "saliency_maps_summary": {
    "basic_gradients": {
      "gradients": "[[-3.03859293e-01 -6.05745375e-01  4.47497405e-02 -1.07921392e-01\n   1.38484672e-01  2.14911625e-02  2.61879247e-02 -4.81964536e-02\n  -1.18445806e-01 -4.77182493e-02  7.27351755e-02 -7.33809248e-02\n   1.24741301e-01 -4.07809764e-02 -2.51022637e-01 -9.12903994e-02\n   1.40161812e-02 -1.41923711e-01 -1.06614873e-01  4.80610840e-02\n   7.41063803e-02  4.45756726e-02  5.50133623e-02  8.81594270e-02\n  -3.06036204e-01 -1.11047260e-01  6.96071833e-02 -1.59473017e-01\n   1.15927763e-03  3.33647728e-02  3.01191807e-01  1.05691731e-01\n  -6.99617788e-02 -1.45570338e-01 -1.95796266e-01 -1.44568145e-01\n   7.97641426e-02  1.82387844e-01]\n [-1.24398710e-07 -1.28053060e-07 -9.47312717e-09 -1.09065333e-07\n  -2.09515925e-08 -1.26253035e-08  3.50565337e-08 -1.93723704e-08\n  -2.76680421e-08 -7.59172192e-09 -1.15049605e-08 -2.93769453e-08\n   3.31741283e-08  3.33686607e-08 -6.87675197e-08  1.95443342e-08\n  -5.44235910e-08 -1.12901247e-07 -2.28113937e-08  2.74062462e-08\n  -1.57142193e-08  3.56509844e-08 -1.05000764e-08 -4.13807797e-08\n  -8.91362859e-08 -2.30296688e-08 -2.93795264e-08 -1.57180189e-08\n  -1.21329347e-08 -2.98446445e-09  5.29636850e-08  4.27201350e-08\n  -7.25251894e-08 -9.54752579e-08 -9.19968883e-08 -7.97651438e-08\n   8.68193979e-08  7.49956968e-08]\n [-2.26904672e-06 -2.15097612e-06 -1.03656667e-07 -2.32542925e-06\n  -5.21681272e-07 -1.88930301e-07  6.07955542e-07 -2.48369730e-07\n  -5.19937430e-07 -1.51159796e-07 -3.33253894e-07 -5.87761576e-07\n   6.91698574e-07  6.46969113e-07 -1.22907250e-06  4.20393604e-07\n  -1.14651073e-06 -2.25054214e-06 -3.69577947e-07  4.02600705e-07\n  -3.70182761e-07  7.65015102e-07 -3.31933165e-07 -8.43493694e-07\n  -1.64513904e-06 -1.64091063e-07 -5.75323270e-07 -2.69814876e-07\n  -1.67190038e-07  3.39721034e-08  1.02999456e-06  8.18617195e-07\n  -1.23139785e-06 -1.93836536e-06 -1.61264131e-06 -1.54695863e-06\n   1.79854533e-06  1.26956411e-06]\n [-2.45207828e-03 -5.96623914e-03  6.02434156e-04  1.32020586e-03\n   1.85401109e-03  7.16508192e-04 -4.27917723e-04 -1.59027462e-03\n  -8.25575786e-04 -6.93585142e-04  1.80229975e-03  4.75654961e-04\n   1.34471105e-03 -1.20390393e-03 -1.39181723e-03 -1.52954145e-03\n   5.88647032e-04  6.15672616e-04 -1.21378037e-03  8.88527196e-04\n   9.03925218e-04  4.32469504e-04  1.60277670e-03  7.73547566e-04\n  -3.34621826e-03 -1.08260929e-03  1.27320969e-03 -2.43121642e-03\n   8.30998644e-04  6.89723965e-05  3.00625898e-03  3.65365413e-04\n   7.60265393e-04 -4.30653366e-04 -6.45082910e-04  1.03694438e-04\n   3.27628077e-04  7.12912471e-04]\n [ 6.89799991e-03  1.06865577e-02 -4.76902933e-04  2.34005088e-03\n  -2.62767915e-03  5.07847057e-04 -1.99631113e-03 -8.57926861e-05\n   1.27265195e-03  2.38931651e-04 -4.34997841e-04  2.81634135e-03\n  -1.21630158e-03  6.99340133e-04  3.72243649e-03 -2.27151526e-04\n   6.70822265e-05  5.27888630e-03  2.84606661e-03 -4.54024732e-04\n  -2.13248632e-03  2.97755178e-04 -1.04922382e-03 -9.96020623e-04\n   5.86262392e-03  3.43689183e-03 -7.47912796e-04  2.92663369e-03\n   1.46516843e-03  2.23956769e-03 -5.15316939e-03 -2.62543123e-04\n   3.79340583e-03  3.69625702e-03  4.69478918e-03  3.19944462e-03\n  -2.01999350e-03 -5.28836763e-03]\n [ 1.60905160e-02 -6.08850969e-03  3.35494010e-03  3.09260059e-02\n   6.44233963e-03  4.71480144e-03 -9.78169497e-03 -6.29482698e-03\n   6.09706249e-03 -1.43691886e-03  4.14317800e-03  1.18562132e-02\n  -3.98597028e-03 -1.05456971e-02  6.26209006e-03 -1.75518002e-02\n   1.45289395e-02  3.01242620e-02 -7.28928833e-04 -7.00311095e-04\n   3.10779084e-03 -1.39382984e-02  1.59375614e-03  4.81367670e-03\n   1.38507271e-03  3.11248633e-03  2.97981291e-03 -1.56347696e-02\n  -8.55534978e-04  2.58999295e-03  7.11992756e-03 -1.24436792e-03\n   1.31600387e-02  1.32341040e-02  2.37640329e-02  2.62620375e-02\n  -2.78847925e-02 -2.03000922e-02]\n [ 5.75711101e-06  7.05486582e-06 -6.33971752e-07  3.13365558e-06\n  -2.06682921e-06 -5.12156362e-07 -1.69026657e-06  2.22012524e-08\n   1.11587156e-06 -1.31640139e-08  3.32847691e-07  2.75414936e-06\n  -7.85991745e-07  1.10560045e-07  2.98102441e-06  1.45409345e-07\n  -1.11591419e-06  4.65376161e-06  1.57051920e-06  5.65199407e-08\n  -1.09620839e-06 -8.74886496e-07 -1.20138611e-06  7.51377684e-07\n   3.95262759e-06  1.71922602e-06  2.59356369e-07  1.89152183e-06\n   3.57773331e-07  1.13554177e-06 -3.29653403e-06  1.72317002e-07\n   2.38887719e-06  3.70076691e-06  3.91456661e-06  2.90908042e-06\n  -2.76763535e-06 -3.77248148e-06]\n [ 2.86869649e-02 -6.93613244e-03  2.36674817e-03  4.97697517e-02\n   1.99243110e-02  1.71514582e-02 -2.06359252e-02 -5.39055653e-03\n   7.95153622e-03 -3.89044476e-03  9.95907653e-03  2.71207131e-02\n  -1.05099231e-02 -2.19917726e-02  1.10998405e-02 -3.13187055e-02\n   3.60080004e-02  5.58661856e-02 -4.34467895e-03  1.18393952e-03\n   1.00707216e-02 -1.82497576e-02  6.03248179e-03  6.56904280e-03\n   2.52028648e-03  2.27031880e-03  1.04214661e-02 -2.00000890e-02\n   1.74776576e-02  8.40907730e-03  1.72012057e-02  1.23825222e-02\n   3.10980137e-02  3.49875055e-02  5.03560193e-02  4.25417200e-02\n  -4.29884046e-02 -4.13738675e-02]\n [-3.27873909e-06 -2.03598597e-06 -2.19612375e-07 -4.23387610e-06\n  -1.70997134e-06 -6.18437070e-07  1.07814230e-06  2.30278459e-07\n  -6.95195922e-07 -8.87398883e-08 -1.05283073e-06 -1.07391509e-06\n   1.06393327e-06  1.55834607e-06 -1.59718081e-06  1.46082448e-06\n  -2.27046007e-06 -4.13846783e-06 -3.08799827e-07  6.22396612e-07\n  -1.09701182e-06  1.57991144e-06 -1.27358646e-06 -1.36392975e-06\n  -1.99276110e-06 -2.83459542e-07 -1.01095793e-06  2.34438772e-07\n  -4.95231063e-07  2.89576462e-07  1.17846719e-06  1.59523813e-06\n  -2.41288262e-06 -3.23887139e-06 -2.84283010e-06 -2.98805912e-06\n   2.78495168e-06  2.14207535e-06]\n [-5.67839525e-05 -3.45485023e-05 -1.35886503e-05 -7.43154233e-05\n  -2.03249747e-05 -1.13667411e-05  1.28178654e-05 -7.22040841e-06\n  -1.61922835e-05  1.48011304e-06 -1.90628234e-05 -2.43337035e-05\n   1.64474386e-05  2.66960360e-05 -3.56105884e-05  2.28795889e-05\n  -4.40832191e-05 -7.19774762e-05 -2.69708153e-06  1.09181919e-05\n  -1.02974946e-05  2.44890634e-05 -2.90601565e-05 -3.36911144e-05\n  -3.17526792e-05  5.05562275e-06 -2.83043482e-05  4.80844619e-06\n  -3.39624330e-06  6.13266411e-06  1.36353447e-05  1.75768528e-05\n  -4.10582907e-05 -6.04365487e-05 -5.32623817e-05 -4.42452874e-05\n   5.32313170e-05  3.48254543e-05]]",
      "mean_absolute_gradient": "[0.0358055  0.06354687 0.00515653 0.01923615 0.01693577 0.00445945\n 0.0059046  0.00615656 0.01346112 0.00539799 0.00890955 0.01156786\n 0.01418172 0.00752507 0.02735403 0.01419425 0.00652575 0.02338918\n 0.01157533 0.00512999 0.00903342 0.00775217 0.00653235 0.01013484\n 0.03191898 0.01209568 0.00850598 0.0200473  0.00217931 0.004668\n 0.03336916 0.01199667 0.01188207 0.01979883 0.02753179 0.02167268\n 0.01530456 0.02501052]",
      "std_gradient": "[0.09326258 0.18150835 0.01328205 0.03877086 0.04115275 0.00761842\n 0.01098676 0.01419539 0.03612645 0.01417235 0.02152333 0.02484367\n 0.03804129 0.01309703 0.07605103 0.02758968 0.01131321 0.04893666\n 0.03191306 0.01439702 0.02206321 0.01580291 0.01634055 0.02618064\n 0.09205066 0.0336038  0.02065801 0.0472265  0.00519698 0.00988811\n 0.08980049 0.03155633 0.02450507 0.04660206 0.06330421 0.04783718\n 0.02997801 0.05836787]"
    },