{
  "batch_name": "soft_finger_batch_3",
  "num_samples": 150,
  "num_features": 38,
  "num_classes": 3,
  "test_accuracy": 0.9666666388511658,
  "model_performance": {
    "overall_accuracy": 0.9666666388511658,
    "per_class_accuracy": {
      "0": 1.0,
      "1": 1.0,
      "2": 0.8999999761581421
    }
  },
  "feature_analysis": {
    "consistently_important": [],
    "method_specific": {},
    "feature_groups": {
      "basic_gradients": {
        "acoustic_importance": 0.007097976686629026,
        "impulse_importance": 0.0,
        "acoustic_vs_impulse_ratio": Infinity
      }
    }
  },
  "saliency_maps_summary": {
    "basic_gradients": {
      "gradients": "[[-1.30529068e-02 -2.03702524e-02 -4.38653107e-04 -6.51447568e-04\n   7.14993849e-03 -3.59783252e-03  3.44944722e-03  6.59559504e-04\n  -5.46425162e-03  7.86934761e-05 -4.55772708e-04 -6.03944995e-03\n   7.36066280e-03  3.61745502e-03 -6.04486465e-03 -4.92210919e-03\n   3.43512325e-03 -2.68871710e-03 -3.55891325e-03  5.67406649e-03\n   3.18741868e-03  1.38605537e-03  2.89686536e-03  1.42466940e-03\n  -1.02420952e-02 -2.05732416e-03 -6.91617548e-04 -4.80086030e-03\n  -7.65739242e-04 -1.56233262e-03  9.91670974e-03 -3.32223193e-04\n  -7.23287603e-03 -5.50677115e-03 -3.37890536e-03 -3.16419476e-03\n  -4.70368564e-03  7.82657135e-03]\n [ 8.07958895e-06  9.79540255e-06 -2.74817012e-07  3.85398198e-06\n  -2.80451923e-06  2.55835971e-07 -1.44118565e-06  1.51726496e-07\n   1.36868402e-06  7.84104316e-07  2.52322081e-07  1.97474014e-06\n  -1.52772725e-06 -7.92129640e-07  5.80129745e-06 -3.83147722e-07\n  -1.20896672e-07  3.88959688e-06  1.84990643e-06 -1.04144772e-06\n  -1.38805285e-06 -1.32433991e-06 -2.79146803e-07  5.81280403e-07\n   4.50394509e-06  1.94764380e-06  4.73715119e-07  3.91102412e-06\n   3.15989439e-07  8.42472502e-07 -4.78513584e-06  2.82542292e-08\n   2.85850706e-06  5.52537540e-06  3.68984502e-06  4.62453272e-06\n  -3.65583173e-06 -6.07967149e-06]\n [ 8.45582963e-06  1.03232132e-05  1.83152391e-08  4.42368355e-06\n  -3.46099819e-06 -3.56723291e-07 -9.43982116e-07 -6.63779645e-07\n   1.25900056e-06  4.75579981e-07  7.06847402e-07  1.91073491e-06\n  -9.46815589e-07 -1.01685225e-06  6.37820176e-06  3.14530872e-08\n  -5.38658071e-07  4.03317927e-06  2.46813033e-06 -1.05621882e-06\n  -1.20563470e-06 -1.15297973e-06 -3.33879711e-07  1.30977764e-06\n   5.01049635e-06  2.39725409e-06  3.95920296e-07  4.21390359e-06\n   3.16883046e-07  1.05286745e-06 -4.49729623e-06 -2.92380321e-07\n   3.08901804e-06  5.39679422e-06  3.32629679e-06  5.33873344e-06\n  -4.67802329e-06 -6.34493153e-06]\n [-1.85050175e-01 -2.60889918e-01  2.74351370e-02  9.20004118e-03\n   5.99344000e-02 -5.34231402e-02  5.13921827e-02  8.18966050e-03\n  -5.77757917e-02 -1.27388211e-02  7.81622366e-04 -7.25789592e-02\n   7.47952461e-02  4.40827794e-02 -7.41677508e-02 -9.56623815e-03\n   2.92377938e-02 -6.88833967e-02 -4.65274975e-02  7.10753500e-02\n   6.63149804e-02  1.71947703e-02  2.87834853e-02  2.09766459e-02\n  -1.19059071e-01 -2.90945042e-02  8.80792644e-03 -8.14544633e-02\n  -1.28748668e-02 -3.99839468e-02  1.22757934e-01  1.10135349e-02\n  -8.95531774e-02 -9.73802656e-02 -5.51669188e-02 -4.80317660e-02\n  -1.00032901e-02  1.05751716e-01]\n [-3.32154341e-05 -1.69013001e-05 -8.44502483e-06 -1.08226217e-04\n  -2.12885134e-05 -2.20298498e-05  3.06813745e-05 -1.86181035e-06\n   6.82644895e-06 -2.56663789e-05 -2.02495648e-05 -1.64951234e-05\n  -1.63268869e-05  3.16010737e-05 -8.74385005e-05  6.68725697e-05\n  -6.37452322e-05 -1.15400391e-04 -2.48881577e-07 -1.46725517e-06\n  -2.34031104e-05  2.99241947e-05 -4.54758265e-05 -5.19680179e-05\n  -1.33566509e-05  1.81253708e-05 -3.33845383e-05  2.67296800e-05\n   7.94876178e-06 -2.42439364e-05  2.17171546e-05  1.51441345e-05\n  -5.93279037e-05 -8.13110892e-05 -1.05066159e-04 -7.67529928e-05\n   9.15416531e-05  8.77444327e-05]\n [ 6.57730634e-05  8.39911663e-05  2.02968317e-06  3.28524256e-05\n  -3.73172552e-05 -1.14776631e-05 -4.46623062e-06  2.87846615e-06\n   1.16205047e-05 -2.60103616e-06  1.22740912e-05  1.90814826e-05\n  -1.60593445e-05 -1.04700875e-05  4.55835252e-05  1.25692013e-05\n  -8.56973566e-06  2.73153455e-05  1.11039881e-05 -7.11039138e-06\n  -1.09323810e-05 -7.37493519e-06 -1.24845283e-05  1.02214508e-05\n   4.01842844e-05  1.16234169e-05  6.39702250e-07  3.03483630e-05\n   8.74661418e-06 -4.48009814e-07 -3.63707077e-05  3.71951228e-06\n   2.84100006e-05  3.59477635e-05  2.99111343e-05  4.50899825e-05\n  -3.14868194e-05 -5.38241584e-05]\n [ 4.24143672e-03 -1.04964548e-03  5.17181528e-04  1.85349341e-02\n   3.95436771e-03  1.22844474e-03 -4.17918991e-03 -2.55397288e-03\n   1.24800266e-04  3.04501830e-03  4.77425708e-03 -3.72534036e-03\n   5.78338606e-03 -1.97833637e-03  1.06197894e-02 -7.49147404e-03\n   6.02051662e-03  1.70135349e-02  1.55809789e-03  3.63852573e-03\n   2.58212956e-03 -5.44439256e-03  4.37316811e-03  8.75464920e-03\n  -1.25161081e-03 -1.42697536e-03  2.31337920e-03 -2.86103087e-03\n  -4.04496852e-04  7.37774884e-04  1.27259304e-03 -4.23278566e-03\n   3.39215854e-03  1.31848827e-02  1.65528469e-02  1.48339886e-02\n  -2.17906646e-02 -1.43388817e-02]\n [ 1.36952510e-03  2.12089834e-03 -8.76083432e-05  2.40754249e-04\n  -9.17428988e-04 -2.52817146e-04 -1.40966411e-04  1.85366735e-04\n   4.92469699e-04  1.40578806e-04 -1.54847177e-04  8.51505683e-05\n  -5.04699943e-04  2.61568581e-04  6.50901871e-04  6.85322797e-04\n  -5.79639629e-04  2.18511559e-04  2.72149191e-04 -2.08278914e-04\n  -1.41313358e-04 -2.86500639e-04 -6.81208097e-04 -1.68697268e-04\n   1.08351791e-03  1.83938711e-04 -2.10823258e-04  7.69989623e-04\n   2.44190189e-04  7.33795241e-05 -7.31859647e-04  2.54843297e-04\n   5.17979652e-06  4.01237165e-04  3.13857454e-04  6.10448769e-04\n  -4.41297161e-04 -7.63987307e-04]\n [ 9.54317278e-04  4.23632475e-04  3.03884532e-04  3.98615794e-03\n   3.76753771e-04  2.85673566e-04 -4.85172466e-04 -6.37495308e-04\n  -3.51878232e-04  8.23432754e-04  7.29093153e-04 -8.97977618e-04\n   1.05852622e-03 -3.69845424e-04  2.39975122e-03 -9.13484197e-04\n   8.54700513e-04  2.58810772e-03  2.32705715e-05 -2.15483029e-04\n   6.30553870e-04 -7.15057482e-04  1.02638721e-03  1.11596601e-03\n   2.94179245e-05  3.45861365e-04  1.53688539e-03 -8.83159693e-04\n  -7.90246297e-04  9.75598115e-04  3.54957330e-04 -7.08252890e-04\n   1.25374540e-03  2.50704330e-03  2.35241046e-03  2.46359268e-03\n  -3.04709258e-03 -2.03573634e-03]\n [-4.42005368e-03 -7.73009378e-03  3.38178506e-05  2.28099452e-04\n   2.89651798e-03 -1.86343023e-05 -2.04575030e-04  4.34251677e-04\n  -1.88014586e-03  5.21238253e-04 -6.55840500e-04 -1.82469178e-03\n   1.73952931e-03  1.90437611e-04 -1.29455258e-03 -1.95723958e-03\n   2.18673586e-03 -7.80780276e-04 -2.42792675e-03  1.61669706e-03\n   1.42576813e-03 -4.31806140e-04  2.09519221e-03  1.11798686e-03\n  -4.10669763e-03 -2.24404340e-03  5.64610353e-04 -2.51231296e-03\n  -7.82972318e-04  4.68280254e-04  4.07766504e-03  1.68764149e-03\n  -1.73976168e-03 -1.43661164e-03 -3.02244473e-04 -1.20353082e-03\n  -6.68445602e-04  2.91638728e-03]]",
      "mean_absolute_gradient": "[0.02092039 0.02927054 0.00288271 0.00329908 0.00752943 0.00588407\n 0.00598891 0.00126659 0.00661104 0.00173773 0.00075849 0.0085191\n 0.00912769 0.00505443 0.00953228 0.00256157 0.00423875 0.00923237\n 0.00543835 0.00824391 0.00743191 0.00254984 0.00399149 0.00336227\n 0.01358355 0.00353867 0.00141601 0.0093347  0.00158798 0.00438279\n 0.01391791 0.00182485 0.01032706 0.0120545  0.00782092 0.00704393\n 0.00407858 0.01337873]",
      "std_gradient": "[0.05533195 0.07764257 0.00822315 0.00587857 0.01769334 0.01599104\n 0.01556362 0.00265926 0.01717986 0.00407275 0.00148617 0.02144791\n 0.02207441 0.01323086 0.02279794 0.00344946 0.00860217 0.0218453\n 0.01389019 0.02105819 0.01967208 0.00560589 0.00845096 0.00641186\n 0.03537948 0.0086057  0.00266524 0.0241522  0.00379771 0.01203461\n 0.03645919 0.00369877 0.02684489 0.02986056 0.01782401 0.01557527\n 0.00664907 0.03236655]"
    },