{
  "batch_name": "soft_finger_batch_3",
  "num_samples": 150,
  "num_features": 38,
  "num_classes": 3,
  "test_accuracy": 0.9666666388511658,
  "model_performance": {
    "overall_accuracy": 0.9666666388511658,
    "per_class_accuracy": {
      "0": 1.0,
      "1": 1.0,
      "2": 0.8999999761581421
    }
  },
  "feature_analysis": {
    "consistently_important": [],
    "method_specific": {},
    "feature_groups": {
      "basic_gradients": {
        "acoustic_importance": 0.017082241278043704,
        "impulse_importance": 0.0,
        "acoustic_vs_impulse_ratio": Infinity
      }
    },
    "top_features": [
      1,
      30,
      0,
      12,
      24,
      22,
      25,
      14,
      37,
      27
    ]
  },
  "saliency_maps_summary": {
    "basic_gradients": {
      "gradients": "[[-1.84307911e-03 -4.12100460e-03  2.37089625e-04  5.53915103e-04\n   3.51408217e-03  1.63664098e-03 -1.21183519e-03 -1.64275290e-03\n  -7.30605971e-04 -1.72433443e-03  1.98102277e-03  1.16038218e-03\n   2.75158766e-03 -1.62739959e-03 -2.92376673e-04 -3.46298330e-03\n   2.96917185e-03  1.38715620e-03 -1.45011244e-03  1.21084368e-03\n   1.45366866e-04 -5.44490060e-04  4.61352244e-03  2.26958888e-03\n  -2.69629364e-03 -3.99827346e-04  5.85643167e-04 -2.62277480e-03\n   1.21383439e-03  1.88597466e-03  3.76241584e-03 -3.20867170e-04\n   5.65974275e-04  5.08672267e-04  1.42299710e-03  3.18083656e-03\n  -5.51171310e-04 -1.38768286e-04]\n [-1.93057126e-09 -1.18439658e-09 -3.51201318e-10 -1.74032178e-09\n  -3.15064502e-10 -5.53576074e-10  1.19639187e-10  2.28227687e-10\n  -1.50696636e-10 -2.47161264e-10 -6.11978745e-10 -1.05419362e-09\n   7.99416977e-10  5.96393213e-10 -1.69730308e-09  1.37363154e-09\n  -1.60329874e-10 -1.16482712e-09 -7.37009009e-10 -4.37894859e-10\n  -3.66775554e-10  2.93848973e-10 -9.25530097e-10 -9.91618232e-10\n  -6.90887292e-10 -2.52086491e-10 -1.41098488e-09  7.64192154e-10\n   4.28974745e-10 -5.10930298e-10  7.06604830e-10  5.52145940e-10\n  -1.42123158e-09 -1.95415217e-09 -1.42213952e-09 -1.60753932e-09\n   1.62492730e-09  1.74469883e-09]\n [-1.67909161e-06 -1.47817354e-06 -2.86541535e-07 -1.52483938e-06\n  -1.27705064e-07 -3.30838020e-07  1.77245610e-07  4.28694591e-07\n  -3.17794303e-07 -2.32885000e-07 -6.22836012e-07 -9.74613613e-07\n   2.82191593e-07  6.20336891e-07 -1.37810480e-06  1.07858659e-06\n  -5.70736859e-07 -1.14775469e-06 -6.87506599e-07 -4.53626200e-07\n  -2.57942986e-07  3.74892750e-07 -5.49313881e-07 -1.09091502e-06\n  -8.04359786e-07 -1.86949478e-07 -1.08070242e-06  2.63173064e-07\n   4.04953482e-07 -5.84470058e-07  1.98455879e-07  3.42521190e-07\n  -1.38340022e-06 -1.97874374e-06 -1.35645985e-06 -1.41748842e-06\n   1.60146146e-06  1.20513880e-06]\n [ 4.38134794e-06  6.33454465e-06 -2.97151900e-07  1.61139735e-06\n  -2.35318475e-06 -1.01551177e-06 -5.99468365e-07  6.35935862e-07\n   1.43481134e-06  7.12916460e-07  4.88338515e-07  1.31709953e-06\n  -1.56824035e-06  7.72001201e-08  2.98946884e-06  3.60012223e-07\n  -2.92848995e-07  2.96371718e-06  1.20168102e-06 -4.45050745e-07\n  -1.11199688e-06 -4.23760156e-07 -3.23489530e-07 -6.38616058e-08\n   3.57546469e-06  1.32632283e-06 -5.86447072e-07  2.62342132e-06\n  -8.45168529e-07  2.94256751e-07 -3.97347048e-06  2.49686973e-08\n   9.51938603e-07  2.27108944e-06  3.02086391e-06  2.89620834e-06\n  -2.27919531e-06 -3.25233304e-06]\n [-1.60887552e-08 -1.07596732e-08 -3.70815045e-09 -1.96266949e-08\n  -1.64276492e-09 -2.46835374e-09 -1.37491585e-09  1.12277276e-09\n  -6.50102283e-09 -3.33142247e-09 -3.73014819e-09 -5.78400572e-09\n   4.29652564e-10  4.27574642e-09 -1.53664104e-08  1.86898141e-08\n  -5.18115595e-09 -1.41718530e-08 -6.48691900e-09 -4.63215688e-09\n  -3.46161610e-09  7.45473372e-09 -1.17308696e-08 -1.73872277e-08\n  -5.00591568e-09  3.89908905e-09 -1.14632988e-08  4.94079799e-09\n   4.01812850e-09 -6.23468344e-09  3.84959092e-10 -1.02290468e-10\n  -1.10686020e-08 -1.95007388e-08 -1.54544892e-08 -1.66077996e-08\n   1.77477943e-08  1.11831309e-08]\n [ 7.85375451e-05  1.35158785e-04 -1.99937040e-06  3.25317633e-05\n  -6.75679112e-05 -2.84137041e-05 -9.16290901e-06  2.31432459e-05\n   3.79267258e-05  1.34167394e-05  1.03043194e-05  8.63382320e-06\n  -5.14608728e-05  3.31372212e-06  5.66777235e-05  2.05274919e-05\n  -2.04946900e-05  4.79302944e-05  3.62113678e-05 -9.91310480e-06\n  -2.88532956e-05 -4.68148255e-06 -2.40273766e-05 -2.24533669e-05\n   8.14494924e-05  4.68910403e-05 -4.32019806e-06  5.61935813e-05\n  -2.07938683e-05 -8.69525763e-07 -8.33091908e-05 -3.46334491e-06\n   1.56963665e-06  3.84379164e-05  4.72255088e-05  4.41629199e-05\n  -4.65060220e-05 -6.16285251e-05]\n [ 1.57287100e-03  2.40452425e-03 -8.08060431e-05  4.06435283e-04\n  -7.87887024e-04 -2.41763453e-04 -3.75001982e-04  1.15025818e-04\n   3.51490889e-04  3.48570349e-04  3.16305581e-04  8.51260964e-04\n  -7.32964487e-04 -7.95702217e-05  1.00269727e-03  2.61628098e-04\n  -6.89457229e-05  9.55780677e-04  4.54096618e-04 -2.27011988e-04\n  -5.17625245e-04 -1.95527682e-04 -1.46022387e-04 -3.97809752e-04\n   1.33215601e-03  8.73256708e-04 -1.34531438e-04  8.58746818e-04\n  -8.34360617e-05  2.45910924e-04 -1.58806215e-03 -6.19329221e-05\n   7.79609079e-04  7.42452918e-04  7.18755065e-04  7.49814266e-04\n  -4.55162924e-04 -1.11363013e-03]\n [ 6.85824125e-05  1.03821840e-04 -5.16928139e-06  2.55781124e-05\n  -2.99015010e-05 -1.54212012e-05 -5.68000496e-06  9.12337600e-06\n   1.89078601e-05  8.85627469e-06  5.11411463e-06  2.69495449e-05\n  -2.73196838e-05 -4.74936911e-07  4.59617004e-05  4.88670139e-06\n  -1.63204811e-06  4.79351438e-05  9.69545454e-06 -1.10686524e-05\n  -1.31758525e-05 -1.05441150e-05 -7.65383447e-06 -6.67847144e-06\n   5.04563177e-05  9.72223552e-06 -9.85340557e-06  4.29245883e-05\n  -1.04230667e-05  1.36360018e-06 -6.17138212e-05  1.08754546e-06\n   2.25532240e-05  2.65040144e-05  4.36112387e-05  3.98601806e-05\n  -2.75225520e-05 -4.69932638e-05]\n [-7.57119851e-04 -1.59105996e-03 -1.93546148e-04  1.45915998e-04\n   8.85486312e-04  1.76069825e-05  4.18739660e-07 -1.30500717e-04\n  -8.93948163e-05 -7.43486962e-05  1.46912653e-05 -2.76268722e-04\n   1.08196796e-03  1.73540975e-04 -3.55070428e-04 -7.67356541e-04\n   5.39158063e-04  9.94412912e-05 -7.25944701e-04  2.37719389e-04\n   7.71839346e-04 -2.91849632e-04  7.32968270e-04  9.27368354e-04\n  -9.34703334e-04 -1.09967298e-03 -1.23774080e-04 -3.69000918e-04\n   1.94363718e-04  2.11098188e-04  1.36649003e-03  5.06310840e-04\n  -5.81230270e-04 -2.12604398e-04  2.50973389e-05  4.30772139e-04\n  -1.91308965e-04  6.24527340e-04]\n [-4.27564889e-01 -7.06123114e-01 -1.06987292e-02 -1.08503424e-01\n   2.36659855e-01  6.41816258e-02  1.25596285e-01 -1.95742361e-02\n  -3.44188176e-02 -2.73617133e-02  6.16754889e-02 -1.66877165e-01\n   3.67264748e-01  2.86276750e-02 -2.97452092e-01 -1.08351529e-01\n   1.79998636e-01 -1.04933172e-01 -5.46375997e-02  1.38348863e-02\n   1.36065200e-01  5.16467951e-02  3.14901143e-01  1.29995927e-01\n  -3.56403381e-01 -3.08177710e-01 -7.10101724e-02 -2.56149799e-01\n   8.75721797e-02  1.30854979e-01  4.95215058e-01  3.62825319e-02\n  -9.44179669e-02 -1.80816501e-01 -1.42862067e-01 -4.87271994e-02\n   1.16211072e-01  2.83982724e-01]]",
      "mean_absolute_gradient": "[0.04318912 0.07144865 0.00112179 0.0109671  0.02419473 0.00661228\n 0.01271992 0.00214958 0.00356489 0.00295322 0.0064004  0.01692029\n 0.03719119 0.00305127 0.02992093 0.01128704 0.01835989 0.01074755\n 0.00573156 0.00155323 0.01375434 0.00526947 0.03204262 0.0133621\n 0.03615028 0.03106086 0.007187   0.02601023 0.00890963 0.01332011\n 0.05020812 0.00371766 0.00963712 0.01823494 0.01451242 0.0053177\n 0.01174866 0.02859727]",