{
  "batch_name": "soft_finger_batch_3",
  "num_samples": 150,
  "num_features": 38,
  "num_classes": 3,
  "test_accuracy": 0,
  "model_performance": {
    "overall_accuracy": 0.9666666388511658,
    "per_class_accuracy": {
      "0": 1.0,
      "1": 1.0,
      "2": 0.8999999761581421
    }
  },
  "feature_analysis": {
    "consistently_important": [],
    "method_specific": {},
    "feature_groups": {
      "basic_gradients": {
        "acoustic_importance": 0.015229391871559384,
        "impulse_importance": 0.0,
        "acoustic_vs_impulse_ratio": Infinity
      }
    }
  },
  "saliency_maps_summary": {
    "basic_gradients": {
      "gradients": "[[ 6.35437295e-02  3.11290147e-03  9.79755074e-03  1.05526939e-01\n   9.46309790e-03  4.24605347e-02 -3.67667861e-02 -1.88489910e-02\n  -2.65502487e-03 -4.18699682e-02  5.47652803e-02  8.01226422e-02\n   8.93281121e-03 -6.13224767e-02  1.10063665e-01 -3.52089144e-02\n   3.96334380e-02  9.38584134e-02  3.75810489e-02  1.38080213e-02\n  -9.61184874e-03  1.68883218e-03  9.32465345e-02  6.11713268e-02\n  -6.46862201e-04  3.09495740e-02  4.75066565e-02 -2.60646697e-02\n   1.41408946e-02  1.99313965e-02  1.06544485e-02 -5.38050523e-03\n   3.25577222e-02  8.40473026e-02  1.00420170e-01  9.78523642e-02\n  -4.35695872e-02 -6.63545504e-02]\n [-2.12789328e-05  1.16476258e-06  1.00521065e-05 -5.83726724e-05\n  -2.08346992e-05 -3.16368132e-05  9.24981123e-06  3.08317203e-06\n  -2.24261885e-06  1.30331873e-05 -2.07238390e-05 -3.72305549e-05\n  -2.52409421e-07  2.72598463e-05 -5.21117363e-05  4.16826879e-05\n  -3.02383651e-05 -4.92266845e-05 -1.07183196e-05 -4.95966859e-08\n  -5.75322929e-06 -6.46497767e-07 -3.36700941e-05 -3.92673610e-05\n  -1.27852127e-06 -1.32104360e-05 -3.15667785e-05  1.63864097e-05\n  -3.58983016e-06  7.83407722e-06  3.84527084e-06  9.50346748e-06\n  -1.46301745e-05 -4.32607594e-05 -4.77197536e-05 -4.41474149e-05\n   1.55419093e-05  4.10053981e-05]\n [ 1.18280202e-03  2.01981049e-03 -6.00297699e-06 -2.20775284e-04\n  -9.36847879e-04 -3.55698634e-04 -4.22563520e-04  4.50411666e-04\n   4.12250665e-04 -1.39250173e-04 -4.71682200e-04 -7.13198024e-05\n  -4.35725524e-04  1.35449780e-04  6.59849960e-04  7.35538604e-04\n  -3.73516057e-04  6.71467104e-04  3.61827639e-04  6.92925096e-05\n  -4.44801408e-04 -4.62100754e-04 -6.11117517e-04 -4.03427111e-04\n   1.17106095e-03  1.36760384e-04 -2.63656984e-04  9.34474054e-04\n   1.40521715e-05  2.15012100e-04 -1.02394773e-03  2.90536089e-04\n  -3.38731661e-05  7.71969091e-04  5.49303542e-04  4.72742773e-04\n  -1.00314757e-03 -7.26082711e-04]\n [-1.13148279e-04 -1.42985182e-05  3.99077835e-05 -2.57036067e-04\n  -6.22920634e-05 -4.74961780e-05  9.90341596e-06 -3.15769576e-05\n  -1.84877863e-05  1.34180427e-05 -2.90984644e-05 -9.32776165e-05\n   1.14554359e-05  1.86982361e-05 -1.95093060e-04  2.04708529e-04\n  -1.11009802e-04 -2.02130061e-04  2.27756391e-05 -2.70845194e-05\n  -4.10626053e-05  6.76805066e-05 -1.30603978e-04 -1.20272089e-04\n  -1.04108940e-05  3.37799815e-06 -9.69770990e-05  5.08396661e-05\n   3.26717054e-06  1.12255093e-05  3.88596563e-05  4.60413867e-06\n  -4.15153445e-05 -1.80650095e-04 -1.75777503e-04 -1.78271570e-04\n   7.86493256e-05  1.98986323e-04]\n [-9.75449830e-02 -1.49702802e-01  9.30877589e-03  3.60650662e-03\n   4.47551832e-02  4.13036570e-02 -1.70873024e-03 -3.42502743e-02\n  -4.11948562e-02  6.82658423e-03  4.96325083e-02 -4.12611105e-03\n   6.11502230e-02 -3.93747203e-02 -8.89056623e-02 -2.26434041e-02\n   1.72010120e-02 -7.61521012e-02 -1.01133075e-03  1.39098782e-02\n   5.37564792e-02  6.76907673e-02  5.40473461e-02  3.67380902e-02\n  -9.45454538e-02  1.70596093e-02  3.04434486e-02 -9.34901163e-02\n   1.11504672e-02  6.29396690e-03  1.25514328e-01 -5.49626350e-02\n   1.72442999e-02 -6.21159039e-02 -4.70211916e-02 -5.97187988e-02\n   1.08428076e-01  7.00855255e-02]\n [ 3.52469033e-05  4.89537597e-05  3.31831188e-06  1.18279531e-05\n  -2.62924968e-05 -3.15059481e-07 -9.26001121e-06  4.24676318e-06\n   4.27347322e-06 -3.09691859e-06  3.28076294e-06  1.40440152e-05\n  -4.81853840e-06 -3.02328857e-07  3.50388036e-05  1.17612171e-05\n  -2.04355797e-06  3.22695014e-05  9.89556065e-06  2.66355892e-06\n  -1.39695012e-05 -1.13112192e-05 -3.27089651e-06 -1.29746195e-06\n   3.19687788e-05  9.45693500e-06  2.42863348e-06  2.61341665e-05\n   2.33072751e-06  3.95893994e-06 -2.40109148e-05  6.09184281e-06\n   1.03596276e-05  3.08216731e-05  2.37397144e-05  2.83661502e-05\n  -2.63301081e-05 -1.96568053e-05]\n [ 1.06500499e-01  3.51697057e-02 -6.67957996e-04  1.97808668e-01\n  -8.19621421e-03  2.29539722e-02 -2.91325264e-02 -6.75032893e-03\n  -2.37795860e-02 -3.51731991e-03  4.82166596e-02  5.22987060e-02\n  -5.44045772e-03 -2.06004027e-02  1.26115307e-01 -8.95176157e-02\n   1.02528423e-01  1.47369385e-01 -1.07586626e-02  4.73642759e-02\n   5.91309778e-02 -4.27875333e-02  1.05575673e-01  7.11462796e-02\n   1.52486539e-03  1.60817672e-02 -1.91170955e-03 -2.12031789e-02\n   4.50010113e-02  2.79503968e-02  2.46262550e-02  1.20423557e-02\n   8.26668087e-03  1.31176308e-01  1.68957606e-01  1.50056154e-01\n  -6.33070320e-02 -1.30420178e-01]\n [-2.50795711e-06 -2.02164688e-06  1.04661672e-06 -3.87862337e-06\n  -6.68119526e-07 -1.69526731e-06  7.33520835e-07 -1.83415139e-07\n  -2.14553566e-07  5.70046268e-07 -1.34061929e-06 -2.30853811e-06\n   4.56232925e-07  1.26575685e-06 -4.19521439e-06  2.61254831e-06\n  -1.83346765e-06 -3.76144135e-06 -1.04302728e-06  2.13343341e-07\n   9.15635923e-08  3.07522669e-07 -2.06049890e-06 -1.91886261e-06\n  -1.36010124e-06 -1.55687360e-06 -1.09316147e-06  7.10228448e-07\n  -1.49758918e-07  1.05753060e-07  1.39312306e-06  4.26616140e-07\n  -6.50869538e-07 -3.64371294e-06 -3.52106349e-06 -3.19430069e-06\n   1.80750521e-06  3.96089763e-06]\n [-1.39465102e-03 -2.60065892e-03  7.31859065e-04  8.78271880e-04\n   1.39509642e-03 -3.08441668e-04  6.19086728e-04  7.70993574e-05\n  -2.52337573e-04  1.11479421e-04  8.57922569e-05 -6.23997534e-04\n   3.62049381e-04  4.08907013e-04 -8.49683711e-04 -1.22582179e-03\n   8.04647163e-04  8.13650622e-05 -9.66179068e-04  4.56616923e-04\n   9.33791162e-04 -2.92115554e-04  9.72316426e-04  6.18357968e-04\n  -1.67302357e-03 -1.32632803e-03  7.92561550e-05 -5.94461802e-04\n  -8.22647416e-05 -1.63122604e-04  1.14691129e-03  4.87541110e-04\n  -3.73688585e-04 -1.44113728e-04 -1.34757283e-04  3.92632355e-04\n   1.93914966e-04 -2.18990826e-05]\n [-4.43643704e-03 -1.29861459e-02  4.48589260e-03  8.46586563e-03\n   5.87313483e-03 -7.56543828e-04  1.71520491e-03 -5.44828035e-05\n  -2.30464363e-03  9.60485660e-04  9.05284716e-04 -8.73545592e-04\n   8.39277112e-04  3.29138100e-04 -2.01931200e-03 -8.65076389e-03\n   3.42801004e-03  3.91626684e-03 -3.85683030e-03  3.73882195e-03\n   5.51568018e-03 -4.12963564e-03  8.34883470e-03  5.87200979e-03\n  -8.47980753e-03 -7.08089955e-03  1.39411772e-03 -3.31091764e-03\n   7.99980655e-04  1.09843002e-03  6.74181897e-03  2.87184631e-03\n  -9.80683719e-04  1.74326659e-03  3.57993948e-03  6.81034848e-03\n   2.66378949e-04 -4.04937239e-03]]",
      "mean_absolute_gradient": "[0.02747753 0.02056585 0.00250524 0.03168381 0.00707297 0.010822\n 0.0070394  0.00604707 0.00706239 0.00534552 0.01541317 0.01382632\n 0.00771775 0.01222186 0.03289    0.01582428 0.01641142 0.03223364\n 0.00545803 0.00793769 0.01294545 0.01171309 0.02629714 0.01761122\n 0.01080861 0.00726625 0.00817309 0.01456919 0.0071198  0.00556755\n 0.01697758 0.0076056  0.00595241 0.02802572 0.03209137 0.0315557\n 0.02168905 0.02719212]",
      "std_gradient": "[0.04945627 0.04719711 0.00384138 0.06354483 0.01387134 0.01711585\n 0.01332465 0.01105123 0.01337162 0.0129291  0.0233345  0.0275137\n 0.01849826 0.02070367 0.05816398 0.02720534 0.031196   0.05785183\n 0.0122449  0.01418628 0.0230591  0.02526985 0.03999972 0.0266958\n 0.02822121 0.01117084 0.01610778 0.02796147 0.01358516 0.00955524\n 0.03702699 0.01733275 0.010517   0.05071686 0.05978357 0.05645924\n 0.04202825 0.04961685]"
    },