{
  "batch_name": "soft_finger_batch_3",
  "num_samples": 150,
  "num_features": 38,
  "num_classes": 3,
  "test_accuracy": 0.9666666388511658,
  "model_performance": {
    "overall_accuracy": 0.9666666388511658,
    "per_class_accuracy": {
      "0": 1.0,
      "1": 1.0,
      "2": 0.8999999761581421
    }
  },
  "feature_analysis": {
    "consistently_important": [],
    "method_specific": {},
    "feature_groups": {
      "basic_gradients": {
        "acoustic_importance": 0.005390519311492282,
        "impulse_importance": 0.0,
        "acoustic_vs_impulse_ratio": Infinity
      }
    },
    "top_features": [
      1,
      36,
      3,
      0,
      17,
      35,
      34,
      15,
      14,
      33
    ]
  },
  "saliency_maps_summary": {
    "basic_gradients": {
      "gradients": "[[-4.33107652e-02 -7.17333034e-02  6.72001299e-03  9.95191745e-03\n   2.34867893e-02  1.30653651e-02  2.88120529e-04 -2.05603708e-03\n  -2.83402801e-02  1.93459466e-02  2.69528721e-02  9.30024870e-03\n   2.09979601e-02 -8.00147559e-03 -6.65778178e-04 -2.32416634e-02\n   1.16648618e-02 -5.84258139e-03  1.07517960e-02  3.13523859e-02\n   2.00402401e-02  1.09783076e-02  3.32970060e-02  9.83381737e-03\n  -1.85891092e-02  6.35404699e-03  3.32769416e-02 -2.45744009e-02\n   2.08153855e-02 -1.26429414e-02  5.32389060e-02 -1.67225525e-02\n   1.44991111e-02 -1.01924827e-02  5.48915844e-03  4.37771855e-03\n   1.78110637e-02 -5.87528339e-03]\n [-1.72001467e-06 -1.32925584e-06  8.78320805e-07 -4.41545035e-06\n  -1.44299884e-06 -1.09225073e-06  6.01345732e-07 -2.48366149e-07\n   1.34386823e-07 -2.31473294e-08 -1.50503627e-06 -2.37185100e-06\n   3.74719292e-07  1.70439262e-06 -3.52716711e-06  3.44798787e-06\n  -2.81027133e-06 -4.26810175e-06 -1.70329827e-06 -7.98112126e-07\n  -9.47398803e-07  1.62810954e-06 -2.75397088e-06 -1.21868197e-06\n   2.79953184e-07  3.66472761e-07 -1.16080685e-06  1.97700899e-07\n  -4.84713610e-07 -2.14595218e-07 -3.03825743e-07 -2.42478890e-08\n  -1.43257796e-06 -3.38992481e-06 -3.87023556e-06 -4.66355732e-06\n   3.54334975e-06  3.44655905e-06]\n [ 1.56636088e-05  2.34759154e-05 -1.65491554e-06  7.30766669e-06\n  -8.96672100e-06 -1.85159445e-06 -2.91288620e-06 -8.92154787e-07\n   1.80434006e-06  1.45266847e-06 -6.04423391e-08  7.93286199e-06\n  -3.46193474e-06 -6.93134723e-07  9.04616445e-06  7.13608301e-07\n   1.20599020e-06  1.23782320e-05  4.82832002e-06 -8.73518957e-07\n  -2.33055925e-06 -1.31606078e-06 -1.00060981e-06  2.45258502e-06\n   9.36008655e-06  4.81217876e-06  1.82420604e-06  3.52921552e-06\n   5.75923877e-07  2.05309539e-06 -1.31957022e-05 -1.74114314e-06\n   6.24815993e-06  1.08357581e-05  1.08460772e-05  1.00506795e-05\n  -9.26472057e-06 -9.58994588e-06]\n [ 4.71941486e-04  7.61822215e-04 -5.51389312e-05  1.32889283e-04\n  -2.94699421e-04 -1.08501212e-04 -3.94599774e-05  4.28663952e-05\n   2.76099381e-05  8.62071101e-06  5.53639620e-06  2.45179370e-04\n  -1.49597894e-04  2.63420789e-05  2.65577401e-04  1.01592101e-04\n   2.97439947e-05  3.45937646e-04  1.77590002e-04  6.86730118e-06\n  -5.83845540e-05 -4.15060495e-05 -8.43180460e-05  6.05312925e-05\n   2.96613987e-04  1.31046807e-04  8.68547249e-06  1.54375855e-04\n  -5.95004385e-05  4.52608110e-05 -4.56628273e-04 -5.41661611e-05\n   2.26809541e-04  3.05144349e-04  2.67213938e-04  2.07227466e-04\n  -2.23231706e-04 -2.84791313e-04]\n [-3.19361061e-06 -2.38242365e-06  1.45902879e-06 -7.01114095e-06\n  -2.97711222e-06 -2.11532051e-06  2.17757588e-06 -1.01636232e-07\n   1.46737477e-06 -2.32318289e-08 -3.39235180e-06 -4.75533443e-06\n   4.27904382e-07  2.94744291e-06 -5.98584302e-06  6.34401295e-06\n  -5.48785965e-06 -7.43817100e-06 -3.24333359e-06 -2.04600110e-06\n  -1.53852170e-06  1.79298104e-06 -4.84642715e-06 -1.92921971e-06\n   7.27418978e-08  9.52466223e-07 -1.82253450e-06  6.73215425e-07\n  -1.24223595e-06 -6.17478008e-07 -2.82635767e-07 -2.79560908e-07\n  -3.32161812e-06 -5.95643860e-06 -7.58440092e-06 -8.12145117e-06\n   5.76803268e-06  6.02539740e-06]\n [ 5.37836850e-02  3.67436484e-02  1.20565121e-03  9.40491483e-02\n   1.68133359e-02  6.92996243e-03 -8.79431516e-03 -2.34343652e-02\n   3.66023742e-03 -5.34105406e-04  2.12938674e-02  3.19116637e-02\n  -1.00556500e-02 -2.31690034e-02  7.58693889e-02 -6.23665825e-02\n   5.41326217e-02  9.02864784e-02  1.09865060e-02  1.86932143e-02\n   1.08118858e-02  6.20923645e-04  2.95791179e-02  4.84250374e-02\n   2.40924619e-02  1.30398171e-02  3.33757363e-02 -2.06251554e-02\n   1.30870780e-02 -7.49619072e-03  2.33004452e-03 -9.89673892e-04\n   1.96759738e-02  6.45302907e-02  8.18974450e-02  9.07139108e-02\n  -9.45495144e-02 -6.88410699e-02]\n [-1.73276931e-06 -9.53838708e-07  7.77875755e-07 -3.70277394e-06\n  -1.37520465e-06 -1.40444604e-06  8.01183944e-07 -4.23349711e-08\n  -1.68587739e-08  1.24124540e-07 -1.24030760e-06 -2.01214630e-06\n   5.99720238e-07  1.91517461e-06 -3.47278387e-06  3.18930142e-06\n  -2.59930198e-06 -3.71321448e-06 -1.43072191e-06 -4.56092238e-07\n  -6.07372556e-07  6.51401990e-07 -2.07838480e-06 -7.08192033e-07\n   2.63014527e-07  2.34524975e-07 -1.48501454e-06  7.68166956e-07\n  -3.20685473e-07  2.47318212e-07 -3.37146133e-07  2.72177033e-07\n  -1.08593156e-06 -3.21562720e-06 -3.46663637e-06 -3.77917854e-06\n   3.04740138e-06  2.70786177e-06]\n [ 4.73255435e-09  1.13701981e-08 -1.55093427e-09 -6.61803279e-09\n  -2.70315015e-09 -1.14471399e-09 -5.90701099e-10  2.13903673e-09\n   3.11027448e-09  1.48302570e-09 -2.09274909e-09  2.95805630e-10\n  -3.26948935e-09  1.94487382e-09 -6.94956370e-10  4.62186556e-09\n  -2.10377449e-09 -2.99445602e-09  2.71850742e-09 -2.65333000e-09\n  -5.31401056e-09 -1.07610709e-09 -6.40651132e-09 -3.81716880e-09\n   5.74950532e-09  2.41925724e-09 -4.47450654e-09  4.69538808e-09\n  -1.80943582e-09  1.00206921e-09 -6.56649313e-09 -2.50963222e-10\n   1.99653813e-12 -1.00980246e-09 -9.52559143e-10 -3.82251786e-09\n   1.18628107e-09  1.92630556e-09]\n [-1.20769290e-03 -2.52355309e-03  4.89449070e-04  9.96666844e-04\n   8.88011942e-04 -2.23871510e-04  4.27767693e-04 -2.86444876e-04\n  -3.92667571e-04 -4.71839128e-04  1.09102431e-04 -6.68306835e-04\n   8.52257479e-04  5.51133940e-04 -6.47846842e-04 -4.33762732e-04\n   1.04711286e-03 -2.79483589e-04 -1.30576536e-03  5.28184988e-04\n   1.01835956e-03 -1.41421799e-04  1.07867748e-03  7.73660489e-04\n  -1.22570631e-03 -1.64939207e-03  2.10715050e-04 -2.83932139e-04\n   2.74040358e-04 -4.65665275e-04  1.49881246e-03  6.24245498e-04\n  -3.85991356e-04 -3.17224942e-04 -1.32910733e-04  3.31709889e-04\n  -7.73080319e-05  2.17042791e-04]\n [ 3.78477690e-03  7.42489239e-03 -4.46681341e-04 -9.72633188e-06\n  -2.68211961e-03 -1.33845734e-03  7.81813171e-04  4.71007777e-04\n   2.25820020e-03  1.72370972e-04 -1.59745675e-03 -1.47274681e-04\n  -8.55020538e-04  5.38918015e-04  1.70486665e-03  2.67381128e-03\n  -1.37731829e-03  2.39464617e-03  2.28973874e-03 -6.06063113e-04\n  -3.95347539e-04 -1.76420854e-03 -1.87873153e-03 -3.20185791e-04\n   3.10214004e-03  1.95924612e-03 -9.43819701e-04  2.25932430e-03\n  -1.61306665e-03  8.72926554e-04 -3.32619948e-03 -7.30083440e-04\n   9.44324638e-05  2.01717322e-03  1.13065576e-03  1.19038916e-03\n  -2.75061955e-03 -1.67224859e-03]]",
      "mean_absolute_gradient": "[0.01025812 0.01192154 0.00089217 0.01051628 0.00441797 0.00216726\n 0.0010338  0.0026292  0.00346824 0.00205345 0.0049965  0.00422897\n 0.00329154 0.00322941 0.00791755 0.00888311 0.00682638 0.00991769\n 0.00255226 0.00511909 0.00323296 0.00135518 0.00659285 0.00594195\n 0.0047316  0.00231399 0.00678222 0.00479024 0.00358517 0.00215261\n 0.00608647 0.0019123  0.00348944 0.00773857 0.00889431 0.00968476\n 0.01154334 0.00769122]",