{
  "batch_name": "soft_finger_batch_3",
  "num_samples": 150,
  "num_features": 38,
  "num_classes": 2,
  "test_accuracy": 0,
  "model_performance": {
    "overall_accuracy": 1.0,
    "per_class_accuracy": {
      "0": 1.0,
      "1": 1.0
    }
  },
  "feature_analysis": {
    "consistently_important": [],
    "method_specific": {},
    "feature_groups": {
      "basic_gradients": {
        "acoustic_importance": 0.00015157980538118098,
        "impulse_importance": 0.0,
        "acoustic_vs_impulse_ratio": Infinity
      }
    }
  },
  "saliency_maps_summary": {
    "basic_gradients": {
      "gradients": "[[ 2.43378420e-08  1.03243165e-08  1.47791401e-09  3.32778001e-08\n  -5.78893111e-09 -2.86148905e-09 -2.73357004e-09 -5.68026026e-09\n   4.98200636e-09  7.26492777e-09  1.36709257e-08  7.56997753e-09\n   5.68555603e-09 -8.19814083e-09  2.82137389e-08 -1.06561426e-08\n   1.17293490e-08  2.47131595e-08  1.53977919e-09  3.16550919e-09\n  -7.41351425e-09 -5.62334757e-09  1.40500926e-08  2.04590886e-08\n   5.34112399e-09  7.12807013e-09  1.83685334e-08 -1.02488338e-08\n  -4.40976189e-09 -7.68234454e-09 -7.16470572e-09  3.30820726e-09\n   1.22913608e-08  2.03367563e-08  2.53349253e-08  3.18413882e-08\n  -3.40091688e-08 -2.65374247e-08]\n [-1.16042218e-04 -8.92608878e-05 -4.27066880e-05 -1.15942879e-04\n   4.87403258e-06 -1.08070926e-05  1.09212442e-05 -1.89444781e-05\n  -7.49187575e-06  1.85302233e-05 -8.97483460e-06 -9.20362509e-05\n   2.29107281e-05  4.02063888e-05 -1.05074709e-04  5.73208417e-05\n  -7.06224528e-05 -9.77734744e-05 -1.88314880e-05 -1.60866166e-05\n   3.48796784e-05  4.37148992e-05 -1.49917842e-05 -2.98036521e-05\n  -4.03715858e-05 -4.37485069e-05 -3.62394785e-05  6.67115501e-06\n   1.75475252e-05  2.12646592e-06  5.21283073e-05  4.42719647e-05\n  -4.18601885e-05 -1.11304100e-04 -9.70057008e-05 -7.55437504e-05\n   1.29005697e-04  1.10551700e-04]\n [ 1.13209560e-10  5.21376761e-11  6.45364795e-12  1.52301977e-10\n  -2.39019759e-11 -1.16348476e-11 -1.37975560e-11 -2.77754590e-11\n   1.81348356e-11  3.19250563e-11  6.07755721e-11  3.32354734e-11\n   2.55713038e-11 -2.96411611e-11  1.27668889e-10 -4.90257765e-11\n   4.79464558e-11  1.06199889e-10  7.96430717e-12  2.19242697e-11\n  -2.83699713e-11 -2.70784246e-11  6.65624639e-11  8.24426846e-11\n   2.83482283e-11  3.22682332e-11  8.23280749e-11 -4.34724132e-11\n  -1.56452056e-11 -3.20127223e-11 -3.18957881e-11  1.92441740e-11\n   5.94177832e-11  9.95291349e-11  1.17053270e-10  1.39586648e-10\n  -1.53954363e-10 -1.22093349e-10]\n [ 3.73656767e-05  1.85663775e-05  2.20743459e-06  4.63153592e-05\n  -4.92807067e-06 -6.02251419e-07 -3.79298990e-06 -1.15776202e-05\n   6.57182727e-06  3.63392496e-06  1.99167280e-05  3.80563438e-06\n   7.28931036e-06 -1.46133507e-05  3.91246977e-05 -1.82235690e-05\n   1.71947431e-05  3.41268023e-05  4.64241964e-07  5.30954503e-06\n  -6.21847721e-06 -1.15033017e-05  2.40454701e-05  2.88236115e-05\n   5.77761512e-06  5.85756152e-06  2.02381798e-05 -1.71071460e-05\n  -5.16860882e-06 -7.15869783e-06 -9.21552692e-06  1.01775513e-05\n   1.78151058e-05  3.18629864e-05  3.66009663e-05  5.03539268e-05\n  -5.25857795e-05 -3.66646345e-05]\n [ 3.39858985e-09  1.81176796e-09  6.01094063e-10  4.65420991e-09\n  -9.82328885e-10 -4.14021623e-10 -2.40098358e-10 -6.00215599e-10\n   9.30023419e-11  7.05694503e-10  2.12769202e-09  1.06908926e-09\n   1.00802811e-09 -1.00638198e-09  4.02896116e-09 -1.48632351e-09\n   1.45599366e-09  3.26303784e-09  6.23768870e-10  1.10524112e-09\n  -7.54965646e-10 -1.11545218e-09  1.77838344e-09  2.19937490e-09\n   1.15489707e-09  1.39158141e-09  2.44978526e-09 -1.11205400e-09\n  -3.40200479e-10 -7.96941291e-10 -1.20936616e-09  2.38898124e-10\n   1.87721705e-09  3.00681835e-09  3.94978450e-09  4.17071444e-09\n  -4.41536496e-09 -4.10049594e-09]\n [-1.10482964e-04 -7.26546132e-05 -4.16624134e-05 -1.08947745e-04\n   2.47187722e-06 -1.93089218e-05  2.65091276e-05 -2.61116784e-05\n  -1.80908501e-05 -1.30834235e-06 -9.74167233e-06 -8.91501186e-05\n   2.95568534e-05  2.81679222e-05 -1.00011413e-04  4.59261719e-05\n  -7.65919176e-05 -9.95027804e-05 -7.91577895e-06 -1.18486150e-05\n   3.41027371e-05  3.81533864e-05 -2.85097994e-05 -2.95074788e-05\n  -2.81906887e-05 -3.56507444e-05 -4.31817025e-05  3.42152794e-06\n   1.86581856e-05  3.96132236e-06  4.74756562e-05  3.45387780e-05\n  -3.21206244e-05 -9.65484069e-05 -9.05088091e-05 -8.80682928e-05\n   1.30519926e-04  1.00705765e-04]\n [ 3.49828013e-04  2.11414517e-04  1.24142985e-04  4.85996803e-04\n  -2.17282359e-05 -1.53142992e-05 -9.57202647e-05 -2.62389105e-04\n  -6.06317917e-05  4.67546124e-05  2.11081278e-04  3.01005872e-04\n   1.85054989e-04 -3.90722125e-04  3.65701620e-04 -3.12474323e-04\n   3.67984205e-04  5.28613047e-04 -9.01267995e-05 -5.30433826e-05\n  -1.13307673e-04 -1.76094385e-04  1.62150289e-04  3.74893250e-04\n   8.18986809e-05  3.91082685e-05  2.02079143e-04 -3.19502724e-04\n  -5.75248123e-05 -1.92186169e-04 -1.06930493e-04  1.18720243e-04\n   3.21975007e-04  3.84393294e-04  4.83116048e-04  5.39774250e-04\n  -5.13150822e-04 -4.50973224e-04]\n [ 3.52488802e-11  1.92868325e-11  4.76324319e-12  4.92794035e-11\n  -9.80811439e-12  1.24320335e-12 -1.00434053e-11 -7.46475971e-12\n   9.62765891e-12  1.07866398e-11  2.46581661e-11  1.34094680e-11\n   7.72869962e-12 -8.97223702e-12  4.38626982e-11 -1.21848573e-11\n   1.46020956e-11  3.45566180e-11  6.88048490e-12  9.96391077e-12\n  -1.44787914e-11 -1.33359027e-11  2.35918889e-11  2.56468215e-11\n   1.40300358e-11  1.78881944e-11  2.78443605e-11 -1.54294130e-11\n  -9.63103035e-12 -1.23001965e-11 -9.44557800e-12 -1.36632882e-12\n   1.85372412e-11  3.79374761e-11  4.13839830e-11  4.81177355e-11\n  -5.26161163e-11 -4.23245293e-11]\n [ 1.86715420e-06  8.05994262e-07  2.73642854e-07  2.74130957e-06\n  -4.05415562e-07 -3.53925515e-07 -1.26602131e-07 -5.03841420e-07\n   3.14371221e-07  4.49172262e-07  1.21695427e-06  7.76742525e-07\n   7.65239577e-07 -7.84231133e-07  2.16930016e-06 -1.00290458e-06\n   9.27288170e-07  2.09610153e-06  4.99913320e-08  3.07096968e-07\n  -5.30886211e-07 -3.99217242e-07  9.18418834e-07  1.66486780e-06\n   4.83583960e-07  7.48175012e-07  1.53229325e-06 -7.77554874e-07\n  -2.80457357e-07 -5.13496900e-07 -5.30059424e-07  2.61642811e-07\n   1.24757969e-06  1.72890577e-06  2.36564665e-06  2.61662467e-06\n  -2.67102405e-06 -2.23106667e-06]\n [ 1.45380909e-03  4.97808040e-04  2.90429598e-04  2.71419995e-03\n  -6.57016237e-04  1.57034337e-05 -7.95720902e-04 -1.16576288e-04\n   7.06971681e-04  4.14199341e-04  1.99103309e-03  2.35868059e-03\n   3.70516296e-04 -3.51111157e-05  1.88339979e-03 -6.18535269e-04\n   7.72386265e-04  1.74351432e-03  5.34432067e-04  1.14028587e-03\n  -7.34117639e-04 -4.82764357e-04  1.23114570e-03  1.03986973e-03\n   1.74594752e-03  1.78735820e-03  1.62115321e-03 -5.14338317e-04\n  -5.69001597e-04 -3.20466206e-04 -9.91122099e-04 -1.39708421e-03\n   1.45154470e-03  1.43089646e-03  3.03198420e-03  2.49837292e-03\n  -1.98273663e-03 -2.12288555e-03]]",
      "mean_absolute_gradient": "[2.06942292e-04 8.90522642e-05 5.01424838e-05 3.47418216e-04\n 6.91430687e-05 6.20932133e-06 9.32794137e-05 4.36109331e-05\n 8.00077541e-05 4.84883640e-05 2.24198055e-04 2.84546375e-04\n 6.16100151e-05 5.09614365e-05 2.49551405e-04 1.05349536e-04\n 1.30572007e-04 2.50565470e-04 6.51822556e-05 1.22688551e-04\n 9.23165280e-05 7.52636333e-05 1.46177743e-04 1.50458538e-04\n 1.90267616e-04 1.91247993e-04 1.92444495e-04 8.61829831e-05\n 6.68185967e-05 5.26420881e-05 1.20741061e-04 1.60505791e-04\n 1.86657737e-04 2.05675766e-04 3.74161085e-04 3.25476605e-04\n 2.81070854e-04 2.82404275e-04]",