{
  "batch_name": "soft_finger_batch_3",
  "num_samples": 150,
  "num_features": 38,
  "num_classes": 3,
  "test_accuracy": 0,
  "model_performance": {
    "overall_accuracy": 0.9666666388511658,
    "per_class_accuracy": {
      "0": 1.0,
      "1": 1.0,
      "2": 0.8999999761581421
    }
  },
  "feature_analysis": {
    "consistently_important": [],
    "method_specific": {},
    "feature_groups": {
      "basic_gradients": {
        "acoustic_importance": 0.06110335362609476,
        "impulse_importance": 0.0,
        "acoustic_vs_impulse_ratio": Infinity
      }
    }
  },
  "saliency_maps_summary": {
    "basic_gradients": {
      "gradients": "[[-1.50607729e+00 -2.29943991e+00  3.25967856e-02 -6.97389126e-01\n   4.61193740e-01  2.75285155e-01  1.63276508e-01 -3.51140238e-02\n  -2.82093704e-01  4.13930602e-02  9.33391601e-02 -7.91391551e-01\n   8.69355261e-01  2.40370139e-01 -9.86873090e-01 -2.76277542e-01\n   1.90743521e-01 -1.30478978e+00 -2.58110940e-01  1.50059849e-01\n   2.75198489e-01 -4.11267160e-03  4.12172824e-01 -8.77472199e-03\n  -1.30677104e+00 -1.30997434e-01  5.18894307e-02 -7.23390341e-01\n   2.40602434e-01 -8.91614556e-02  9.26530302e-01 -1.76090673e-01\n  -6.72009826e-01 -8.35263371e-01 -5.56432009e-01 -1.03042006e+00\n   1.05565131e+00  1.17743731e+00]\n [-7.78802416e-07 -6.52626682e-07  8.80831905e-08 -9.01688793e-07\n  -1.80164378e-07 -1.63413389e-07  3.41577476e-07 -2.71384579e-07\n   6.43488818e-08  4.99792918e-08 -9.45838181e-08 -6.54454880e-07\n   3.05119755e-07  3.62912601e-07 -9.38282540e-07  4.13834670e-07\n  -7.86889018e-07 -1.13437341e-06 -6.10269694e-07 -1.42153368e-07\n   6.02469470e-08  3.61733271e-07 -4.15591757e-07 -5.66280164e-07\n  -2.46116173e-07 -2.47638013e-07 -2.82447076e-07 -7.86485330e-08\n   2.87443207e-08  1.15046630e-08  1.99856103e-07  4.87584941e-07\n  -7.35047990e-07 -1.24828318e-06 -9.02615966e-07 -1.25475322e-06\n   1.00171360e-06  7.75266244e-07]\n [ 8.60397005e-04 -6.31998619e-03 -3.00202519e-04  7.97416642e-03\n   3.87733406e-03 -1.29250390e-03 -1.34265667e-03  7.57456291e-04\n  -3.05852445e-04 -1.99604989e-03  2.64381967e-03  1.04430120e-03\n  -1.38896238e-03 -3.04171070e-03  3.40468134e-03 -4.58457600e-03\n   5.20207593e-03  8.12530331e-03 -3.53957148e-04  2.74731196e-03\n   1.84857252e-03 -3.68614960e-03  4.92959470e-03  5.01992134e-03\n  -3.05210659e-03 -1.76003773e-03  3.53658409e-03 -5.02764387e-03\n   8.77214014e-04 -1.46937638e-03  3.47731030e-03 -2.03324109e-03\n   2.51992000e-03  8.36368836e-03  7.37940241e-03  8.99481960e-03\n  -7.85765704e-03 -6.01235917e-03]\n [-3.55358645e-02 -5.41515686e-02 -2.57985084e-03  1.97706698e-03\n   2.23460682e-02  3.25504865e-04  7.66533148e-03 -1.01605232e-03\n  -1.02100251e-02 -1.27080467e-03  4.27646050e-03 -2.00990643e-02\n   1.58470236e-02  3.79394623e-03 -1.26710525e-02 -1.48635767e-02\n   1.61006209e-02 -1.22928899e-02 -1.04530593e-02  7.25997007e-03\n   2.03539375e-02 -6.72942167e-03  6.50231261e-03  7.75325904e-03\n  -3.26631553e-02 -8.67488515e-03  5.27944090e-03 -2.02400833e-02\n  -1.95192394e-03 -9.09252744e-03  2.28089094e-02 -2.15828433e-04\n  -8.62296671e-03 -1.04127992e-02 -3.91403446e-04 -7.83608109e-03\n   7.95776770e-03  1.22686327e-02]\n [ 2.93898356e-05  4.68886174e-05  3.93231716e-07  1.27466747e-05\n  -1.67971375e-05 -6.16367015e-06 -4.19287881e-06 -1.87848502e-06\n   1.00615061e-05  2.74363288e-07  4.67591553e-06  3.74835463e-06\n  -1.24624121e-05 -2.70845158e-06  1.58597104e-05  3.60582794e-06\n  -1.18703465e-05  1.63216955e-05  8.76390186e-06 -2.50526728e-06\n  -4.75179786e-06 -2.05531023e-06 -1.03735065e-05  2.63141919e-06\n   2.98888590e-05  1.21097207e-06 -7.89757223e-07  1.29202053e-05\n  -1.31222305e-06  3.43560032e-06 -2.22227700e-05  6.43902695e-06\n   8.15804833e-06  1.41851560e-05  1.53631736e-05  1.18883290e-05\n  -2.38506964e-05 -2.27356613e-05]\n [-3.94620838e-06 -3.39059034e-06  5.51496612e-07 -4.21989716e-06\n  -4.82009398e-07 -4.61529481e-07  1.42264219e-06 -1.44520959e-06\n   4.28276962e-07  1.96788676e-07 -3.50490581e-07 -2.86605587e-06\n   1.24659732e-06  2.11479824e-06 -4.38472216e-06  2.07666062e-06\n  -4.04710909e-06 -5.77705214e-06 -3.02143712e-06 -4.58700839e-07\n  -1.80610527e-09  1.55591272e-06 -2.02880801e-06 -2.97820702e-06\n  -1.49730806e-06 -1.53993267e-06 -1.58965224e-06 -7.15456622e-07\n  -3.70410582e-08  4.60513604e-07  1.32486821e-06  2.40346776e-06\n  -3.66107133e-06 -6.33898253e-06 -4.48638366e-06 -5.94474113e-06\n   4.78027141e-06  3.91852609e-06]\n [ 6.03994075e-03  9.26335901e-03  1.26089886e-04  4.30909655e-04\n  -3.97514971e-03 -3.90724716e-04 -1.02785160e-03 -1.60577169e-04\n   2.11925735e-03  8.30285499e-05  6.31902250e-04  6.16569945e-04\n  -2.26027099e-03  2.10594735e-04  1.75251486e-03  2.21418589e-03\n  -3.58163542e-03  1.38525129e-03  1.36510981e-03 -7.30563712e-04\n  -1.77671912e-03  4.25689999e-04 -2.03110906e-03 -2.58311396e-04\n   5.29505778e-03  1.00496341e-03 -7.30516098e-04  2.50387168e-03\n  -3.63661762e-04  8.62004992e-04 -4.31350619e-03  9.59085592e-04\n   3.52266739e-04  1.84098852e-03  1.62045297e-03  1.39538012e-03\n  -2.64462177e-03 -2.42610602e-03]\n [ 2.11642068e-02 -1.20261572e-01  1.31866857e-02  1.12744488e-01\n   2.06418727e-02 -4.44548167e-02 -7.17382059e-02 -2.56291796e-02\n  -2.74276789e-02 -3.47375125e-02  6.42719269e-02  2.36850269e-02\n   1.47326598e-02 -5.15449904e-02  2.82339659e-02 -5.34063093e-02\n   8.64554420e-02  9.27520841e-02 -5.82109578e-03  2.11742092e-02\n   3.33200246e-02 -1.30134765e-02  5.65921478e-02  1.05337687e-01\n  -7.01766312e-02  2.20364165e-02  1.89939607e-02 -4.31285240e-02\n   5.59394881e-02 -1.75855553e-03  6.55147880e-02 -2.73375381e-02\n   6.37150630e-02  1.02461278e-01  1.04683191e-01  4.92242873e-02\n  -9.50032398e-02 -7.32916519e-02]\n [ 4.07937885e-04  6.57733763e-04 -2.06808982e-05  2.64723803e-05\n  -2.44175346e-04 -5.41394365e-05 -1.62914701e-04 -1.84201472e-05\n   7.75964290e-05 -2.14449065e-05  8.85160844e-05  2.17970271e-04\n  -2.00433074e-04 -1.01964040e-04  1.59398740e-04  1.76153859e-04\n  -1.95954650e-04  1.87895828e-04  1.51759523e-04 -6.96909483e-05\n  -1.24732265e-04  7.31052569e-05 -1.01759608e-04 -2.02249939e-05\n   3.86640866e-04  1.77347392e-04 -2.87475109e-06  2.79201224e-04\n   4.00041899e-05  9.56754375e-05 -3.67004395e-04  1.56680580e-05\n   1.89719576e-04  1.78216185e-04  1.50716354e-04  1.47291546e-04\n  -1.46564445e-04 -2.57481792e-04]\n [-1.22650113e-06 -1.02024126e-06  1.82650368e-07 -1.48194215e-06\n  -3.54222152e-07 -2.64730858e-07  5.40560620e-07 -5.28730254e-07\n   1.50346708e-07  1.09550903e-07 -1.27234884e-07 -1.02040963e-06\n   5.24083021e-07  5.95258939e-07 -1.54199438e-06  7.27796476e-07\n  -1.38259520e-06 -1.93826918e-06 -9.62965373e-07 -2.05012967e-07\n   5.36233991e-08  6.16669809e-07 -7.10435074e-07 -9.61016553e-07\n  -3.95011256e-07 -4.25387128e-07 -5.49041999e-07 -9.67510800e-08\n   6.73910137e-08  5.97289116e-08  3.04771334e-07  7.90193440e-07\n  -1.18091725e-06 -2.12608393e-06 -1.51730865e-06 -2.07956259e-06\n   1.65086283e-06  1.34644790e-06]]",
      "mean_absolute_gradient": "[0.1570121  0.24901462 0.00488115 0.08205616 0.05122962 0.03218099\n 0.024522   0.00626998 0.03222448 0.00795025 0.0165257  0.08370627\n 0.09037992 0.02990691 0.10331174 0.03515292 0.03022973 0.14195582\n 0.02762692 0.01820449 0.03326273 0.00280451 0.04823432 0.01271713\n 0.14183766 0.01646545 0.0080436  0.07945835 0.02997761 0.01024436\n 0.1023036  0.02066621 0.07474234 0.09585442 0.06706794 0.10980392\n 0.11692925 0.12717225]",
      "std_gradient": "[0.45178142 0.6851826  0.01028696 0.21590659 0.13721237 0.08514524\n 0.05561722 0.01231715 0.0838668  0.01710116 0.03183993 0.23780216\n 0.25999206 0.07540576 0.29691386 0.08210109 0.05955806 0.39544493\n 0.07700754 0.04446495 0.08151894 0.00414963 0.12259959 0.03173183\n 0.3893235  0.04040774 0.01571841 0.2152543  0.07232743 0.0265104\n 0.27578196 0.05250759 0.2044642  0.2558596  0.17349614 0.3112215\n 0.32121524 0.35626152]"
    },