{
  "batch_name": "collected_data_runs_validate_2025_12_16_v2_simple",
  "num_samples": 900,
  "original_dimensions": 38,
  "num_classes": 3,
  "classes": [
    "contact",
    "edge",
    "no_contact"
  ],
  "pca_analysis": {
    "explained_variance_ratio": [
      0.3432761646932903,
      0.14476835428075258,
      0.11103783023603254,
      0.09225046172553918,
      0.04679799631690027,
      0.03859838031554056,
      0.03286729476262381,
      0.028064861965692516,
      0.026369899659415306,
      0.025103732364307605,
      0.02237540595796983,
      0.02021100731496823,
      0.01855610154178735
    ],
    "cumulative_variance": [
      0.3432761646932903,
      0.4880445189740429,
      0.5990823492100754,
      0.6913328109356146,
      0.7381308072525149,
      0.7767291875680554,
      0.8095964823306793,
      0.8376613442963717,
      0.864031243955787,
      0.8891349763200946,
      0.9115103822780645,
      0.9317213895930327,
      0.9502774911348201,
      0.9612126468383768,
      0.9691636992711887,
      0.9753632867871063,
      0.980411123270418,
      0.9839680051595755,
      0.9870816023811373,
      0.9898149476919073,
      0.9921450371139396,
      0.9940830322769283,
      0.995619954107162,
      0.9967539184573221,
      0.9977125945159458,
      0.9984026158161154,
      0.9988605419457997,
      0.9992560450493609,
      0.9996169547700212,
      0.9998167519467629,
      0.9999178900986123,
      0.9999600416966088,
      0.9999772064582328,
      0.9999929962421226,
      0.9999974529103598,
      1.0000000000000002,
      1.0000000000000002,
      1.0000000000000002
    ],
    "components_for_95_variance": 13,
    "n_components_used": 13,
    "total_explained_variance": 0.9502774911348201
  },
  "tsne_analysis": {
    "methods_tested": [
      "perplexity_5",
      "perplexity_10",
      "perplexity_20",
      "perplexity_30",
      "perplexity_50",
      "best_perplexity",
      "silhouette_score"
    ],
    "best_perplexity": 50,
    "best_silhouette_score": 0.2497572898864746,
    "perplexity_results": {
      "perplexity_5": {
        "perplexity": 5,
        "silhouette_score": 0.18411821126937866,
        "kl_divergence": 1.3016998767852783
      },
      "perplexity_10": {
        "perplexity": 10,
        "silhouette_score": 0.2170250564813614,
        "kl_divergence": 1.3267936706542969
      },
      "perplexity_20": {
        "perplexity": 20,
        "silhouette_score": 0.23953178524971008,
        "kl_divergence": 1.2613792419433594
      },
      "perplexity_30": {
        "perplexity": 30,
        "silhouette_score": 0.24211181700229645,
        "kl_divergence": 1.1627395153045654
      },
      "perplexity_50": {
        "perplexity": 50,
        "silhouette_score": 0.2497572898864746,
        "kl_divergence": 1.0129945278167725
      }
    }
  }
}