{
  "batch_name": "reduce_signal_time_experiment_ablation_0point25s",
  "num_samples": 150,
  "original_dimensions": 38,
  "num_classes": 3,
  "classes": [
    "contact",
    "edge",
    "no_contact"
  ],
  "pca_analysis": {
    "explained_variance_ratio": [
      0.5099053009193314,
      0.1636623925748841,
      0.05753636315657783,
      0.04619307846414952,
      0.039003235018928925,
      0.03015252818829787,
      0.026491201679002443,
      0.02225982438286995,
      0.019132292966875818,
      0.01602015496815293,
      0.011906846493823195,
      0.011516594950835055
    ],
    "cumulative_variance": [
      0.5099053009193314,
      0.6735676934942155,
      0.7311040566507934,
      0.7772971351149429,
      0.8163003701338718,
      0.8464528983221696,
      0.8729441000011721,
      0.8952039243840421,
      0.9143362173509179,
      0.9303563723190708,
      0.942263218812894,
      0.953779813763729,
      0.962585196261905,
      0.971016318640632,
      0.9789835474719264,
      0.9846615949344536,
      0.9888697380653961,
      0.992089496439295,
      0.9940326897455203,
      0.9956367358859161,
      0.9969292968716531,
      0.997944575611329,
      0.9988636991297343,
      0.9992845698988162,
      0.9995823268382108,
      0.999834037396292,
      0.9999193507901106,
      0.9999583881246832,
      0.9999860404567763,
      0.9999938084682539,
      0.999998757384783,
      0.9999996056836942,
      0.9999999199298542,
      0.9999999999999998,
      0.9999999999999998,
      0.9999999999999998,
      0.9999999999999998,
      0.9999999999999998
    ],
    "components_for_95_variance": 12,
    "n_components_used": 12,
    "total_explained_variance": 0.9537798137637291
  },
  "tsne_analysis": {
    "methods_tested": [
      "perplexity_5",
      "perplexity_10",
      "perplexity_20",
      "perplexity_30",
      "best_perplexity",
      "silhouette_score"
    ],
    "best_perplexity": 10,
    "best_silhouette_score": 0.6002734303474426,
    "perplexity_results": {
      "perplexity_5": {
        "perplexity": 5,
        "silhouette_score": 0.5895946025848389,
        "kl_divergence": 0.6232468485832214
      },
      "perplexity_10": {
        "perplexity": 10,
        "silhouette_score": 0.6002734303474426,
        "kl_divergence": 0.5358560085296631
      },
      "perplexity_20": {
        "perplexity": 20,
        "silhouette_score": 0.5021372437477112,
        "kl_divergence": 0.3501330018043518
      },
      "perplexity_30": {
        "perplexity": 30,
        "silhouette_score": 0.5136173963546753,
        "kl_divergence": 0.23271498084068298
      }
    }
  }
}