{
  "n_components": "27",
  "explained_variance_ratio": [
    0.3001835331898204,
    0.1190270204042324,
    0.101111096197018,
    0.07246991835946093,
    0.05148494325534061,
    0.040990641542634036,
    0.030945936716578634,
    0.02921970917479611,
    0.023094820791296076,
    0.021062896908250098,
    0.016456139067201003,
    0.015514899656810447,
    0.01402792458275951,
    0.013741066039480764,
    0.012744214152884556,
    0.011601429071916696,
    0.010571368646728302,
    0.01032273599832993,
    0.008470036468368653,
    0.008089605266170455,
    0.007567845525279385,
    0.006455970401237961,
    0.006393350988329998,
    0.0062157193739087796,
    0.005343310295639698,
    0.0050335283976093185,
    0.0047964476906547085
  ],
  "total_explained_variance": 0.9529361081627373,
  "components_for_95_variance": 27
}