{
  "n_components": "13",
  "explained_variance_ratio": [
    0.31737885728694815,
    0.14273032097643876,
    0.10270766451704574,
    0.09396202047361542,
    0.0619615328144314,
    0.05575707697068996,
    0.034022707453047286,
    0.02988023234230566,
    0.029451030607547952,
    0.02518995850823579,
    0.023040314290484296,
    0.0218357648380895,
    0.018506021402107817
  ],
  "total_explained_variance": 0.9564235024809876,
  "components_for_95_variance": 13
}