{
  "batch_name": "collected_data_runs_2025_12_16_v1_simple",
  "num_samples": 600,
  "original_dimensions": 38,
  "num_classes": 3,
  "classes": [
    "contact",
    "edge",
    "no_contact"
  ],
  "pca_analysis": {
    "explained_variance_ratio": [
      0.427572652605169,
      0.1006449023872687,
      0.09029757218223682,
      0.07199930127548258,
      0.051345326327875175,
      0.04625724484237716,
      0.030213959953683728,
      0.027408958668932292,
      0.025695094213144046,
      0.024742414906487948,
      0.020686087449431918,
      0.020049043265196034,
      0.015676369187170556
    ],
    "cumulative_variance": [
      0.427572652605169,
      0.5282175549924377,
      0.6185151271746745,
      0.6905144284501571,
      0.7418597547780322,
      0.7881169996204094,
      0.8183309595740931,
      0.8457399182430254,
      0.8714350124561695,
      0.8961774273626575,
      0.9168635148120894,
      0.9369125580772855,
      0.952588927264456,
      0.9616927474136555,
      0.9696633157064533,
      0.9765548235998623,
      0.9813722497446435,
      0.9852772012019646,
      0.9889700263614927,
      0.9915453417438951,
      0.9938961892058995,
      0.9955896589935256,
      0.9968677567929782,
      0.9977694417037832,
      0.9984155471887626,
      0.9989258052613843,
      0.9992623565126015,
      0.9995578475251735,
      0.9997363253348455,
      0.999856247729758,
      0.9999151674577638,
      0.999953315012372,
      0.9999789293003081,
      0.9999970645918386,
      0.9999989081648397,
      1.0000000000000002,
      1.0000000000000002,
      1.0000000000000002
    ],
    "components_for_95_variance": 13,
    "n_components_used": 13,
    "total_explained_variance": 0.952588927264456
  },
  "tsne_analysis": {
    "methods_tested": [
      "perplexity_5",
      "perplexity_10",
      "perplexity_20",
      "perplexity_30",
      "perplexity_50",
      "best_perplexity",
      "silhouette_score"
    ],
    "best_perplexity": 30,
    "best_silhouette_score": 0.034281857311725616,
    "perplexity_results": {
      "perplexity_5": {
        "perplexity": 5,
        "silhouette_score": 0.022911416366696358,
        "kl_divergence": 1.1510227918624878
      },
      "perplexity_10": {
        "perplexity": 10,
        "silhouette_score": 0.030854828655719757,
        "kl_divergence": 1.2022022008895874
      },
      "perplexity_20": {
        "perplexity": 20,
        "silhouette_score": 0.02974066324532032,
        "kl_divergence": 1.2026026248931885
      },
      "perplexity_30": {
        "perplexity": 30,
        "silhouette_score": 0.034281857311725616,
        "kl_divergence": 1.1399983167648315
      },
      "perplexity_50": {
        "perplexity": 50,
        "silhouette_score": 0.03162378817796707,
        "kl_divergence": 0.9976034760475159
      }
    }
  }
}