{
  "n_components": "14",
  "explained_variance_ratio": [
    0.30847060724057423,
    0.14056413226048492,
    0.1277140082328603,
    0.0840808933307728,
    0.05622869169055176,
    0.046191551989522656,
    0.032374292908479166,
    0.03075410355956139,
    0.029365416251683957,
    0.025358368038938876,
    0.02302787787126091,
    0.02259250597791457,
    0.016020253426859622,
    0.013219385927929072
  ],
  "total_explained_variance": 0.9559620887073944,
  "components_for_95_variance": 14
}