{
  "batch_name": "collected_data_runs_2025_12_11_v2_2",
  "num_samples": 1300,
  "num_features": 38,
  "classes": [
    "contact",
    "edge",
    "no_contact"
  ],
  "class_distribution": {
    "contact": "333",
    "edge": "886",
    "no_contact": "81"
  },
  "cv_results": {
    "Random Forest": {
      "scores": [
        0.85,
        0.8307692307692308,
        0.8269230769230769,
        0.8307692307692308,
        0.8346153846153846
      ],
      "mean_accuracy": 0.8346153846153846,
      "std_accuracy": 0.00806776037053962,
      "best_score": 0.85,
      "worst_score": 0.8269230769230769
    },
    "SVM (RBF)": {
      "scores": [
        0.6846153846153846,
        0.6807692307692308,
        0.6807692307692308,
        0.6807692307692308,
        0.6807692307692308
      ],
      "mean_accuracy": 0.6815384615384616,
      "std_accuracy": 0.0015384615384615333,
      "best_score": 0.6846153846153846,
      "worst_score": 0.6807692307692308
    },
    "SVM (Linear)": {
      "scores": [
        0.6846153846153846,
        0.6807692307692308,
        0.6807692307692308,
        0.6807692307692308,
        0.6807692307692308
      ],
      "mean_accuracy": 0.6815384615384616,
      "std_accuracy": 0.0015384615384615333,
      "best_score": 0.6846153846153846,
      "worst_score": 0.6807692307692308
    },
    "K-NN": {
      "scores": [
        0.6730769230769231,
        0.6807692307692308,
        0.6846153846153846,
        0.6346153846153846,
        0.7
      ],
      "mean_accuracy": 0.6746153846153845,
      "std_accuracy": 0.021838568563966758,
      "best_score": 0.7,
      "worst_score": 0.6346153846153846
    },
    "Logistic Regression": {
      "scores": [
        0.6807692307692308,
        0.6884615384615385,
        0.6807692307692308,
        0.6807692307692308,
        0.676923076923077
      ],
      "mean_accuracy": 0.6815384615384616,
      "std_accuracy": 0.003768445758127953,
      "best_score": 0.6884615384615385,
      "worst_score": 0.676923076923077
    },
    "Gradient Boosting": {
      "scores": [
        0.7730769230769231,
        0.7884615384615384,
        0.8076923076923077,
        0.8076923076923077,
        0.7846153846153846
      ],
      "mean_accuracy": 0.7923076923076924,
      "std_accuracy": 0.01354370527819924,
      "best_score": 0.8076923076923077,
      "worst_score": 0.7730769230769231
    },
    "Linear Discriminant Analysis": {
      "scores": [
        0.676923076923077,
        0.6884615384615385,
        0.6730769230769231,
        0.6846153846153846,
        0.6807692307692308
      ],
      "mean_accuracy": 0.6807692307692308,
      "std_accuracy": 0.0054392829322041925,
      "best_score": 0.6884615384615385,
      "worst_score": 0.6730769230769231
    }
  }
}