{
  "batch_name": "collected_data_runs_2025_12_11_v2_2",
  "num_samples": 1300,
  "num_classes": 3,
  "classes": [
    "contact",
    "edge",
    "no_contact"
  ],
  "best_classifier": {
    "name": "Random Forest",
    "mean_accuracy": 0.8346153846153846,
    "std_accuracy": 0.00806776037053962
  },
  "worst_classifier": {
    "name": "K-NN",
    "mean_accuracy": 0.6746153846153845,
    "std_accuracy": 0.021838568563966758
  },
  "all_classifiers_performance": {
    "Random Forest": {
      "mean_accuracy": 0.8346153846153846,
      "std_accuracy": 0.00806776037053962
    },
    "SVM (RBF)": {
      "mean_accuracy": 0.6815384615384616,
      "std_accuracy": 0.0015384615384615333
    },
    "SVM (Linear)": {
      "mean_accuracy": 0.6815384615384616,
      "std_accuracy": 0.0015384615384615333
    },
    "K-NN": {
      "mean_accuracy": 0.6746153846153845,
      "std_accuracy": 0.021838568563966758
    },
    "Logistic Regression": {
      "mean_accuracy": 0.6815384615384616,
      "std_accuracy": 0.003768445758127953
    },
    "Gradient Boosting": {
      "mean_accuracy": 0.7923076923076924,
      "std_accuracy": 0.01354370527819924
    },
    "Linear Discriminant Analysis": {
      "mean_accuracy": 0.6807692307692308,
      "std_accuracy": 0.0054392829322041925
    }
  }
}