{
  "batch_name": "collected_data_runs_2025_12_11_v2_2",
  "num_samples": 650,
  "num_classes": 3,
  "classes": [
    "contact",
    "edge",
    "no_contact"
  ],
  "best_classifier": {
    "name": "SVM (RBF)",
    "mean_accuracy": 0.6815384615384616,
    "std_accuracy": 0.003768445758127953
  },
  "worst_classifier": {
    "name": "K-NN",
    "mean_accuracy": 0.5938461538461539,
    "std_accuracy": 0.012307692307692302
  },
  "all_classifiers_performance": {
    "Random Forest": {
      "mean_accuracy": 0.6723076923076923,
      "std_accuracy": 0.006153846153846176
    },
    "SVM (RBF)": {
      "mean_accuracy": 0.6815384615384616,
      "std_accuracy": 0.003768445758127953
    },
    "SVM (Linear)": {
      "mean_accuracy": 0.6815384615384616,
      "std_accuracy": 0.003768445758127953
    },
    "K-NN": {
      "mean_accuracy": 0.5938461538461539,
      "std_accuracy": 0.012307692307692302
    },
    "Logistic Regression": {
      "mean_accuracy": 0.6692307692307693,
      "std_accuracy": 0.010878565864408432
    },
    "Gradient Boosting": {
      "mean_accuracy": 0.6323076923076922,
      "std_accuracy": 0.022505752058965826
    },
    "Linear Discriminant Analysis": {
      "mean_accuracy": 0.6523076923076923,
      "std_accuracy": 0.011305337274383886
    }
  }
}