{
  "batch_name": "collected_data_runs_2025_12_11_v2_2",
  "num_samples": 650,
  "num_features": 38,
  "classes": [
    "contact",
    "edge",
    "no_contact"
  ],
  "class_distribution": {
    "contact": "126",
    "edge": "443",
    "no_contact": "81"
  },
  "cv_results": {
    "Random Forest": {
      "scores": [
        0.6692307692307692,
        0.6692307692307692,
        0.6846153846153846,
        0.6692307692307692,
        0.6692307692307692
      ],
      "mean_accuracy": 0.6723076923076923,
      "std_accuracy": 0.006153846153846176,
      "best_score": 0.6846153846153846,
      "worst_score": 0.6692307692307692
    },
    "SVM (RBF)": {
      "scores": [
        0.676923076923077,
        0.6846153846153846,
        0.6846153846153846,
        0.6846153846153846,
        0.676923076923077
      ],
      "mean_accuracy": 0.6815384615384616,
      "std_accuracy": 0.003768445758127953,
      "best_score": 0.6846153846153846,
      "worst_score": 0.676923076923077
    },
    "SVM (Linear)": {
      "scores": [
        0.676923076923077,
        0.6846153846153846,
        0.6846153846153846,
        0.6846153846153846,
        0.676923076923077
      ],
      "mean_accuracy": 0.6815384615384616,
      "std_accuracy": 0.003768445758127953,
      "best_score": 0.6846153846153846,
      "worst_score": 0.676923076923077
    },
    "K-NN": {
      "scores": [
        0.5846153846153846,
        0.6153846153846154,
        0.5846153846153846,
        0.6,
        0.5846153846153846
      ],
      "mean_accuracy": 0.5938461538461539,
      "std_accuracy": 0.012307692307692302,
      "best_score": 0.6153846153846154,
      "worst_score": 0.5846153846153846
    },
    "Logistic Regression": {
      "scores": [
        0.6692307692307692,
        0.6615384615384615,
        0.676923076923077,
        0.6846153846153846,
        0.6538461538461539
      ],
      "mean_accuracy": 0.6692307692307693,
      "std_accuracy": 0.010878565864408432,
      "best_score": 0.6846153846153846,
      "worst_score": 0.6538461538461539
    },
    "Gradient Boosting": {
      "scores": [
        0.6692307692307692,
        0.6384615384615384,
        0.6307692307692307,
        0.6230769230769231,
        0.6
      ],
      "mean_accuracy": 0.6323076923076922,
      "std_accuracy": 0.022505752058965826,
      "best_score": 0.6692307692307692,
      "worst_score": 0.6
    },
    "Linear Discriminant Analysis": {
      "scores": [
        0.6615384615384615,
        0.6461538461538462,
        0.6384615384615384,
        0.6692307692307692,
        0.6461538461538462
      ],
      "mean_accuracy": 0.6523076923076923,
      "std_accuracy": 0.011305337274383886,
      "best_score": 0.6692307692307692,
      "worst_score": 0.6384615384615384
    }
  }
}