{
  "batch_name": "reduce_signal_time_experiment_white_noise_0p5s",
  "num_samples": 151,
  "original_dimensions": 38,
  "num_classes": 4,
  "classes": [
    "contact",
    "edge",
    "no_contact",
    "white_noise"
  ],
  "pca_analysis": {
    "explained_variance_ratio": [
      0.7850222983013755,
      0.06284433153389121,
      0.042291804956123384,
      0.029092552675948145,
      0.017783651174298833,
      0.011976256162735479,
      0.010245054306435948
    ],
    "cumulative_variance": [
      0.7850222983013755,
      0.8478666298352667,
      0.8901584347913901,
      0.9192509874673382,
      0.937034638641637,
      0.9490108948043725,
      0.9592559491108085,
      0.9685651285668342,
      0.9758210673810082,
      0.9819004272140935,
      0.9864158208577958,
      0.9895340771932642,
      0.9925719408815885,
      0.9951823295897251,
      0.9968287959741692,
      0.9981310666646581,
      0.9990712770148711,
      0.9996723968061916,
      0.9999049248251753,
      0.9999950480020332,
      0.9999989576069112,
      0.9999997424439216,
      0.9999999908874737,
      0.9999999965664964,
      0.9999999975973457,
      0.999999998484493,
      0.9999999991345186,
      0.9999999996191182,
      0.9999999998970075,
      0.999999999990341,
      0.9999999999975161,
      0.9999999999999585,
      0.9999999999999993,
      0.9999999999999997,
      0.9999999999999997,
      0.9999999999999997,
      0.9999999999999997,
      0.9999999999999997
    ],
    "components_for_95_variance": 7,
    "n_components_used": 7,
    "total_explained_variance": 0.9592559491108085
  },
  "tsne_analysis": {
    "methods_tested": [
      "perplexity_5",
      "perplexity_10",
      "perplexity_20",
      "perplexity_30",
      "perplexity_50",
      "best_perplexity",
      "silhouette_score"
    ],
    "best_perplexity": 50,
    "best_silhouette_score": -0.0710097998380661,
    "perplexity_results": {
      "perplexity_5": {
        "perplexity": 5,
        "silhouette_score": -0.1886587142944336,
        "kl_divergence": 0.7497933506965637
      },
      "perplexity_10": {
        "perplexity": 10,
        "silhouette_score": -0.2271377593278885,
        "kl_divergence": 0.7871864438056946
      },
      "perplexity_20": {
        "perplexity": 20,
        "silhouette_score": -0.2506268322467804,
        "kl_divergence": 0.6277806162834167
      },
      "perplexity_30": {
        "perplexity": 30,
        "silhouette_score": -0.20409397780895233,
        "kl_divergence": 0.559178352355957
      },
      "perplexity_50": {
        "perplexity": 50,
        "silhouette_score": -0.0710097998380661,
        "kl_divergence": 0.37841033935546875
      }
    }
  }
}