{
  "batch_name": "edge_detection_v1",
  "num_samples": 630,
  "original_dimensions": 38,
  "num_classes": 3,
  "classes": [
    "contact",
    "edge",
    "no_contact"
  ],
  "pca_analysis": {
    "explained_variance_ratio": [
      0.338140710379152,
      0.1940851287205111,
      0.0725763221233812,
      0.05993527097411417,
      0.033435693133725394,
      0.03194707409456382,
      0.03038941884128121,
      0.02734866717445788,
      0.02707206224388756,
      0.023209783493500783,
      0.02093377598498151,
      0.019542972802739228,
      0.016998555313950763,
      0.016597596813012757,
      0.015145924358737349,
      0.012488179212456804,
      0.012116339172892333
    ],
    "cumulative_variance": [
      0.338140710379152,
      0.532225839099663,
      0.6048021612230442,
      0.6647374321971584,
      0.6981731253308838,
      0.7301201994254476,
      0.7605096182667288,
      0.7878582854411866,
      0.8149303476850742,
      0.838140131178575,
      0.8590739071635565,
      0.8786168799662957,
      0.8956154352802465,
      0.9122130320932592,
      0.9273589564519965,
      0.9398471356644533,
      0.9519634748373457,
      0.9629384484319328,
      0.9713398580803858,
      0.9783472238612071,
      0.9843909397004021,
      0.9879805953557346,
      0.9912989088532878,
      0.9939104109683424,
      0.9961896477136384,
      0.9976320340797163,
      0.998944746861179,
      0.9996945260952208,
      0.9999003719612903,
      0.9999672512162625,
      0.9999924546607875,
      0.999997768024909,
      0.9999994820700623,
      0.9999998607098847,
      0.9999999999999996,
      0.9999999999999996,
      0.9999999999999996,
      0.9999999999999996
    ],
    "components_for_95_variance": 17,
    "n_components_used": 17,
    "total_explained_variance": 0.9519634748373458
  },
  "tsne_analysis": {
    "methods_tested": [
      "perplexity_5",
      "perplexity_10",
      "perplexity_20",
      "perplexity_30",
      "perplexity_50",
      "best_perplexity",
      "silhouette_score"
    ],
    "best_perplexity": 10,
    "best_silhouette_score": -0.014588677324354649,
    "perplexity_results": {
      "perplexity_5": {
        "perplexity": 5,
        "silhouette_score": -0.02092827297747135,
        "kl_divergence": 1.2881430387496948
      },
      "perplexity_10": {
        "perplexity": 10,
        "silhouette_score": -0.014588677324354649,
        "kl_divergence": 1.392928123474121
      },
      "perplexity_20": {
        "perplexity": 20,
        "silhouette_score": -0.017434455454349518,
        "kl_divergence": 1.3025726079940796
      },
      "perplexity_30": {
        "perplexity": 30,
        "silhouette_score": -0.016521260142326355,
        "kl_divergence": 1.2354586124420166
      },
      "perplexity_50": {
        "perplexity": 50,
        "silhouette_score": -0.018383821472525597,
        "kl_divergence": 1.1202960014343262
      }
    }
  }
}