{
  "batch_name": "reduce_signal_time_experiment_white_noise_1s",
  "num_samples": 151,
  "num_features": 38,
  "classes": [
    "contact",
    "edge",
    "no_contact",
    "white_noise"
  ],
  "class_distribution": {
    "contact": "50",
    "edge": "50",
    "no_contact": "50",
    "white_noise": "1"
  },
  "cv_results": {
    "Random Forest": {
      "scores": [
        0.967741935483871,
        0.9333333333333333,
        0.8,
        0.7666666666666667,
        0.8333333333333334
      ],
      "mean_accuracy": 0.8602150537634408,
      "std_accuracy": 0.0774701147813849,
      "best_score": 0.967741935483871,
      "worst_score": 0.7666666666666667
    },
    "SVM (RBF)": {
      "scores": [
        0.7419354838709677,
        0.5333333333333333,
        0.4666666666666667,
        0.5666666666666667,
        0.4
      ],
      "mean_accuracy": 0.5417204301075269,
      "std_accuracy": 0.11532256811289,
      "best_score": 0.7419354838709677,
      "worst_score": 0.4
    },
    "SVM (Linear)": {
      "scores": [
        0.7419354838709677,
        0.7333333333333333,
        0.6333333333333333,
        0.6666666666666666,
        0.5666666666666667
      ],
      "mean_accuracy": 0.6683870967741935,
      "std_accuracy": 0.06512472802264224,
      "best_score": 0.7419354838709677,
      "worst_score": 0.5666666666666667
    },
    "K-NN": {
      "scores": [
        0.5161290322580645,
        0.6333333333333333,
        0.43333333333333335,
        0.5333333333333333,
        0.4
      ],
      "mean_accuracy": 0.5032258064516129,
      "std_accuracy": 0.08190415115071845,
      "best_score": 0.6333333333333333,
      "worst_score": 0.4
    },
    "Logistic Regression": {
      "scores": [
        0.7741935483870968,
        0.7333333333333333,
        0.6,
        0.6666666666666666,
        0.7
      ],
      "mean_accuracy": 0.6948387096774192,
      "std_accuracy": 0.05931898558728203,
      "best_score": 0.7741935483870968,
      "worst_score": 0.6
    },
    "Gradient Boosting": {
      "scores": [
        0.9354838709677419,
        0.9333333333333333,
        0.7333333333333333,
        0.7666666666666667,
        0.8333333333333334
      ],
      "mean_accuracy": 0.8404301075268817,
      "std_accuracy": 0.08321941571973705,
      "best_score": 0.9354838709677419,
      "worst_score": 0.7333333333333333
    },
    "Linear Discriminant Analysis": {
      "scores": [
        0.9354838709677419,
        0.3333333333333333,
        0.3333333333333333,
        0.3333333333333333,
        0.3333333333333333
      ],
      "mean_accuracy": 0.45376344086021503,
      "std_accuracy": 0.24086021505376343,
      "best_score": 0.9354838709677419,
      "worst_score": 0.3333333333333333
    }
  }
}