{
  "batch_name": "balanced_collected_data_runs_2026_01_15_workspace1_undersample",
  "num_samples": 3000,
  "num_features": 38,
  "classes": [
    "contact",
    "edge",
    "no_contact"
  ],
  "class_distribution": {
    "contact": "1000",
    "edge": "1000",
    "no_contact": "1000"
  },
  "cv_results": {
    "Random Forest": {
      "scores": [
        0.7433333333333333,
        0.75,
        0.75,
        0.7366666666666667,
        0.715
      ],
      "mean_accuracy": 0.739,
      "std_accuracy": 0.012978614889287865,
      "best_score": 0.75,
      "worst_score": 0.715
    },
    "SVM (RBF)": {
      "scores": [
        0.7166666666666667,
        0.7,
        0.73,
        0.7283333333333334,
        0.7016666666666667
      ],
      "mean_accuracy": 0.7153333333333334,
      "std_accuracy": 0.012710450643291765,
      "best_score": 0.73,
      "worst_score": 0.7
    },
    "SVM (Linear)": {
      "scores": [
        0.64,
        0.6266666666666667,
        0.6466666666666666,
        0.6366666666666667,
        0.5966666666666667
      ],
      "mean_accuracy": 0.6293333333333333,
      "std_accuracy": 0.017562586496425975,
      "best_score": 0.6466666666666666,
      "worst_score": 0.5966666666666667
    },
    "K-NN": {
      "scores": [
        0.6516666666666666,
        0.6383333333333333,
        0.6766666666666666,
        0.655,
        0.6533333333333333
      ],
      "mean_accuracy": 0.655,
      "std_accuracy": 0.012337837015547833,
      "best_score": 0.6766666666666666,
      "worst_score": 0.6383333333333333
    },
    "Logistic Regression": {
      "scores": [
        0.6133333333333333,
        0.6133333333333333,
        0.635,
        0.635,
        0.5733333333333334
      ],
      "mean_accuracy": 0.614,
      "std_accuracy": 0.02252406120870153,
      "best_score": 0.635,
      "worst_score": 0.5733333333333334
    },
    "Gradient Boosting": {
      "scores": [
        0.7333333333333333,
        0.735,
        0.7266666666666667,
        0.735,
        0.7016666666666667
      ],
      "mean_accuracy": 0.7263333333333333,
      "std_accuracy": 0.012710450643291737,
      "best_score": 0.735,
      "worst_score": 0.7016666666666667
    },
    "Extra Trees": {
      "scores": [
        0.7433333333333333,
        0.7583333333333333,
        0.7466666666666667,
        0.7316666666666667,
        0.7366666666666667
      ],
      "mean_accuracy": 0.7433333333333333,
      "std_accuracy": 0.009128709291752753,
      "best_score": 0.7583333333333333,
      "worst_score": 0.7316666666666667
    },
    "AdaBoost": {
      "scores": [
        0.6516666666666666,
        0.6516666666666666,
        0.6483333333333333,
        0.67,
        0.675
      ],
      "mean_accuracy": 0.6593333333333333,
      "std_accuracy": 0.010934146311237855,
      "best_score": 0.675,
      "worst_score": 0.6483333333333333
    },
    "XGBoost": {
      "scores": [
        0.7466666666666667,
        0.715,
        0.73,
        0.74,
        0.6866666666666666
      ],
      "mean_accuracy": 0.7236666666666667,
      "std_accuracy": 0.021354156504062635,
      "best_score": 0.7466666666666667,
      "worst_score": 0.6866666666666666
    },
    "Naive Bayes": {
      "scores": [
        0.59,
        0.5883333333333334,
        0.61,
        0.59,
        0.585
      ],
      "mean_accuracy": 0.5926666666666666,
      "std_accuracy": 0.008856886837057616,
      "best_score": 0.61,
      "worst_score": 0.585
    },
    "Quadratic Discriminant Analysis": {
      "scores": [
        0.5716666666666667,
        0.5366666666666666,
        0.61,
        0.6366666666666667,
        0.6083333333333333
      ],
      "mean_accuracy": 0.5926666666666667,
      "std_accuracy": 0.034810598641473824,
      "best_score": 0.6366666666666667,
      "worst_score": 0.5366666666666666
    },
    "Linear Discriminant Analysis": {
      "scores": [
        0.6066666666666667,
        0.6066666666666667,
        0.6316666666666667,
        0.6266666666666667,
        0.5666666666666667
      ],
      "mean_accuracy": 0.6076666666666666,
      "std_accuracy": 0.022891046284519215,
      "best_score": 0.6316666666666667,
      "worst_score": 0.5666666666666667
    },
    "Ensemble (RF + SVM)": {
      "scores": [
        0.7383333333333333,
        0.7166666666666667,
        0.745,
        0.74,
        0.7133333333333334
      ],
      "mean_accuracy": 0.7306666666666668,
      "std_accuracy": 0.01302134998974972,
      "best_score": 0.745,
      "worst_score": 0.7133333333333334
    }
  }
}