{
  "batch_name": "balanced_collected_data_2025_12_15_v1",
  "num_samples": 150,
  "num_classes": 3,
  "classes": [
    "contact",
    "edge",
    "no_contact"
  ],
  "best_classifier": {
    "name": "Gradient Boosting",
    "mean_accuracy": 0.5866666666666667,
    "std_accuracy": 0.039999999999999994
  },
  "worst_classifier": {
    "name": "K-NN",
    "mean_accuracy": 0.49333333333333335,
    "std_accuracy": 0.06798692684790378
  },
  "all_classifiers_performance": {
    "Random Forest": {
      "mean_accuracy": 0.5333333333333334,
      "std_accuracy": 0.07302967433402213
    },
    "SVM (RBF)": {
      "mean_accuracy": 0.58,
      "std_accuracy": 0.10666666666666663
    },
    "SVM (Linear)": {
      "mean_accuracy": 0.5333333333333333,
      "std_accuracy": 0.04714045207910316
    },
    "K-NN": {
      "mean_accuracy": 0.49333333333333335,
      "std_accuracy": 0.06798692684790378
    },
    "Logistic Regression": {
      "mean_accuracy": 0.52,
      "std_accuracy": 0.0805536398239638
    },
    "Gradient Boosting": {
      "mean_accuracy": 0.5866666666666667,
      "std_accuracy": 0.039999999999999994
    },
    "Linear Discriminant Analysis": {
      "mean_accuracy": 0.49333333333333335,
      "std_accuracy": 0.09521904571390467
    }
  }
}