{
  "batch_name": "balanced_collected_data_2025_12_15_v1",
  "num_samples": 150,
  "num_features": 38,
  "classes": [
    "contact",
    "edge",
    "no_contact"
  ],
  "class_distribution": {
    "contact": "50",
    "edge": "50",
    "no_contact": "50"
  },
  "cv_results": {
    "Random Forest": {
      "scores": [
        0.4,
        0.5333333333333333,
        0.5333333333333333,
        0.6,
        0.6
      ],
      "mean_accuracy": 0.5333333333333334,
      "std_accuracy": 0.07302967433402213,
      "best_score": 0.6,
      "worst_score": 0.4
    },
    "SVM (RBF)": {
      "scores": [
        0.43333333333333335,
        0.6666666666666666,
        0.7333333333333333,
        0.5333333333333333,
        0.5333333333333333
      ],
      "mean_accuracy": 0.58,
      "std_accuracy": 0.10666666666666663,
      "best_score": 0.7333333333333333,
      "worst_score": 0.43333333333333335
    },
    "SVM (Linear)": {
      "scores": [
        0.4666666666666667,
        0.5333333333333333,
        0.5666666666666667,
        0.6,
        0.5
      ],
      "mean_accuracy": 0.5333333333333333,
      "std_accuracy": 0.04714045207910316,
      "best_score": 0.6,
      "worst_score": 0.4666666666666667
    },
    "K-NN": {
      "scores": [
        0.4,
        0.6,
        0.5333333333333333,
        0.4666666666666667,
        0.4666666666666667
      ],
      "mean_accuracy": 0.49333333333333335,
      "std_accuracy": 0.06798692684790378,
      "best_score": 0.6,
      "worst_score": 0.4
    },
    "Logistic Regression": {
      "scores": [
        0.43333333333333335,
        0.5,
        0.6666666666666666,
        0.5333333333333333,
        0.4666666666666667
      ],
      "mean_accuracy": 0.52,
      "std_accuracy": 0.0805536398239638,
      "best_score": 0.6666666666666666,
      "worst_score": 0.43333333333333335
    },
    "Gradient Boosting": {
      "scores": [
        0.5666666666666667,
        0.5666666666666667,
        0.5666666666666667,
        0.6666666666666666,
        0.5666666666666667
      ],
      "mean_accuracy": 0.5866666666666667,
      "std_accuracy": 0.039999999999999994,
      "best_score": 0.6666666666666666,
      "worst_score": 0.5666666666666667
    },
    "Linear Discriminant Analysis": {
      "scores": [
        0.3333333333333333,
        0.5,
        0.6333333333333333,
        0.5,
        0.5
      ],
      "mean_accuracy": 0.49333333333333335,
      "std_accuracy": 0.09521904571390467,
      "best_score": 0.6333333333333333,
      "worst_score": 0.3333333333333333
    }
  }
}