{
  "sweep_dataset": "collected_data_runs_2026_01_14_workspace_3_v1",
  "num_points": 3318,
  "best_model": "Random Forest",
  "predictions": {
    "Random Forest": "['no_contact' 'no_contact' 'no_contact' ... 'contact' 'contact' 'contact']",
    "Gradient Boosting": "['no_contact' 'no_contact' 'contact' ... 'contact' 'contact' 'contact']",
    "SVM (RBF)": "['no_contact' 'no_contact' 'no_contact' ... 'contact' 'contact' 'contact']",
    "SVM (Linear)": "['no_contact' 'contact' 'contact' ... 'contact' 'contact' 'contact']",
    "K-Nearest Neighbors": "['no_contact' 'contact' 'contact' ... 'no_contact' 'no_contact' 'contact']",
    "Logistic Regression": "['no_contact' 'contact' 'no_contact' ... 'contact' 'contact' 'contact']"
  },
  "sweep_coordinates": "[[-7.43619512e-04  1.00191356e+00]\n [-7.43619512e-04  1.00191356e+00]\n [-7.43619512e-04  1.00191356e+00]\n ...\n [ 9.98118127e-01  2.36679317e-03]\n [ 9.98118127e-01  2.36679317e-03]\n [ 9.98118127e-01  2.36679317e-03]]",
  "sweep_labels": "['edge' 'edge' 'edge' ... 'edge' 'edge' 'edge']",
  "metrics": {
    "Random Forest": {
      "accuracy": 0.40204942736588306,
      "classification_report": {
        "contact": {
          "precision": 0.33613445378151263,
          "recall": 0.33271719038817005,
          "f1-score": 0.3344170924291686,
          "support": 1082.0
        },
        "edge": {
          "precision": 0.5648854961832062,
          "recall": 0.1573352232459249,
          "f1-score": 0.24611973392461198,
          "support": 1411.0
        },
        "no_contact": {
          "precision": 0.40560949298813376,
          "recall": 0.9115151515151515,
          "f1-score": 0.5614035087719298,
          "support": 825.0
        },
        "accuracy": 0.40204942736588306,
        "macro avg": {
          "precision": 0.43554314765095087,
          "recall": 0.46718918838308215,
          "f1-score": 0.38064677837523675,
          "support": 3318.0
        },
        "weighted avg": {
          "precision": 0.45068678294795383,
          "recall": 0.40204942736588306,
          "f1-score": 0.3533068515107987,
          "support": 3318.0
        }
      },
      "confusion_matrix": [
        [
          360,
          165,
          557
        ],
        [
          644,
          222,
          545
        ],
        [
          67,
          6,
          752
        ]
      ]
    },
    "Gradient Boosting": {
      "accuracy": 0.3707052441229656,
      "classification_report": {
        "contact": {
          "precision": 0.26004728132387706,
          "recall": 0.2033271719038817,
          "f1-score": 0.22821576763485477,
          "support": 1082.0
        },
        "edge": {
          "precision": 0.5107398568019093,
          "recall": 0.15166548547129696,
          "f1-score": 0.23387978142076501,
          "support": 1411.0
        },
        "no_contact": {
          "precision": 0.3877252800779347,
          "recall": 0.9648484848484848,
          "f1-score": 0.5531619179986101,
          "support": 825.0
        },
        "accuracy": 0.3707052441229656,
        "macro avg": {
          "precision": 0.386170806067907,
          "recall": 0.43994704740788787,
          "f1-score": 0.33841915568474334,
          "support": 3318.0
        },
        "weighted avg": {
          "precision": 0.39840218577583636,
          "recall": 0.3707052441229656,
          "f1-score": 0.3114202575390192,
          "support": 3318.0
        }
      },
      "confusion_matrix": [
        [
          220,
          194,
          668
        ],
        [
          608,
          214,
          589
        ],
        [
          18,
          11,
          796
        ]
      ]
    },
    "SVM (RBF)": {
      "accuracy": 0.31314044605183844,
      "classification_report": {
        "contact": {
          "precision": 0.2751763951250802,
          "recall": 0.39648798521256934,
          "f1-score": 0.3248769405528209,
          "support": 1082.0
        },
        "edge": {
          "precision": 0.5223880597014925,
          "recall": 0.148830616583983,
          "f1-score": 0.23166023166023167,
          "support": 1411.0
        },
        "no_contact": {
          "precision": 0.2947678703021371,
          "recall": 0.48484848484848486,
          "f1-score": 0.36663611365719523,
          "support": 825.0
        },
        "accuracy": 0.31314044605183844,
        "macro avg": {
          "precision": 0.3641107750429033,
          "recall": 0.34338902888167905,
          "f1-score": 0.3077244286234159,
          "support": 3318.0
        },
        "weighted avg": {
          "precision": 0.38517598094135197,
          "recall": 0.31314044605183844,
          "f1-score": 0.2956191170337327,
          "support": 3318.0
        }
      },
      "confusion_matrix": [
        [
          429,
          184,
          469
        ],
        [
          713,
          210,
          488
        ],
        [
          417,
          8,
          400
        ]
      ]
    },
    "SVM (Linear)": {
      "accuracy": 0.34508740204942734,
      "classification_report": {
        "contact": {
          "precision": 0.3491821985545835,
          "recall": 0.8484288354898336,
          "f1-score": 0.49474535165723527,
          "support": 1082.0
        },
        "edge": {
          "precision": 0.5486725663716814,
          "recall": 0.04394046775336641,
          "f1-score": 0.08136482939632546,
          "support": 1411.0
        },
        "no_contact": {
          "precision": 0.2864583333333333,
          "recall": 0.2,
          "f1-score": 0.23554603854389722,
          "support": 825.0
        },
        "accuracy": 0.34508740204942734,
        "macro avg": {
          "precision": 0.3947710327531994,
          "recall": 0.36412310108106666,
          "f1-score": 0.27055207319915264,
          "support": 3318.0
        },
        "weighted avg": {
          "precision": 0.4184208122322188,
          "recall": 0.34508740204942734,
          "f1-score": 0.2545044383876006,
          "support": 3318.0
        }
      },
      "confusion_matrix": [
        [
          918,
          49,
          115
        ],
        [
          1053,
          62,
          296
        ],
        [
          658,
          2,
          165
        ]
      ]
    },
    "K-Nearest Neighbors": {
      "accuracy": 0.34569017480409886,
      "classification_report": {
        "contact": {
          "precision": 0.2629992464204974,
          "recall": 0.32255083179297594,
          "f1-score": 0.2897467828974678,
          "support": 1082.0
        },
        "edge": {
          "precision": 0.505,
          "recall": 0.14316087880935507,
          "f1-score": 0.22308117062396465,
          "support": 1411.0
        },
        "no_contact": {
          "precision": 0.37460716530483973,
          "recall": 0.7224242424242424,
          "f1-score": 0.49337748344370863,
          "support": 825.0
        },
        "accuracy": 0.34569017480409886,
        "macro avg": {
          "precision": 0.38086880390844574,
          "recall": 0.3960453176755245,
          "f1-score": 0.3354018123217137,
          "support": 3318.0
        },
        "weighted avg": {
          "precision": 0.3936621748051449,
          "recall": 0.34569017480409886,
          "f1-score": 0.3120283226903357,
          "support": 3318.0
        }
      },
      "confusion_matrix": [
        [
          349,
          165,
          568
        ],
        [
          782,
          202,
          427
        ],
        [
          196,
          33,
          596
        ]
      ]
    },
    "Logistic Regression": {
      "accuracy": 0.3303194695599759,
      "classification_report": {
        "contact": {
          "precision": 0.3449612403100775,
          "recall": 0.822550831792976,
          "f1-score": 0.4860731840524304,
          "support": 1082.0
        },
        "edge": {
          "precision": 0.5428571428571428,