{
  "batch_name": "soft_finger_batch_4",
  "num_samples": 100,
  "num_features": 38,
  "classes": [
    "metal",
    "no metal"
  ],
  "class_distribution": {
    "metal": "50",
    "no metal": "50"
  },
  "feature_statistics": {
    "features_shape": [
      100,
      38
    ],
    "labels_shape": [
      100
    ],
    "feature_mean": [
      44.75112842635433,
      618.9478152855222,
      11.71875,
      0.0008353124721907079,
      10.465649558852734,
      16.831668740688315,
      24.35886621438167,
      23.902806218153454,
      23.561492350836144,
      0.0426585478708148,
      498.75,
      0.8113904941082001,
      1.733042044147723,
      0.45520076364278794,
      6.193794641494751,
      -7.287775070691934e-05,
      7.287775070691934e-05,
      0.0013653048104606568,
      0.006251392397098243,
      0.013567308560013772,
      2.1702847981452944,
      0.14390645833333335,
      0.08863346515315597,
      0.27727009795860924,
      0.0031870532268658282,
      0.0032973969797603785,
      0.017393874116241933,
      4.783697623622629e-06,
      1.545979746580124,
      1.6019843530654907,
      1.3327482782628508,
      0.002367639217991382,
      0.00015174963293247855,
      0.0014488378923851997,
      0.004539894131012261,
      0.0013653048104606568,
      0.03342658318579197,
      1.6342992305755615
    ],
    "feature_std": [
      0.45455497884600815,
      7.467878372602267,
      0.0,
      6.46222203730668e-06,
      0.7923396623772042,
      1.766100451386751,
      3.673584073357334,
      3.5658492345351016,
      3.5968764944881766,
      0.0019646411066394326,
      25.096736668464487,
      0.016645935198492896,
      0.1681916448535894,
      0.1306687717473701,
      0.054169773710547105,
      8.960551901518128e-07,
      8.960551901518128e-07,
      7.960777736564435e-06,
      2.2605310282590448e-05,
      9.81652892815203e-05,
      0.013439982395305207,
      0.0030790531877488104,
      0.0031411964566969122,
      0.0005676785214840244,
      9.53119283787764e-06,
      1.306036237589935e-05,
      0.00010849731403291183,
      4.778925720699123e-06,
      0.004416271901349125,
      0.018726029621080942,
      0.005641210380661831,
      1.880072971289421e-05,
      3.4227935521103904e-06,
      1.4369990842911699e-05,
      2.621529318926223e-05,
      7.960777736564435e-06,
      0.0007638129468074013,
      0.018601748913187714
    ],
    "feature_min": [
      43.99606658920366,
      608.9635559863506,
      11.71875,
      0.0008238059235736728,
      9.052495131023239,
      13.9067912737214,
      13.246349464145894,
      9.325764210452661,
      11.10598271209674,
      0.037957608699798584,
      457.03125,
      0.767306923866272,
      1.4137931034482758,
      0.14306776225566864,
      6.055586814880371,
      -7.550979790751314e-05,
      7.106853918824283e-05,
      0.0013444118667393923,
      0.0061810738407075405,
      0.013336588628590107,
      2.147980213165283,
      0.13664583333333333,
      0.08070902305074257,
      0.2756252134028414,
      0.0031564405653625727,
      0.0032625736203044653,
      0.017069125548005104,
      2.627409969591099e-07,
      1.5335731506347656,
      1.5512008666992188,
      1.3216928001980868,
      0.0023311390541493893,
      0.00014331011334434152,
      0.001415318576619029,
      0.004489324986934662,
      0.0013444118667393923,
      0.031600456684827805,
      1.5810582637786865
    ],
    "feature_max": [
      46.41912931776596,
      641.9220920169079,
      11.71875,
      0.0008549062767997384,
      14.419301110678543,
      24.86771068218415,
      36.63693404813893,
      36.51566841180692,
      33.993705987835895,
      0.047081366181373596,
      562.5,
      0.8557131886482239,
      2.6470588235294117,
      0.8565617203712463,
      6.3376054763793945,
      -7.106853918824283e-05,
      7.550979790751314e-05,
      0.0013879297766834497,
      0.006288506556302309,
      0.0138248847797513,
      2.218291759490967,
      0.15408333333333332,
      0.09885519801980198,
      0.2800165046907976,
      0.00320446933619678,
      0.0033207673113793135,
      0.017743755131959915,
      2.2563268430531025e-05,
      1.5548290014266968,
      1.641150951385498,
      1.3637186074347,
      0.0024149264208972454,
      0.00016125703405123204,
      0.0014781898353248835,
      0.00463641295209527,
      0.0013879297766834497,
      0.035616256296634674,
      1.688029170036316
    ]
  }
}