{
  "batch_name": "balanced_collected_data_runs_2026_01_15_workspace_2_pure_no_contact_undersample",
  "num_samples": 1100,
  "num_features": 38,
  "classes": [
    "no_contact"
  ],
  "class_distribution": {
    "no_contact": "1100"
  },
  "feature_statistics": {
    "features_shape": [
      1100,
      38
    ],
    "labels_shape": [
      1100
    ],
    "feature_mean": [
      1100.6703354396427,
      2776.1247470498383,
      4915.450994318182,
      0.02343238935805857,
      9.366735805816774,
      5.506646372136053,
      6.151378611837039,
      7.0363566021391115,
      15.595848127690353,
      0.0055309124534357,
      536.7613636363636,
      0.08520700023594227,
      3.176785836706264,
      0.9007517794096335,
      3.137599017836831,
      -8.198997187862688e-05,
      8.198997187862688e-05,
      0.026116860728202896,
      0.0003001520490744786,
      0.00254425048828125,
      8.477626294656233,
      0.02638973484848489,
      0.16446670891861329,
      0.36144272770268093,
      0.00018631181674374437,
      0.00024393979265534488,
      0.0026330705599817024,
      6.494370200277827e-09,
      4.439332829930565,
      30.07984537124634,
      0.854666874689989,
      0.12103042992678556,
      0.00921491817338392,
      0.09829740960828283,
      0.1541190620850433,
      0.026116860728202896,
      0.05983702061528509,
      1.2340066739239477
    ],
    "feature_std": [
      62.658780638650256,
      69.22899398586381,
      317.4403961589217,
      0.0025613387314629118,
      3.0162602596414305,
      1.7496366639880991,
      0.29332209814460797,
      0.5345538455888017,
      4.050311010396285,
      0.0006194917288647917,
      22.788197370672073,
      0.0045055061743206025,
      1.9493208222184282,
      0.26236624465083386,
      0.15330532831139784,
      5.904672397569085e-06,
      5.904672397569085e-06,
      0.0020180135620601015,
      7.494292620755521e-06,
      6.0676282596353036e-05,
      0.15205223361280396,
      0.0020122750813263597,
      0.009863748572869525,
      0.005248479219647885,
      5.079018196326104e-06,
      5.299980811698983e-06,
      6.129628882035408e-05,
      6.70534849887145e-09,
      0.14095759908263214,
      1.4823994690213644,
      0.08213710737654363,
      0.007382541970467532,
      0.0006380242775854447,
      0.005785392113121831,
      0.008368476766946728,
      0.0020180135620601015,
      0.003408432057460069,
      0.07360063100158411
    ],
    "feature_min": [
      539.9716970275767,
      1971.1282573127683,
      3000.0,
      0.008130005560815334,
      1.5018742170631327,
      2.5188549178749895,
      5.641271510471517,
      6.278669978504521,
      8.999913358756945,
      0.0032969145104289055,
      457.03125,
      0.03644284978508949,
      1.4814814814814814,
      -0.16915957629680634,
      2.908334970474243,
      -9.215067804364914e-05,
      6.887768729317484e-05,
      0.013855929486453533,
      0.00019364820036571473,
      0.00140380859375,
      7.063102722167969,
      0.020354166666666666,
      0.14562084056712962,
      0.30878197338559354,
      0.00015456507389899343,
      0.00015771514154039323,
      0.0016076879110187292,
      1.4486960242532376e-11,
      1.835229754447937,
      4.9318389892578125,
      0.45347191519558216,
      0.01798606663942337,
      0.0035247968044131994,
      0.05289255082607269,
      0.07612278312444687,
      0.013855929486453533,
      0.02272542379796505,
      0.08734557777643204
    ],
    "feature_max": [
      2255.4962328139945,
      3795.345959296551,
      9996.09375,
      0.050102315843105316,
      26.18790736457339,
      34.45552103441187,
      8.58597214351273,
      11.5276298663739,
      34.590299737046614,
      0.008549259044229984,
      585.9375,
      0.11284306645393372,
      12.25,
      1.796215534210205,
      4.912959098815918,
      -6.887768729317484e-05,
      9.215067804364914e-05,
      0.057070232927799225,
      0.000414787617046386,
      0.002960205078125,
      9.397510528564453,
      0.03177083333333333,
      0.18711118344907407,
      0.41792782416158014,
      0.000270809541689232,
      0.00031871406827121973,
      0.003232368500903249,
      5.595493846044519e-08,
      4.669587135314941,
      33.04283142089844,
      1.1525939423264573,
      0.1322503238916397,
      0.018027441576123238,
      0.20591846108436584,
      0.3081306219100952,
      0.057070232927799225,
      0.08081689476966858,
      1.341780185699463
    ]
  }
}