{
  "batch_name": "collected_data_runs_2025_12_11_v2",
  "num_samples": 402,
  "num_features": 38,
  "classes": [
    "contact",
    "edge",
    "no_contact"
  ],
  "class_distribution": {
    "contact": "80",
    "edge": "275",
    "no_contact": "47"
  },
  "cv_results": {
    "Random Forest": {
      "scores": [
        0.6419753086419753,
        0.6790123456790124,
        0.6875,
        0.6625,
        0.675
      ],
      "mean_accuracy": 0.6691975308641975,
      "std_accuracy": 0.01581699033812047,
      "best_score": 0.6875,
      "worst_score": 0.6419753086419753
    },
    "SVM (RBF)": {
      "scores": [
        0.6790123456790124,
        0.6790123456790124,
        0.6875,
        0.6875,
        0.6875
      ],
      "mean_accuracy": 0.6841049382716049,
      "std_accuracy": 0.004158084439909707,
      "best_score": 0.6875,
      "worst_score": 0.6790123456790124
    },
    "SVM (Linear)": {
      "scores": [
        0.6666666666666666,
        0.6790123456790124,
        0.6875,
        0.675,
        0.675
      ],
      "mean_accuracy": 0.6766358024691357,
      "std_accuracy": 0.006758906919053999,
      "best_score": 0.6875,
      "worst_score": 0.6666666666666666
    },
    "K-NN": {
      "scores": [
        0.5925925925925926,
        0.5802469135802469,
        0.6125,
        0.6375,
        0.6625
      ],
      "mean_accuracy": 0.6170679012345679,
      "std_accuracy": 0.02985711923424871,
      "best_score": 0.6625,
      "worst_score": 0.5802469135802469
    },
    "Logistic Regression": {
      "scores": [
        0.6296296296296297,
        0.6666666666666666,
        0.7125,
        0.6875,
        0.6875
      ],
      "mean_accuracy": 0.6767592592592593,
      "std_accuracy": 0.027681004267484877,
      "best_score": 0.7125,
      "worst_score": 0.6296296296296297
    },
    "Gradient Boosting": {
      "scores": [
        0.6049382716049383,
        0.6049382716049383,
        0.6875,
        0.625,
        0.6375
      ],
      "mean_accuracy": 0.6319753086419754,
      "std_accuracy": 0.030411087580487387,
      "best_score": 0.6875,
      "worst_score": 0.6049382716049383
    },
    "Linear Discriminant Analysis": {
      "scores": [
        0.6172839506172839,
        0.654320987654321,
        0.6875,
        0.625,
        0.6625
      ],
      "mean_accuracy": 0.649320987654321,
      "std_accuracy": 0.025589863355216215,
      "best_score": 0.6875,
      "worst_score": 0.6172839506172839
    }
  }
}