{
  "batch_name": "collected_data_runs_2025_12_11_v2",
  "num_samples": 402,
  "num_classes": 3,
  "classes": [
    "contact",
    "edge",
    "no_contact"
  ],
  "best_classifier": {
    "name": "SVM (RBF)",
    "mean_accuracy": 0.6841049382716049,
    "std_accuracy": 0.004158084439909707
  },
  "worst_classifier": {
    "name": "K-NN",
    "mean_accuracy": 0.6170679012345679,
    "std_accuracy": 0.02985711923424871
  },
  "all_classifiers_performance": {
    "Random Forest": {
      "mean_accuracy": 0.6691975308641975,
      "std_accuracy": 0.01581699033812047
    },
    "SVM (RBF)": {
      "mean_accuracy": 0.6841049382716049,
      "std_accuracy": 0.004158084439909707
    },
    "SVM (Linear)": {
      "mean_accuracy": 0.6766358024691357,
      "std_accuracy": 0.006758906919053999
    },
    "K-NN": {
      "mean_accuracy": 0.6170679012345679,
      "std_accuracy": 0.02985711923424871
    },
    "Logistic Regression": {
      "mean_accuracy": 0.6767592592592593,
      "std_accuracy": 0.027681004267484877
    },
    "Gradient Boosting": {
      "mean_accuracy": 0.6319753086419754,
      "std_accuracy": 0.030411087580487387
    },
    "Linear Discriminant Analysis": {
      "mean_accuracy": 0.649320987654321,
      "std_accuracy": 0.025589863355216215
    }
  }
}