{
  "batch_name": "balanced_collected_data_runs_2026_01_14_workspace_3_pure_contact_undersample",
  "num_samples": 4179,
  "num_features": 70,
  "classes": [
    "contact"
  ],
  "class_distribution": {
    "contact": "4179"
  },
  "feature_statistics": {
    "features_shape": [
      4179,
      70
    ],
    "labels_shape": [
      4179
    ],
    "feature_mean": [
      1371.7558003678587,
      2903.4240126976247,
      5415.554334170854,
      0.02474106558235097,
      8.872730108602443,
      7.657831698527252,
      8.656809090919607,
      9.55060763585852,
      14.708945806629654,
      0.005526265623815136,
      541.0983488872936,
      0.08499694080387299,
      3.212934965362113,
      0.8867326974857075,
      5.328244978658717,
      -0.00010443049489187564,
      0.00010443049489187564,
      0.033955773902728484,
      0.0002944517870660024,
      0.002357608663524606,
      7.896629962318678,
      0.03170177275265216,
      0.17320854402911848,
      0.3960259612209478,
      0.0002037348290634027,
      0.00024418912451032557,
      0.0025691010495312388,
      1.66896564036506e-07,
      3.883728004979528,
      24.264041760744277,
      7.508095287993965,
      0.1019701240440511,
      0.008661615072929401,
      0.12567209975749832,
      0.20178994271644823,
      0.033955773902728484,
      0.044905315858757,
      0.8546451795565423,
      3.159086722054245,
      0.10231379166398787,
      2.9342103009358436,
      0.6684305879609896,
      1.3717558004647308,
      2.160143630943071,
      4.050825916861868,
      156.14058698413263,
      0.011102589330090644,
      0.00019712150479229564,
      0.0006143764557356345,
      0.001573749758599789,
      0.17498943128340086,
      0.7927842457642316,
      3.509414917260558,
      40.360743267737554,
      70.74900391490358,
      0.19307054244436467,
      0.9607844583264062,
      7.355388051356444,
      6.114142139267767,
      2.6541412419239054,
      0.3175053612613655,
      0.17512942071952153,
      4.673739068560956,
      6.4212127615201275,
      6.1088492730554425,
      7.424068901649529,
      46.877749465009074,
      0.12871454993220077,
      3.025549079502251,
      47.364852666218866
    ],
    "feature_std": [
      264.4632950374589,
      211.81997787784636,
      1135.4221707617098,
      0.007103068470676792,
      3.170040775642875,
      3.941348177842853,
      4.511969720872221,
      4.688282514098608,
      4.784296670733945,
      0.0017725050706586085,
      41.30827085400166,
      0.026960451407056173,
      2.5231326288147806,
      0.3316224165906044,
      6.688066110570844,
      6.792336254613087e-05,
      6.792336254613087e-05,
      0.006182421675761348,
      5.441407432639079e-05,
      0.000579838839751934,
      0.9391662127158026,
      0.01789437245971007,
      0.03124042650684531,
      0.037000316569004404,
      2.9930920227616333e-05,
      3.9703255296048166e-05,
      0.0005024644191549287,
      2.3745330848978212e-07,
      0.6276127034080821,
      6.363112269175825,
      35.04563654578537,
      0.02256582037913878,
      0.001609148857784717,
      0.027217182375757886,
      0.05514414460576845,
      0.006182421675761348,
      0.010224496353002797,
      0.2599308026355334,
      0.9654649866278844,
      0.026525076336200656,
      0.8972073299805012,
      0.15967004263142914,
      0.2644632953826724,
      0.24973674793120434,
      0.4014114877465184,
      1998.148394087677,
      0.10614145124181619,
      0.0006972534713826368,
      0.00011189425582083891,
      0.00033759415194965987,
      0.03153161581441684,
      0.11295091304181994,
      0.54565321375199,
      6.115856926996591,
      5.473031728517438,
      0.7071347296623914,
      0.143001345811388,
      24.978410265321703,
      1.220640290278266,
      0.7435778116312332,
      0.07835180284011621,
      0.682045050100957,
      0.4852809301686145,
      0.23494839581411506,
      0.507967865646638,
      2.0284848646666447,
      29.806900757438434,
      0.11194001144253507,
      5.458058767635794,
      2.952180824707484
    ],
    "feature_min": [
      488.07693559362906,
      1793.8432297789782,
      3000.0,
      0.0025973536539822817,
      1.4310077343492367,
      2.089199509136087,
      2.6086971340862917,
      1.9135640835948315,
      2.6870087239186784,
      0.0008467342122457922,
      457.03125,
      0.011336900293827057,
      1.1818181818181819,
      -0.4522473216056824,
      1.9006218910217285,
      -0.00046826121687239454,
      5.257647184720469e-05,
      0.01072942279279232,
      0.00011996382818324491,
      0.0006032298551872373,
      4.323554039001465,
      0.0,
      0.0881664134837963,
      0.31738448549842824,
      0.00011050150351366028,
      9.179983317153528e-05,
      0.0007233103387989104,
      1.4486960242532376e-11,
      1.2541197538375854,
      1.354604721069336,
      -29.134209827480888,
      0.005698683205991983,
      0.002475706860423088,
      0.044455502182245255,
      0.07642371207475662,
      0.01072942279279232,
      0.006921590771526098,
      0.03273328021168709,
      1.481264352798462,
      0.015490330755710602,
      0.09416524320840836,
      0.35138508677482605,
      0.4880769357290445,
      1.1339165876911201,
      2.6644159861610097,
      1.8115613847575227e-05,
      0.0,
      0.0,
      0.00031494940049014986,
      0.00042927690083160996,
      0.08891304347826087,
      0.43432574411737956,
      1.7689554691314697,
      27.928285598754883,
      48.36642837524414,
      0.0,
      0.0,
      0.0,
      0.0,
      0.0,
      0.0,
      0.0,
      3.5678319272769325,
      5.378710651617652,
      3.6170167922973633,
      0.5278590321540833,
      -43.52517950862376,
      0.0,
      -22.62824013516782,
      27.232471872042723
    ],
    "feature_max": [
      2930.925757915371,
      3888.661652013087,
      11062.5,
      0.05658857896924019,
      31.933922737290636,
      29.421689008663908,
      30.36508813582826,
      30.552081330379185,
      35.978654147196664,
      0.018290890380740166,
      843.75,
      0.23117512464523315,
      49.0,
      2.911745071411133,
      65.79995727539062,
      -5.257647184720469e-05,
      0.00046826121687239454,
      0.07150205969810486,
      0.0005571538349613547,
      0.004199196584522724,
      10.832987785339355,
      0.259625,
      0.2835557725694444,
      0.5954660981165771,
      0.00043874557013623416,
      0.0004343607579357922,
      0.00720933498814702,
      1.6396029423049185e-06,
      5.896371841430664,
      65.04048156738281,
      433.6875403809762,
      0.15220066905021667,
      0.019111335277557373,
      0.3338167667388916,
      0.5344241857528687,
      0.07150205969810486,
      0.09409993141889572,
      2.0501978397369385,
      6.733603477478027,
      0.22558744251728058,
      5.906826019287109,
      1.2463746070861816,
      2.9309257864395617,
      3.7184831895369763,
      6.814698881527646,
      27599.5,
      6.705780029296875,
      0.012008050456643105,
      0.0026292013935744762,
      0.004027307499200106,
      0.28447463768115944,
      2.922267943271395,
      6.858764171600342,
      63.45426559448242,
      93.2978286743164,
      3.357421875,
      1.0,
      100.0,
      10.0,
      3.57421875,
      0.9470905661582947,
      3.006493506493173,
      6.916094828588686,
      7.2226321064699075,
      10.14340591430664,
      13.774955749511719,
      433.68763342304607,
      1.1407916666666666,
      13.091120639130366,
      54.701452869442235
    ]
  }
}