{
  "batch_name": "balanced_collected_data_runs_2026_01_15_workspace_2_pure_no_contact_undersample",
  "num_samples": 3300,
  "num_features": 70,
  "classes": [
    "no_contact"
  ],
  "class_distribution": {
    "no_contact": "3300"
  },
  "feature_statistics": {
    "features_shape": [
      3300,
      70
    ],
    "labels_shape": [
      3300
    ],
    "feature_mean": [
      1164.0767608769322,
      2765.3197870805075,
      5013.522727272727,
      0.022145549233184392,
      8.80666413346515,
      7.545445110336352,
      8.680026443776967,
      9.569815112291073,
      14.7598414226355,
      0.005401638152808036,
      539.7088068181819,
      0.08085793365865494,
      3.4622482035784174,
      0.937753420080919,
      4.539190889596939,
      -0.00011054882310715733,
      0.00011054882310715733,
      0.027881658898779388,
      0.00028291153524399057,
      0.0023295241607896363,
      8.11471165931586,
      0.031044204545454618,
      0.1797920954883031,
      0.37834934510736773,
      0.00018386625902856008,
      0.00023550548486430973,
      0.0025339710829200956,
      1.4137338505411336e-07,
      4.270683869845939,
      28.313197082895222,
      7.865890667063587,
      0.11278692840930131,
      0.009209952393589033,
      0.10707233682049043,
      0.1667555400932377,
      0.027881658898779388,
      0.05746896827819221,
      1.1018564682719156,
      3.25233456510486,
      0.13327576574897676,
      3.90087283339803,
      0.7132360567017035,
      1.1640767607349665,
      2.4178297602899512,
      4.528781317665731,
      122.44631035861985,
      0.01136544034663005,
      0.00020834791921217505,
      0.0006524855324956165,
      0.0016575933588584039,
      0.18165468269653073,
      0.7619613165992147,
      3.602920085661339,
      39.60936584472656,
      70.23785088047836,
      0.17466441761363635,
      0.9628988843433784,
      6.724040404029129,
      5.573333333333333,
      2.6632563920454544,
      0.2813292597821265,
      0.1587987946325545,
      4.411592961756993,
      6.3041652492029705,
      6.693590073152022,
      7.996269101518573,
      47.64199865484964,
      0.12847971590909113,
      3.022012912425441,
      47.48792204314814
    ],
    "feature_std": [
      223.46841989253244,
      213.17274505166228,
      830.2250571525323,
      0.006728608372937088,
      3.1102232408928976,
      4.008242527905489,
      4.539739454222079,
      4.656157042924478,
      4.739235400193501,
      0.0017546655998333114,
      41.02220037809248,
      0.025842238639521353,
      2.7967342655348073,
      0.330168579345837,
      5.184144652502276,
      6.91802991174758e-05,
      6.91802991174758e-05,
      0.005499835524448949,
      5.327526844201329e-05,
      0.0005764892942028336,
      0.9146066978129349,
      0.016322193593778712,
      0.03582290078738879,
      0.03904400680155487,
      2.448080412095183e-05,
      3.854716748004269e-05,
      0.0004998703272125018,
      2.0295233318030438e-07,
      0.6345010415704464,
      6.635720895308373,
      36.82179518465919,
      0.023805936895077925,
      0.0017219536834862917,
      0.022837521728952294,
      0.04760677367336991,
      0.005499835524448949,
      0.011040128555825498,
      0.2967382326083608,
      0.9916671021580121,
      0.029065070100811056,
      1.085514625831105,
      0.16899338141202402,
      0.22346841976648377,
      0.24782833335351617,
      0.43492122871889766,
      1697.657807393761,
      0.0734295189192515,
      0.0007962705580033539,
      0.00010346290157269487,
      0.00035354831796156585,
      0.036166367470356904,
      0.1168286677372257,
      0.5543604571042219,
      5.995378723886292,
      5.614728749686224,
      0.6722478002834301,
      0.1409066329898212,
      23.86759156488773,
      1.1052564947522123,
      0.7323998022758569,
      0.06527779393700195,
      0.651133008109876,
      0.49601279868532144,
      0.25768930722085776,
      0.517931550768328,
      2.1519246947232697,
      32.41575462132456,
      0.10498311826213956,
      5.535777185407358,
      2.8681814320156476
    ],
    "feature_min": [
      516.4135136205144,
      1689.816284467102,
      2789.0625,
      0.0019180092494934797,
      1.0831764764671767,
      2.1992810774334473,
      2.564002734871913,
      2.796483972058322,
      2.1520224724982455,
      0.0007811232935637236,
      457.03125,
      0.012415765784680843,
      1.1818181818181819,
      -0.434562623500824,
      1.6907503604888916,
      -0.0004534982369214789,
      5.8418334577528174e-05,
      0.013855929486453533,
      0.00011273537529632449,
      0.0006348052993416786,
      4.7229695320129395,
      0.0,
      0.08598723234953703,
      0.30878197338559354,
      9.722597314976156e-05,
      8.944955334300175e-05,
      0.000655348296277225,
      1.4486960242532376e-11,
      1.3853970766067505,
      1.989548683166504,
      -1.87805958734725,
      0.0032541125547140837,
      0.003123424481600523,
      0.05289255082607269,
      0.06965749710798264,
      0.013855929486453533,
      0.009971465915441513,
      0.019452659413218498,
      1.389795184135437,
      0.024181077256798744,
      0.050615038722753525,
      0.3633931577205658,
      0.516413515244246,
      1.2570419242132507,
      2.743075642558319,
      1.8115613847575227e-05,
      0.0,
      0.0,
      0.0003711665340233594,
      0.0005596470437012613,
      0.08739130434782609,
      0.42686952760468494,
      1.5160768032073975,
      27.52362823486328,
      48.664241790771484,
      0.0,
      0.0,
      0.0,
      0.0,
      0.0,
      0.0,
      0.0,
      3.2455206403639716,
      5.229758079702128,
      4.361728191375732,
      0.6250526309013367,
      -52.15842430074304,
      0.0,
      -22.503765311812913,
      31.32247736274358
    ],
    "feature_max": [
      2649.3019635807264,
      3806.4923598992455,
      10546.875,
      0.05104159936308861,
      26.90450266014947,
      34.45552103441187,
      32.822759469612436,
      36.65409900496648,
      34.590299737046614,
      0.016501227393746376,
      843.75,
      0.22932776808738708,
      48.0,
      2.5490119457244873,
      48.577415466308594,
      -5.8418334577528174e-05,
      0.0004534982369214789,
      0.06292514503002167,
      0.0004340857267379761,
      0.0037159856874495745,
      10.51262092590332,
      0.09572916666666667,
      0.2995469835069444,
      0.5464297453166531,
      0.00027351020253263414,
      0.0003486222121864557,
      0.006839449517428875,
      1.3890240779801388e-06,
      6.4933180809021,
      72.10218811035156,
      491.09178086455375,
      0.16703321039676666,
      0.02038753777742386,
      0.29817619919776917,
      0.47387978434562683,
      0.06292514503002167,
      0.10847780108451843,
      2.16625714302063,
      6.789394378662109,
      0.24487845599651337,
      6.412052154541016,
      1.2738937139511108,
      2.649301968799906,
      3.650428820772963,
      6.6780505484531245,
      27599.5,
      4.038128852844238,
      0.01602988690137863,
      0.0012970363022759557,
      0.0033004311844706535,
      0.3032246376811594,
      2.036073056794721,
      7.217644214630127,
      62.2518196105957,
      94.1839828491211,
      3.357421875,
      1.0,
      100.0,
      10.0,
      4.01953125,
      0.7683913707733154,
      3.006493506493173,
      6.934510168025441,
      7.1131470656514955,
      11.462838172912598,
      11.871386528015137,
      512.7393132923781,
      1.1438333333333333,
      11.623223338389334,
      56.284091962244204
    ]
  }
}