{
  "batch_name": "collected_data_runs_2025_12_15_v1",
  "num_samples": 2946,
  "num_features": 38,
  "classes": [
    "contact",
    "edge",
    "no_contact"
  ],
  "class_distribution": {
    "contact": "577",
    "edge": "2139",
    "no_contact": "230"
  },
  "cv_results": {
    "Random Forest": {
      "scores": [
        0.7338983050847457,
        0.7436332767402377,
        0.735144312393888,
        0.7249575551782682,
        0.7385398981324278
      ],
      "mean_accuracy": 0.7352346695059134,
      "std_accuracy": 0.006146124842977427,
      "best_score": 0.7436332767402377,
      "worst_score": 0.7249575551782682
    },
    "SVM (RBF)": {
      "scores": [
        0.7254237288135593,
        0.7249575551782682,
        0.7283531409168081,
        0.7283531409168081,
        0.7283531409168081
      ],
      "mean_accuracy": 0.7270881413484505,
      "std_accuracy": 0.0015562993438737911,
      "best_score": 0.7283531409168081,
      "worst_score": 0.7249575551782682
    },
    "SVM (Linear)": {
      "scores": [
        0.7254237288135593,
        0.7249575551782682,
        0.7266553480475382,
        0.7266553480475382,
        0.7266553480475382
      ],
      "mean_accuracy": 0.7260694656268886,
      "std_accuracy": 0.0007325429011762334,
      "best_score": 0.7266553480475382,
      "worst_score": 0.7249575551782682
    },
    "K-NN": {
      "scores": [
        0.7101694915254237,
        0.6791171477079796,
        0.7011884550084889,
        0.6859083191850595,
        0.7130730050933786
      ],
      "mean_accuracy": 0.6978912837040661,
      "std_accuracy": 0.013327940661041286,
      "best_score": 0.7130730050933786,
      "worst_score": 0.6791171477079796
    },
    "Logistic Regression": {
      "scores": [
        0.7271186440677966,
        0.7249575551782682,
        0.7266553480475382,
        0.7266553480475382,
        0.7249575551782682
      ],
      "mean_accuracy": 0.726068890103882,
      "std_accuracy": 0.0009230362785814277,
      "best_score": 0.7271186440677966,
      "worst_score": 0.7249575551782682
    },
    "Gradient Boosting": {
      "scores": [
        0.7271186440677966,
        0.7317487266553481,
        0.7419354838709677,
        0.7164685908319185,
        0.7385398981324278
      ],
      "mean_accuracy": 0.7311622687116917,
      "std_accuracy": 0.008978759196600569,
      "best_score": 0.7419354838709677,
      "worst_score": 0.7164685908319185
    },
    "Linear Discriminant Analysis": {
      "scores": [
        0.7203389830508474,
        0.7232597623089984,
        0.7215619694397284,
        0.7232597623089984,
        0.7232597623089984
      ],
      "mean_accuracy": 0.7223360478835141,
      "std_accuracy": 0.0011955927736943546,
      "best_score": 0.7232597623089984,
      "worst_score": 0.7203389830508474
    }
  }
}