{
  "batch_name": "reduce_signal_time_experiment_ablation_2",
  "num_samples": 150,
  "original_dimensions": 38,
  "num_classes": 3,
  "classes": [
    "contact",
    "edge",
    "no_contact"
  ],
  "pca_analysis": {
    "explained_variance_ratio": [
      0.2132030331933326,
      0.13815883976029036,
      0.08809194858581924,
      0.0775998124224709,
      0.061091090636030514,
      0.05709617285181892,
      0.04756405695496053,
      0.03907473341875853,
      0.034040463502244246,
      0.03079142177303653,
      0.027049225120965248,
      0.02450469246037188,
      0.023218324843663332,
      0.022313198957382693,
      0.015821062700713498,
      0.015478482319225556,
      0.013679708013702552,
      0.012149137601043154,
      0.011530500162874685
    ],
    "cumulative_variance": [
      0.2132030331933326,
      0.351361872953623,
      0.43945382153944224,
      0.5170536339619132,
      0.5781447245979436,
      0.6352408974497625,
      0.6828049544047231,
      0.7218796878234817,
      0.7559201513257259,
      0.7867115730987624,
      0.8137607982197277,
      0.8382654906800996,
      0.861483815523763,
      0.8837970144811457,
      0.8996180771818592,
      0.9150965595010847,
      0.9287762675147873,
      0.9409254051158304,
      0.9524559052787052,
      0.9620074692655453,
      0.9709853623630926,
      0.9785967372184191,
      0.984624524306239,
      0.9893961338027559,
      0.9923866272417241,
      0.9945963836890089,
      0.9967218989201921,
      0.9984283773470288,
      0.9998111913279024,
      0.9999312872939485,
      0.9999682090241822,
      0.99998931762118,
      0.9999997918791516,
      0.9999999715761793,
      1.0,
      1.0,
      1.0,
      1.0
    ],
    "components_for_95_variance": 19,
    "n_components_used": 19,
    "total_explained_variance": 0.9524559052787049
  },
  "tsne_analysis": {
    "methods_tested": [
      "perplexity_5",
      "perplexity_10",
      "perplexity_20",
      "perplexity_30",
      "best_perplexity",
      "silhouette_score"
    ],
    "best_perplexity": 20,
    "best_silhouette_score": 0.4234066307544708,
    "perplexity_results": {
      "perplexity_5": {
        "perplexity": 5,
        "silhouette_score": 0.37119778990745544,
        "kl_divergence": 0.8253315091133118
      },
      "perplexity_10": {
        "perplexity": 10,
        "silhouette_score": 0.2999233603477478,
        "kl_divergence": 0.874434232711792
      },
      "perplexity_20": {
        "perplexity": 20,
        "silhouette_score": 0.4234066307544708,
        "kl_divergence": 0.6661050319671631
      },
      "perplexity_30": {
        "perplexity": 30,
        "silhouette_score": 0.3075003921985626,
        "kl_divergence": 0.6167307496070862
      }
    }
  }
}