{
  "batch_name": "edge_detection_v1",
  "num_samples": 630,
  "num_features": 38,
  "num_classes": 3,
  "test_accuracy": 0.5396825671195984,
  "model_performance": {
    "overall_accuracy": 0.5396825671195984,
    "per_class_accuracy": {
      "0": 0.6428571343421936,
      "1": 0.5476190447807312,
      "2": 0.4285714328289032
    }
  },
  "feature_analysis": {
    "consistently_important": [],
    "method_specific": {},
    "feature_groups": {
      "basic_gradients": {
        "acoustic_importance": 0.33304376331599134,
        "impulse_importance": 0.0,
        "acoustic_vs_impulse_ratio": Infinity
      }
    },
    "top_features": [
      35,
      17,
      1,
      3,
      34,
      13,
      14,
      36,
      15,
      16
    ]
  },
  "saliency_maps_summary": {
    "basic_gradients": {
      "gradients": "[[ 1.68487802e-02  5.14986403e-02  5.35264313e-02 -2.56339014e-01\n  -5.15288234e-01  9.03420597e-02  5.12154460e-01  1.98705778e-01\n  -4.82883781e-01 -4.52598155e-01  2.42593080e-01  1.51292294e-01\n   8.42794895e-01  1.16371781e-01  5.09194672e-01  3.51313986e-02\n  -2.20466301e-01 -1.54628193e+00  3.92447472e-01  5.88483401e-02\n  -3.38620484e-01  8.19848552e-02  7.87205175e-02  2.40264967e-01\n  -9.93668139e-01 -6.00762665e-01  2.02844098e-01  1.00616984e-01\n   2.62461990e-01  8.38509738e-01 -1.31019667e-01 -5.88761508e-01\n   3.24216515e-01  3.16390038e-01  6.61961913e-01 -1.41262841e+00\n  -7.66364992e-01 -1.34180203e-01]\n [ 3.94809633e-01  9.89345074e-01  1.63600385e-01  2.21810251e-01\n  -2.18853891e-01  6.06907941e-02  6.76297471e-02  2.00278863e-01\n   1.51395947e-02  1.11553855e-01  8.12509954e-02  3.48714064e-04\n  -1.44634442e-02 -2.64096797e-01  9.31802616e-02  8.27570111e-02\n  -5.46598136e-02 -3.11387628e-02  1.66024148e-01  7.49269314e-03\n  -1.09229766e-01  4.81601916e-02  2.38224864e-01  4.48894948e-02\n  -1.72215447e-01 -3.27547006e-02 -1.07090138e-01  1.47799700e-01\n   1.17576510e-01  1.04831219e-01  1.31610006e-01 -1.96570963e-01\n  -8.80299136e-02 -1.43145636e-01 -1.18373193e-01 -8.77998918e-02\n  -5.29957078e-02  1.95737302e-01]\n [-1.19564509e+00 -2.00743413e+00  2.53411949e-01 -2.24184704e+00\n   7.18666494e-01 -1.25422311e+00  2.87997186e-01 -1.19954847e-01\n  -7.99690261e-02 -7.34896772e-03  7.70506710e-02 -2.75712639e-01\n  -5.07412374e-01 -9.00839567e-01  1.06715977e-01 -1.83413839e+00\n   1.37031543e+00 -1.67958653e+00 -1.25265682e+00 -4.70012963e-01\n   4.72633213e-01  7.90875912e-01  7.11648345e-01 -1.26943707e+00\n   3.59916061e-01 -4.29078847e-01 -1.37077177e+00  3.47037941e-01\n  -6.10915959e-01 -4.42427605e-01  2.76376754e-01 -2.27729529e-01\n   6.16923511e-01 -2.53368527e-01  2.71884590e-01 -2.42143559e+00\n   9.15572792e-03 -2.85072178e-01]\n [-1.28408119e-01 -3.44919652e-01  3.51795815e-02 -4.41300958e-01\n   5.47377169e-02 -1.77205995e-01 -1.40030906e-01 -2.52528399e-01\n  -4.35213298e-02  1.38312638e-01 -3.29555571e-02 -1.49993137e-01\n  -1.15303501e-01 -2.84908712e-01  2.33147413e-01 -2.55720615e-01\n   3.41766357e-01 -4.65024650e-01 -3.40243816e-01 -4.73133661e-02\n   1.67752370e-01  2.04018295e-01  2.47459300e-02 -1.69273153e-01\n   6.89919963e-02 -7.27469921e-02 -8.04325193e-02 -5.16100042e-02\n   6.49227500e-02 -9.47327390e-02 -4.64770012e-02 -3.53274584e-01\n   1.51487708e-01  1.48337036e-02  1.42956316e-01 -5.44571638e-01\n  -7.41384625e-02  3.43745537e-02]\n [-2.25364286e-02 -3.12834606e-02 -7.21772993e-03 -1.35830930e-03\n   7.29892729e-03 -4.27689264e-03 -1.45865716e-02 -1.54874204e-02\n   3.78385186e-03 -3.76231852e-03  3.03428830e-03 -3.64163634e-03\n   5.88136446e-03  3.84932104e-03 -1.39842927e-02  5.04517276e-03\n  -3.13895009e-03  1.71036012e-02 -2.15416849e-02 -1.40406927e-02\n   7.12617766e-05 -9.99471638e-03 -1.44748287e-02 -1.20905563e-02\n   8.86731315e-03  3.11042834e-03 -6.53096149e-03  8.95010016e-04\n  -3.07798409e-03 -3.05283908e-03 -8.70297663e-03 -7.58996047e-03\n   1.91737036e-03 -1.19140558e-02 -1.71941854e-02  1.55505687e-02\n   1.88429225e-02  3.35296849e-03]\n [ 5.39609015e-01  1.37854981e+00 -1.96298495e-01  3.16812062e+00\n  -8.39934349e-01  1.77068329e+00  1.33116663e+00  1.39712000e+00\n  -7.38798901e-02 -2.50477701e-01  2.56638117e-02  7.83156335e-01\n   8.47616076e-01  2.01422954e+00 -2.20289779e+00  5.00687182e-01\n  -1.09610200e+00  3.66005683e+00 -3.43761817e-02 -1.19334304e+00\n  -2.82942832e-01 -3.47169846e-01  1.88186720e-01  4.73033100e-01\n  -1.54392458e-02  8.14979494e-01  3.25761616e-01  3.71119618e-01\n  -6.24637663e-01  7.23131597e-01 -3.12382150e-02  7.63745606e-01\n  -4.01771843e-01 -7.91925013e-01 -2.30167484e+00  3.84757948e+00\n   1.65528345e+00 -7.35348389e-02]\n [ 3.50722820e-02  1.19763762e-01  2.91083064e-02  2.31180191e-02\n  -5.91495819e-03  7.54350517e-03 -2.11644871e-03 -3.27583887e-02\n  -3.23108248e-02 -3.56013812e-02  5.62358322e-03 -1.97144859e-02\n   3.52843143e-02 -7.14847371e-02  1.14218360e-02 -4.93505504e-03\n   3.13237309e-02 -4.20387834e-03 -4.04809788e-02 -3.70996585e-03\n  -9.74407792e-03 -7.73973239e-04  6.45015715e-03 -3.60554904e-02\n  -3.06690875e-02 -3.25605310e-02 -8.12993851e-03  3.49970683e-02\n   1.55688049e-02  3.61265950e-02 -1.29138744e-02 -5.87909222e-02\n  -1.67191483e-03 -4.05179113e-02 -3.16417776e-02 -3.02910712e-02\n   8.26563779e-03  5.73955104e-02]\n [-3.07419163e-04 -4.56858776e-04  1.76342626e-04 -1.22121978e-03\n   2.14028594e-04 -4.52243228e-04 -3.56379722e-04 -5.21889247e-04\n  -1.29826047e-04  2.61771784e-04  9.96618764e-05 -2.22616334e-04\n  -2.55708292e-04 -6.35439123e-04  4.75819892e-04 -5.83752000e-04\n   8.55540566e-04 -1.64987345e-03 -7.34122237e-04  1.16275740e-04\n   4.15031274e-04  3.68305220e-04 -1.96418041e-04 -6.19949482e-04\n  -5.30840589e-05 -2.79904780e-04 -2.01502262e-04 -3.78643570e-04\n   2.95333564e-04 -2.63512135e-04 -2.17962788e-05 -6.02598069e-04\n   4.21914883e-04 -1.10829278e-04  2.88677431e-04 -1.67407189e-03\n  -4.97309120e-05  8.05710442e-05]\n [ 3.47211003e-01 -1.69586882e-01 -2.08325386e-01 -5.77398390e-02\n  -1.13716321e-02  6.79656044e-02 -7.94782117e-02  5.63409507e-01\n   6.15906298e-01 -1.03442895e+00  3.65105003e-01 -5.86436354e-02\n  -6.66390538e-01 -2.09498063e-01 -5.74329078e-01 -8.09436500e-01\n   4.26071912e-01 -4.28907812e-01 -9.34702516e-01 -1.14727311e-01\n   5.94700098e-01  2.78006703e-01 -2.70510167e-01  3.48867401e-02\n   6.01714313e-01  3.23476762e-01  1.05012488e+00  5.29882252e-01\n  -4.89039749e-01 -4.91748676e-02 -7.56352127e-01 -9.69464257e-02\n   1.18289426e-01  4.52297986e-01  5.57828486e-01 -8.06189403e-02\n  -2.72285372e-01 -5.86731965e-03]\n [ 6.47748530e-01  1.52397752e+00 -5.58935944e-03 -1.09166369e-01\n  -1.43347633e+00  2.89558977e-01  6.56815410e-01  9.99625206e-01\n  -7.64034539e-02  8.77862811e-01  4.25330371e-01  4.49589640e-01\n   1.86628088e-01  4.75143135e-01  3.09271127e-01  4.51710463e-01\n  -3.11727315e-01 -1.22123349e+00  6.56509459e-01  4.06333357e-02\n  -4.51087713e-01 -7.53839908e-04  6.37052417e-01  8.68075192e-02\n  -7.07233548e-01 -4.02621999e-02  2.41073724e-02 -7.05000341e-01\n   2.88137376e-01  5.99897146e-01 -2.35505298e-01 -2.98501492e-01\n   4.49827492e-01  2.36515820e-01  8.47359776e-01 -1.12176788e+00\n  -1.17833066e+00 -1.00697815e-01]]",
      "mean_absolute_gradient": "[0.3328196  0.66168153 0.09524339 0.6522021  0.38057566 0.37229425\n 0.3092332  0.37803906 0.1423928  0.29122084 0.1258707  0.1892315\n 0.32220304 0.43410572 0.40546188 0.39801455 0.3856427  0.9055187\n 0.3839717  0.19502379 0.2427197  0.17621069 0.21702106 0.23673582\n 0.29587683 0.23500125 0.31759948 0.22893377 0.24766341 0.2892148\n 0.16302177 0.25925136 0.21545574 0.22610195 0.49511638 0.95639163\n 0.4035713  0.08902932]",