{
  "batch_name": "edge_detection_v1",
  "num_samples": 630,
  "num_features": 38,
  "num_classes": 3,
  "test_accuracy": 0.5396825671195984,
  "model_performance": {
    "overall_accuracy": 0.5396825671195984,
    "per_class_accuracy": {
      "0": 0.5952380895614624,
      "1": 0.523809552192688,
      "2": 0.5
    }
  },
  "feature_analysis": {
    "consistently_important": [],
    "method_specific": {},
    "feature_groups": {
      "basic_gradients": {
        "acoustic_importance": 0.19546411990335114,
        "impulse_importance": 0.0,
        "acoustic_vs_impulse_ratio": Infinity
      }
    },
    "top_features": [
      1,
      18,
      24,
      0,
      29,
      35,
      6,
      17,
      30,
      34
    ]
  },
  "saliency_maps_summary": {
    "basic_gradients": {
      "gradients": "[[ 8.47804621e-02 -7.49502003e-01  1.15336411e-01  2.89942503e-01\n   3.49275887e-01 -1.83084577e-01 -1.35748953e-01  9.28243995e-02\n   9.87209454e-02 -7.69945085e-02 -3.57394665e-01  1.45096660e-01\n  -3.66062373e-01  2.33306170e-01  3.14417124e-01  3.77379417e-01\n  -3.65152836e-01  1.42186031e-01  9.35226679e-01  5.61084926e-01\n  -2.49990597e-01  1.48985803e-01  2.71200687e-01  6.59478486e-01\n   6.22654080e-01  1.23140082e-01  9.16830078e-02  2.63866097e-01\n  -3.65397871e-01 -4.55302835e-01  4.08920854e-01  6.85256779e-01\n  -1.23685844e-01  6.02786183e-01  9.10087049e-01  5.66264838e-02\n  -3.74894232e-01 -4.04155031e-02]\n [ 1.31626558e-02  2.26228461e-02  1.41406409e-03  5.29001793e-03\n  -1.17650367e-02 -1.33879890e-03  8.68802017e-04  9.54971358e-04\n  -3.99561832e-03  5.98820997e-03  1.35201926e-03 -3.50949471e-03\n   5.34791220e-03 -5.81534533e-03  1.51123945e-03  9.80792567e-04\n  -3.86703340e-03  6.11216808e-03 -6.61534490e-04 -2.52810493e-03\n  -3.16357124e-03  1.24681694e-03  4.38437285e-03 -1.96070221e-04\n  -9.40838829e-03  1.24392204e-03 -2.24495702e-03 -1.30517315e-03\n   6.30533381e-04  8.31603352e-03  6.73736120e-03 -7.64649874e-03\n  -2.96082394e-03 -6.54528243e-03 -6.71085482e-03 -5.01365343e-04\n  -2.86357943e-03  5.54655073e-03]\n [-9.61972587e-03 -1.60868485e-02 -4.48555080e-03 -2.37398986e-02\n   9.39307269e-03 -1.22913821e-02 -4.59092343e-03 -7.83140771e-03\n  -6.03904075e-04  3.00262473e-03  3.42056574e-03  2.88994610e-03\n  -1.68599561e-03 -1.37699842e-02  1.83259342e-02 -1.40862381e-02\n   1.31905973e-02 -2.96320207e-02 -1.94723234e-02  6.52195793e-03\n   4.68384800e-03  9.07399785e-03 -1.53787073e-03 -9.19999834e-03\n  -1.74705478e-04 -3.63910710e-03 -1.11061130e-02 -1.34198405e-02\n   4.01775166e-03 -9.36183427e-03 -1.60057971e-04 -8.47642589e-03\n  -1.54249952e-03  2.64555123e-03  1.20507265e-02 -3.68175171e-02\n  -6.84284512e-03  1.73418352e-03]\n [ 2.27558371e-02 -3.18425953e-01  3.60040925e-02  2.55667955e-01\n   4.37366404e-02 -1.53881833e-01 -1.54263437e-01 -2.98589654e-02\n   2.66591221e-01  1.36627182e-01 -2.73822993e-02 -2.58124433e-02\n  -8.90131369e-02  1.16994530e-02  9.53752249e-02  6.49574548e-02\n  -2.43353993e-01  1.94836929e-01  3.72691840e-01  1.22948088e-01\n  -2.14040205e-01 -3.30857076e-02  3.57692212e-01  1.85329258e-01\n   3.53355944e-01 -1.41990796e-01 -6.15438104e-01  7.74880275e-02\n  -4.54505347e-02 -5.39385617e-01  3.72417480e-01  3.36896360e-01\n  -4.72285002e-02  6.98073730e-02  1.25545979e-01 -4.43110950e-02\n  -5.69416173e-02  3.45963299e-01]\n [-1.70250669e-01 -1.28017738e-01  1.76219106e-01  1.43373743e-01\n  -1.08313628e-01  2.06522763e-01  1.18681133e-01  1.43077850e-01\n  -1.48952767e-01 -8.91062617e-02  5.91363618e-03 -4.66663055e-02\n  -8.47576559e-02  4.50432837e-01 -4.55329657e-01  3.13380361e-01\n  -2.14093834e-01  3.15088451e-01  2.62949854e-01 -2.36576229e-01\n  -1.32931739e-01 -1.94304958e-01  6.23920634e-02  1.48559362e-01\n   4.05770987e-02  3.10436010e-01  5.70843369e-03  3.71195287e-01\n   7.76029080e-02  3.18107039e-01  3.21328849e-01  2.23949805e-01\n   2.53344886e-02  6.63129538e-02 -1.83670968e-01  2.81464398e-01\n   1.91195890e-01 -3.02958161e-01]\n [-1.70850698e-02 -3.30798910e-03 -5.96666755e-03  5.10106832e-02\n  -1.50679634e-03  1.95909441e-02  3.51997302e-03 -2.66653337e-02\n   6.54029613e-03  2.77644303e-03 -1.35725671e-02 -9.94028058e-03\n   2.91808061e-02 -4.09051357e-03 -4.56600375e-02 -4.80512885e-04\n  -4.34426703e-02  8.78816321e-02 -6.70816330e-03 -2.57281139e-02\n   2.07614666e-03 -3.19619514e-02 -1.44668920e-02 -3.24515887e-02\n   2.10653562e-02 -6.38346755e-05  9.61099844e-03  1.31058171e-02\n  -3.72624537e-03 -2.19959244e-02 -2.12970059e-02  1.22389272e-02\n   1.20319566e-02 -2.52773594e-02 -5.55784218e-02  1.04494587e-01\n   4.05991152e-02  1.24880401e-02]\n [ 4.54887956e-01  9.09357250e-01  1.22627065e-01  9.28608105e-02\n  -1.93862379e-01 -9.08850867e-04  4.43970650e-01 -5.97957242e-03\n  -1.08714186e-01  2.94353694e-01  9.94327813e-02 -3.35007645e-02\n   2.06842691e-01 -1.44384503e-01  5.20295203e-02  1.28189519e-01\n  -7.49177486e-02 -3.46263111e-01  3.76212671e-02 -4.80148531e-02\n  -8.96410197e-02 -1.58132121e-01  1.33035287e-01 -7.30405003e-02\n  -6.03171825e-01  4.87433933e-02  5.23165353e-02 -9.72149745e-02\n   1.56485975e-01  1.43840641e-01  8.07835534e-02 -5.04298747e-01\n  -1.00806281e-01 -1.15075253e-01 -5.55869006e-02 -6.03508115e-01\n  -6.18267022e-02  1.57435745e-01]\n [-2.02265906e+00 -3.46436071e+00 -2.83911265e-02 -9.07480493e-02\n   1.08881700e+00  9.75166634e-02 -1.68121648e+00 -7.10137129e-01\n  -1.97690547e-01 -1.35258150e+00  2.11943731e-01 -2.60338336e-01\n   3.50121647e-01 -7.29867145e-02 -3.81648213e-01  2.29962450e-02\n  -3.95630032e-01  5.70648670e-01 -1.40278625e+00 -3.45056862e-01\n   1.29655050e-02  1.65025331e-02 -9.65229690e-01  4.38206121e-02\n   2.15508008e+00  8.02739978e-01  4.29195166e-01  6.93142772e-01\n  -1.03714345e-02 -1.63477051e+00 -3.68782908e-01  9.38057154e-02\n  -1.49949297e-01 -5.59388816e-01  2.65965581e-01  1.21799910e+00\n   1.31531835e-01 -6.77516460e-01]\n [-5.71027875e-01 -7.93957531e-01 -9.68020130e-03 -2.80395120e-01\n   1.57298908e-01  1.60678744e-01 -4.74374086e-01 -1.21356130e-01\n   1.12504829e-02 -2.01834887e-01 -2.98850201e-02 -5.82877174e-02\n   2.72600114e-01 -3.56072098e-01 -6.10685766e-01 -3.86850148e-01\n   2.39534274e-01  7.74567664e-01 -1.45832098e+00 -3.59752029e-01\n   3.29107314e-01  1.16119049e-01 -3.10596108e-01 -6.95619345e-01\n   5.72895169e-01 -1.62201047e-01  4.10925895e-01  3.66697073e-01\n   1.04302503e-01  1.13304637e-01 -7.96700060e-01 -3.88792306e-01\n   2.29974940e-01 -2.56852627e-01 -7.23175943e-01  8.82830083e-01\n   4.26341891e-01 -3.95890772e-01]\n [-1.11325458e-02 -1.41822770e-02 -5.04715892e-04  3.27830040e-03\n   1.49169296e-03  2.98549118e-03 -7.92131294e-03 -5.56820398e-03\n  -1.15283283e-05 -3.50248953e-03  1.53136835e-03 -1.94628688e-03\n   3.15259863e-03 -2.70916935e-04 -7.04390323e-03 -2.84627720e-04\n  -4.86106239e-03  1.06040277e-02 -4.91410960e-03 -3.80577636e-03\n  -2.30432255e-03 -7.94398133e-03 -5.90110896e-03 -2.89482577e-03\n   8.27408209e-03  2.85024149e-03 -2.29285186e-04  1.67103554e-03\n  -3.84587438e-05 -1.01738740e-02 -2.79375492e-03  7.88943726e-04\n  -2.24347506e-03 -4.08736290e-03 -3.82828270e-03  9.49117634e-03\n   6.13013655e-03  1.36802369e-03]]",
      "mean_absolute_gradient": "[0.33773616 0.64198214 0.0500629  0.1236307  0.19654611 0.08388001\n 0.30251557 0.11442538 0.08430715 0.21667679 0.07518287 0.05879883\n 0.14087649 0.12928286 0.19820267 0.13095853 0.1598044  0.24778208\n 0.45013532 0.1712017  0.10409043 0.0717357  0.21264362 0.18505901\n 0.4386657  0.15970483 0.16284584 0.18991062 0.07680242 0.32545587\n 0.2379922  0.22621505 0.06957581 0.17087787 0.23422007 0.3238044\n 0.12991677 0.19413169]",