{
  "batch_name": "collected_data_runs_2025_12_16_v3",
  "num_samples": 3121,
  "num_features": 38,
  "classes": [
    "contact",
    "edge",
    "no_contact"
  ],
  "class_distribution": {
    "contact": "725",
    "edge": "1951",
    "no_contact": "445"
  },
  "cv_results": {
    "Random Forest": {
      "scores": [
        0.8336,
        0.8397435897435898,
        0.7932692307692307,
        0.8189102564102564,
        0.8301282051282052
      ],
      "mean_accuracy": 0.8231302564102563,
      "std_accuracy": 0.016395602543807022,
      "best_score": 0.8397435897435898,
      "worst_score": 0.7932692307692307
    },
    "SVM (RBF)": {
      "scores": [
        0.7856,
        0.7948717948717948,
        0.782051282051282,
        0.7708333333333334,
        0.7916666666666666
      ],
      "mean_accuracy": 0.7850046153846153,
      "std_accuracy": 0.008386251294969612,
      "best_score": 0.7948717948717948,
      "worst_score": 0.7708333333333334
    },
    "SVM (Linear)": {
      "scores": [
        0.7632,
        0.7980769230769231,
        0.7868589743589743,
        0.7740384615384616,
        0.7692307692307693
      ],
      "mean_accuracy": 0.7782810256410257,
      "std_accuracy": 0.012592081520871405,
      "best_score": 0.7980769230769231,
      "worst_score": 0.7632
    },
    "K-NN": {
      "scores": [
        0.696,
        0.7035256410256411,
        0.6875,
        0.6971153846153846,
        0.6907051282051282
      ],
      "mean_accuracy": 0.6949692307692308,
      "std_accuracy": 0.005529061348469099,
      "best_score": 0.7035256410256411,
      "worst_score": 0.6875
    },
    "Logistic Regression": {
      "scores": [
        0.752,
        0.7836538461538461,
        0.7596153846153846,
        0.7532051282051282,
        0.7419871794871795
      ],
      "mean_accuracy": 0.7580923076923076,
      "std_accuracy": 0.013972028504806262,
      "best_score": 0.7836538461538461,
      "worst_score": 0.7419871794871795
    },
    "Gradient Boosting": {
      "scores": [
        0.8304,
        0.8413461538461539,
        0.8205128205128205,
        0.8141025641025641,
        0.8381410256410257
      ],
      "mean_accuracy": 0.8289005128205128,
      "std_accuracy": 0.010313701450344482,
      "best_score": 0.8413461538461539,
      "worst_score": 0.8141025641025641
    },
    "Extra Trees": {
      "scores": [
        0.8304,
        0.8381410256410257,
        0.7996794871794872,
        0.8157051282051282,
        0.8221153846153846
      ],
      "mean_accuracy": 0.8212082051282051,
      "std_accuracy": 0.013159042748188488,
      "best_score": 0.8381410256410257,
      "worst_score": 0.7996794871794872
    },
    "AdaBoost": {
      "scores": [
        0.7296,
        0.7323717948717948,
        0.7339743589743589,
        0.7403846153846154,
        0.7580128205128205
      ],
      "mean_accuracy": 0.738868717948718,
      "std_accuracy": 0.010206551814116937,
      "best_score": 0.7580128205128205,
      "worst_score": 0.7296
    },
    "XGBoost": {
      "scores": [
        0.8672,
        0.8589743589743589,
        0.8589743589743589,
        0.8605769230769231,
        0.8717948717948718
      ],
      "mean_accuracy": 0.8635041025641026,
      "std_accuracy": 0.0051381328519678115,
      "best_score": 0.8717948717948718,
      "worst_score": 0.8589743589743589
    },
    "Naive Bayes": {
      "scores": [
        0.5216,
        0.5368589743589743,
        0.5448717948717948,
        0.4567307692307692,
        0.46794871794871795
      ],
      "mean_accuracy": 0.5056020512820513,
      "std_accuracy": 0.03628007190034242,
      "best_score": 0.5448717948717948,
      "worst_score": 0.4567307692307692
    },
    "Quadratic Discriminant Analysis": {
      "scores": [
        0.744,
        0.7580128205128205,
        0.7115384615384616,
        0.7147435897435898,
        0.7035256410256411
      ],
      "mean_accuracy": 0.7263641025641026,
      "std_accuracy": 0.020924136788138478,
      "best_score": 0.7580128205128205,
      "worst_score": 0.7035256410256411
    },
    "Linear Discriminant Analysis": {
      "scores": [
        0.7632,
        0.7868589743589743,
        0.7724358974358975,
        0.7692307692307693,
        0.7644230769230769
      ],
      "mean_accuracy": 0.7712297435897435,
      "std_accuracy": 0.008491537590500768,
      "best_score": 0.7868589743589743,
      "worst_score": 0.7632
    },
    "Ensemble (RF + SVM)": {
      "scores": [
        0.8112,
        0.8237179487179487,
        0.7852564102564102,
        0.7996794871794872,
        0.8285256410256411
      ],
      "mean_accuracy": 0.8096758974358975,
      "std_accuracy": 0.015818056128085685,
      "best_score": 0.8285256410256411,
      "worst_score": 0.7852564102564102
    }
  }
}