{
  "batch_name": "combined_datasets",
  "num_samples": 5140,
  "original_dimensions": 38,
  "num_classes": 2,
  "classes": [
    "contact",
    "no_contact"
  ],
  "pca_analysis": {
    "explained_variance_ratio": [
      0.31737885728694815,
      0.14273032097643876,
      0.10270766451704574,
      0.09396202047361542,
      0.0619615328144314,
      0.05575707697068996,
      0.034022707453047286,
      0.02988023234230566,
      0.029451030607547952,
      0.02518995850823579,
      0.023040314290484296,
      0.0218357648380895,
      0.018506021402107817
    ],
    "cumulative_variance": [
      0.31737885728694815,
      0.46010917826338693,
      0.5628168427804326,
      0.6567788632540481,
      0.7187403960684795,
      0.7744974730391695,
      0.8085201804922167,
      0.8384004128345224,
      0.8678514434420703,
      0.8930414019503061,
      0.9160817162407904,
      0.9379174810788798,
      0.9564235024809876,
      0.9657510598603003,
      0.9740022230335513,
      0.9792892449028594,
      0.983852487228257,
      0.9879226216124288,
      0.9906486018600533,
      0.9930750305880724,
      0.9951715439581779,
      0.996329013364211,
      0.9972682345999201,
      0.9979381133418281,
      0.998380438097867,
      0.998755112891086,
      0.9990486465373313,
      0.9993177360145579,
      0.9995646559113983,
      0.9997064778614145,
      0.9998189694144237,
      0.9999029360369343,
      0.9999573373892767,
      0.9999950684361405,
      0.9999982901614038,
      0.9999999999999999,
      0.9999999999999999,
      0.9999999999999999
    ],
    "components_for_95_variance": 13,
    "n_components_used": 13,
    "total_explained_variance": 0.9564235024809876
  },
  "tsne_analysis": {
    "methods_tested": [
      "perplexity_5",
      "perplexity_10",
      "perplexity_20",
      "perplexity_30",
      "perplexity_50",
      "best_perplexity",
      "silhouette_score"
    ],
    "best_perplexity": 10,
    "best_silhouette_score": 0.07619888335466385,
    "perplexity_results": {
      "perplexity_5": {
        "perplexity": 5,
        "silhouette_score": 0.06454817205667496,
        "kl_divergence": 1.755307674407959
      },
      "perplexity_10": {
        "perplexity": 10,
        "silhouette_score": 0.07619888335466385,
        "kl_divergence": 1.789115071296692
      },
      "perplexity_20": {
        "perplexity": 20,
        "silhouette_score": 0.06290020793676376,
        "kl_divergence": 1.7350327968597412
      },
      "perplexity_30": {
        "perplexity": 30,
        "silhouette_score": 0.05814303830265999,
        "kl_divergence": 1.6783926486968994
      },
      "perplexity_50": {
        "perplexity": 50,
        "silhouette_score": 0.052711207419633865,
        "kl_divergence": 1.5712889432907104
      }
    }
  }
}