{
  "batch_name": "reduce_signal_time_experiment_ablation",
  "num_samples": 150,
  "num_features": 38,
  "num_classes": 3,
  "test_accuracy": 0.9666666388511658,
  "model_performance": {
    "overall_accuracy": 0.9666666388511658,
    "per_class_accuracy": {
      "0": 1.0,
      "1": 0.8999999761581421,
      "2": 1.0
    }
  },
  "feature_analysis": {
    "consistently_important": [],
    "method_specific": {},
    "feature_groups": {
      "basic_gradients": {
        "acoustic_importance": 0.12969413263061524,
        "impulse_importance": 0.0,
        "acoustic_vs_impulse_ratio": Infinity
      }
    },
    "top_features": [
      18,
      24,
      25,
      1,
      22,
      19,
      35,
      17,
      31,
      26
    ]
  },
  "saliency_maps_summary": {
    "basic_gradients": {
      "gradients": "[[ 1.69633568e-05  2.92619643e-05 -3.09840544e-07  2.15741111e-05\n  -3.06719767e-06 -2.23071697e-06 -1.80726420e-06  3.50654273e-06\n  -5.73246052e-06  1.31458692e-05  1.49028256e-05  2.65127655e-05\n   6.68908478e-06 -1.29529935e-05 -4.47456296e-06 -9.87215026e-06\n  -5.28588271e-06  2.03270538e-05  1.85118934e-05  1.25940187e-05\n   1.37497200e-05 -2.42822334e-05  1.02977410e-05  2.37152581e-05\n   2.10450635e-05  1.83422853e-05  3.33963544e-05 -3.32881391e-05\n  -3.36637240e-05 -3.63243744e-05 -7.33907837e-06  3.38241807e-05\n   2.15928285e-05  2.58666387e-05  2.27947112e-05  1.59859192e-05\n   1.34193524e-05 -1.29360706e-05]\n [-4.63067496e-04 -3.25806439e-04 -4.39965632e-03  3.34546529e-03\n   2.45634676e-03  3.70302564e-03 -3.99305951e-03  8.57091695e-03\n  -9.08415485e-03 -3.78829776e-03 -4.36954480e-03  4.42973198e-03\n   9.47423372e-03  6.30022120e-03  4.81982157e-03  3.55080003e-03\n  -1.65497120e-02  2.34916303e-02 -1.18219918e-02 -7.60937203e-03\n   5.44926338e-03 -1.06908334e-02 -1.02100009e-02  1.84925236e-02\n  -1.37047134e-02 -1.10890428e-02  1.55070107e-02 -2.33115610e-02\n  -2.61607133e-02 -2.99033895e-02 -6.30068080e-03  3.20130326e-02\n   6.64283335e-03  5.80909103e-03  1.74053293e-02  2.30728202e-02\n  -7.78150279e-03 -3.74831422e-03]\n [-1.19373953e+00 -2.96651649e+00 -3.74708325e-01 -7.60501623e-01\n   8.54082882e-01  1.14054307e-01 -6.42873824e-01  3.79971921e-01\n  -4.99392688e-01 -1.07928264e+00 -1.41832089e+00 -1.50459397e+00\n   1.86639149e-02  1.19383419e+00  6.94605649e-01  7.00375915e-01\n  -1.17897129e+00  2.22181559e+00 -3.85075879e+00 -2.60876942e+00\n  -6.21999025e-01  1.45982325e+00 -2.85709739e+00 -1.26237646e-01\n  -3.84748769e+00 -3.17434478e+00 -1.85795426e+00 -2.83958912e-01\n  -4.79570329e-01 -8.39830160e-01 -2.33922437e-01  2.04646444e+00\n  -6.48052454e-01 -9.98903215e-01  6.87543750e-01  2.43931079e+00\n  -1.66129315e+00  9.30072144e-02]\n [ 1.68022380e-05  2.69410193e-05  5.51274638e-07  2.08322508e-05\n  -2.69438192e-06 -7.33377448e-09 -3.08384642e-06  3.91104550e-06\n  -7.31467071e-06  1.12843009e-05  1.25038978e-05  2.49155328e-05\n   6.62678758e-06 -1.29973741e-05 -3.11904250e-06 -9.24015603e-06\n  -6.53875122e-06  1.99776150e-05  1.63104323e-05  1.02375498e-05\n   1.31653005e-05 -2.49609493e-05  6.86889553e-06  2.29061880e-05\n   1.70844560e-05  1.68571223e-05  3.00355259e-05 -3.42445928e-05\n  -3.52561292e-05 -3.79951307e-05 -7.46862861e-06  3.57177414e-05\n   2.04359094e-05  2.46944965e-05  2.37234635e-05  1.81708983e-05\n   1.32431924e-05 -1.29465852e-05]\n [ 1.43102488e-05  2.70705514e-05 -8.41000769e-07  2.03160671e-05\n  -2.45800379e-06  1.05752792e-06 -1.28199667e-06  4.01352509e-06\n  -1.25590923e-05  1.25978431e-05  1.32088135e-05  2.57462016e-05\n   3.55323891e-06 -1.15005196e-05 -1.27942974e-06 -6.20563878e-06\n  -9.72981707e-06  2.77348427e-05  1.30870803e-05  6.92629055e-06\n   1.18462976e-05 -2.54896968e-05  7.19585842e-07  2.73383230e-05\n   1.57099621e-05  1.56158421e-05  3.40391125e-05 -3.80932252e-05\n  -4.02612277e-05 -4.40836993e-05 -8.51349341e-06  4.58243958e-05\n   2.37290806e-05  2.42113929e-05  2.76965438e-05  2.43535869e-05\n   1.09025768e-05 -1.45444046e-05]\n [ 1.88140827e-03  2.98476103e-03  6.27464266e-04  5.69938507e-04\n  -1.15568540e-03 -1.55514118e-03  5.92557131e-04  5.59856824e-04\n   1.93162076e-03  1.49625971e-03  2.10862770e-03  2.26717931e-03\n  -4.90245817e-04 -1.37859921e-03 -1.34061940e-03 -1.43159053e-03\n   1.52859499e-03 -2.87295599e-03  4.52407124e-03  3.53650097e-03\n   6.22851425e-04 -9.97645198e-04  3.04710376e-03 -6.01008476e-04\n   5.47095528e-03  4.21776436e-03  1.64054532e-03  1.30712730e-03\n   1.61849358e-03  1.87627447e-03  2.54661310e-04 -3.37849720e-03\n   1.10431784e-03  1.35179725e-03 -1.36602006e-03 -3.41920275e-03\n   1.77448976e-03  2.44140654e-04]\n [ 3.34882818e-04  9.31210117e-04  7.63717762e-05  9.44801141e-05\n  -2.38968438e-04 -1.26277242e-04  2.69520562e-04 -1.22069359e-04\n   1.98043563e-04  4.33998619e-04  3.65327345e-04  4.00532590e-04\n  -1.67063568e-04 -3.33412172e-04 -3.20515188e-04 -8.63578680e-05\n   4.15146264e-04 -8.63169960e-04  1.31065166e-03  9.04681627e-04\n   1.76848524e-04 -4.42157092e-04  9.93207912e-04  4.29016945e-05\n   1.31549849e-03  1.14388950e-03  7.21452176e-04  1.87083016e-04\n   1.94141641e-04  4.05814120e-04  1.17274867e-04 -8.71569500e-04\n   1.71400141e-04  1.69741310e-04 -3.33932170e-04 -9.89356893e-04\n   5.01514995e-04  5.76348830e-05]\n [-9.77427815e-04 -6.94131339e-03  1.58335734e-03  1.82980718e-03\n   2.86336802e-03  2.01370637e-03 -3.87010328e-03 -3.91475065e-03\n  -2.51024310e-03 -2.72741279e-04 -1.85035728e-03 -1.15429307e-03\n   5.50753961e-04  7.48334336e-04  1.58298702e-03 -1.37311523e-03\n   1.18899473e-03  6.70709647e-03 -1.05505493e-02 -7.29445880e-03\n  -6.17974089e-04  7.80086778e-03 -6.42494764e-03 -1.41195499e-03\n  -1.00728292e-02 -8.85383505e-03 -7.21622864e-03  1.60833448e-03\n   2.25317129e-03  1.55924261e-03  8.38657666e-04  5.36912866e-03\n   5.76142862e-04  3.32255207e-04  2.48840917e-03  8.25642701e-03\n  -9.16070188e-04 -1.98790641e-03]\n [ 1.54936482e-04  9.22074832e-05  6.93985057e-05  1.14000482e-04\n  -3.68955989e-05 -1.61596428e-04 -4.86501403e-06 -9.80652476e-05\n   2.07438963e-04  1.71183958e-04  2.26929900e-04  1.97663641e-04\n  -2.67873220e-05 -1.32882065e-04 -1.69863008e-04 -2.40204739e-04\n   3.45381064e-04 -3.21547384e-04  2.73990008e-04  2.67383031e-04\n   5.93629848e-05  2.15042601e-04  2.41664835e-04 -2.15825814e-04\n   3.27660964e-04  2.38946304e-04 -6.23781598e-05  2.71710305e-04\n   4.02192702e-04  4.87889862e-04  4.06120707e-05 -4.53501736e-04\n   1.62668686e-04  1.12809670e-04 -1.87409023e-04 -2.98759027e-04\n   2.19335474e-04 -7.18051524e-05]\n [ 1.14876055e-03  2.64832377e-03  3.34670709e-04  6.81173289e-04\n  -7.28241517e-04 -8.32772057e-04  6.31804462e-04 -1.36248404e-04\n   1.69940223e-03  1.12495373e-03  1.70592428e-03  1.74602005e-03\n  -2.17933411e-05 -1.37588743e-03 -6.83819642e-04 -1.13719818e-03\n   1.28522911e-03 -1.77175365e-03  3.49473930e-03  2.50965240e-03\n   3.02892644e-04 -6.35301054e-04  2.29431456e-03  7.87036697e-05\n   3.65355005e-03  2.87111755e-03  1.49497401e-03  6.55729324e-04\n   5.93558943e-04  1.04199769e-03 -1.58533847e-04 -1.63229345e-03\n   8.55501916e-04  9.87599487e-04 -6.16639038e-04 -2.53148517e-03\n   1.50483067e-03 -9.75050934e-05]]",
      "mean_absolute_gradient": "[0.11987481 0.29805237 0.03818009 0.07671992 0.08615705 0.01224501\n 0.0652242  0.03933853 0.05150492 0.10866074 0.14289883 0.15148667\n 0.00294117 0.1204141  0.07035321 0.07082205 0.12003058 0.22579117\n 0.38827825 0.2630921  0.0629267  0.14806798 0.28803265 0.01471545\n 0.3882087  0.32028103 0.18846944 0.03114061 0.05109017 0.08752231\n 0.02416562 0.20902976 0.06576311 0.10077413 0.07100157 0.24779372\n 0.16740283 0.00992549]",