{
  "batch_name": "balanced_collected_data_2025_12_16_v3_undersample",
  "num_samples": 1335,
  "num_features": 38,
  "classes": [
    "contact",
    "edge",
    "no_contact"
  ],
  "class_distribution": {
    "contact": "445",
    "edge": "445",
    "no_contact": "445"
  },
  "cv_results": {
    "Random Forest": {
      "scores": [
        0.6816479400749064,
        0.6554307116104869,
        0.651685393258427,
        0.6104868913857678,
        0.704119850187266
      ],
      "mean_accuracy": 0.6606741573033708,
      "std_accuracy": 0.031478503954233246,
      "best_score": 0.704119850187266,
      "worst_score": 0.6104868913857678
    },
    "SVM (RBF)": {
      "scores": [
        0.6853932584269663,
        0.602996254681648,
        0.6441947565543071,
        0.5880149812734082,
        0.6479400749063671
      ],
      "mean_accuracy": 0.6337078651685394,
      "std_accuracy": 0.03468415551397821,
      "best_score": 0.6853932584269663,
      "worst_score": 0.5880149812734082
    },
    "SVM (Linear)": {
      "scores": [
        0.700374531835206,
        0.6666666666666666,
        0.6479400749063671,
        0.6367041198501873,
        0.6891385767790262
      ],
      "mean_accuracy": 0.6681647940074906,
      "std_accuracy": 0.023993434274227676,
      "best_score": 0.700374531835206,
      "worst_score": 0.6367041198501873
    },
    "K-NN": {
      "scores": [
        0.5692883895131086,
        0.6142322097378277,
        0.6217228464419475,
        0.5205992509363296,
        0.6404494382022472
      ],
      "mean_accuracy": 0.593258426966292,
      "std_accuracy": 0.04319961304957665,
      "best_score": 0.6404494382022472,
      "worst_score": 0.5205992509363296
    },
    "Logistic Regression": {
      "scores": [
        0.6666666666666666,
        0.6479400749063671,
        0.6741573033707865,
        0.6367041198501873,
        0.6816479400749064
      ],
      "mean_accuracy": 0.6614232209737827,
      "std_accuracy": 0.016682440038442003,
      "best_score": 0.6816479400749064,
      "worst_score": 0.6367041198501873
    },
    "Gradient Boosting": {
      "scores": [
        0.6329588014981273,
        0.6292134831460674,
        0.651685393258427,
        0.6179775280898876,
        0.6591760299625468
      ],
      "mean_accuracy": 0.6382022471910112,
      "std_accuracy": 0.015093214741280819,
      "best_score": 0.6591760299625468,
      "worst_score": 0.6179775280898876
    },
    "Extra Trees": {
      "scores": [
        0.6629213483146067,
        0.6554307116104869,
        0.6928838951310862,
        0.6179775280898876,
        0.6853932584269663
      ],
      "mean_accuracy": 0.6629213483146068,
      "std_accuracy": 0.02637725372533187,
      "best_score": 0.6928838951310862,
      "worst_score": 0.6179775280898876
    },
    "AdaBoost": {
      "scores": [
        0.6067415730337079,
        0.602996254681648,
        0.6067415730337079,
        0.5842696629213483,
        0.6104868913857678
      ],
      "mean_accuracy": 0.602247191011236,
      "std_accuracy": 0.009295635689880814,
      "best_score": 0.6104868913857678,
      "worst_score": 0.5842696629213483
    },
    "XGBoost": {
      "scores": [
        0.6404494382022472,
        0.6104868913857678,
        0.6404494382022472,
        0.6554307116104869,
        0.6629213483146067
      ],
      "mean_accuracy": 0.6419475655430712,
      "std_accuracy": 0.017977528089887618,
      "best_score": 0.6629213483146067,
      "worst_score": 0.6104868913857678
    },
    "Naive Bayes": {
      "scores": [
        0.44569288389513106,
        0.5131086142322098,
        0.5318352059925093,
        0.4868913857677903,
        0.5805243445692884
      ],
      "mean_accuracy": 0.5116104868913858,
      "std_accuracy": 0.04498125781573761,
      "best_score": 0.5805243445692884,
      "worst_score": 0.44569288389513106
    },
    "Quadratic Discriminant Analysis": {
      "scores": [
        0.5318352059925093,
        0.550561797752809,
        0.5730337078651685,
        0.5580524344569289,
        0.5730337078651685
      ],
      "mean_accuracy": 0.5573033707865169,
      "std_accuracy": 0.015424165005223962,
      "best_score": 0.5730337078651685,
      "worst_score": 0.5318352059925093
    },
    "Linear Discriminant Analysis": {
      "scores": [
        0.704119850187266,
        0.6629213483146067,
        0.651685393258427,
        0.6479400749063671,
        0.700374531835206
      ],
      "mean_accuracy": 0.6734082397003746,
      "std_accuracy": 0.024086794293353614,
      "best_score": 0.704119850187266,
      "worst_score": 0.6479400749063671
    },
    "Ensemble (RF + SVM)": {
      "scores": [
        0.6966292134831461,
        0.6441947565543071,
        0.651685393258427,
        0.602996254681648,
        0.6779026217228464
      ],
      "mean_accuracy": 0.654681647940075,
      "std_accuracy": 0.03190342987123124,
      "best_score": 0.6966292134831461,
      "worst_score": 0.602996254681648
    }
  }
}