{
  "batch_name": "balanced_collected_data_runs_2026_01_14_workspace_3_v1_undersample",
  "num_samples": 2475,
  "num_classes": 3,
  "classes": [
    "contact",
    "edge",
    "no_contact"
  ],
  "best_classifier": {
    "name": "XGBoost",
    "mean_accuracy": 0.7814141414141414,
    "std_accuracy": 0.019309580840967306
  },
  "worst_classifier": {
    "name": "Naive Bayes",
    "mean_accuracy": 0.5959595959595959,
    "std_accuracy": 0.01670793788132148
  },
  "all_classifiers_performance": {
    "Random Forest": {
      "mean_accuracy": 0.7753535353535354,
      "std_accuracy": 0.017161018651794195
    },
    "SVM (RBF)": {
      "mean_accuracy": 0.7119191919191918,
      "std_accuracy": 0.017546707677259347
    },
    "SVM (Linear)": {
      "mean_accuracy": 0.6731313131313131,
      "std_accuracy": 0.02029875828215024
    },
    "K-NN": {
      "mean_accuracy": 0.6610101010101009,
      "std_accuracy": 0.010489498978381534
    },
    "Logistic Regression": {
      "mean_accuracy": 0.6642424242424242,
      "std_accuracy": 0.021356889351761627
    },
    "Gradient Boosting": {
      "mean_accuracy": 0.7583838383838384,
      "std_accuracy": 0.024195240277300793
    },
    "Extra Trees": {
      "mean_accuracy": 0.7701010101010102,
      "std_accuracy": 0.02711589775444449
    },
    "AdaBoost": {
      "mean_accuracy": 0.6290909090909091,
      "std_accuracy": 0.03782905826503573
    },
    "XGBoost": {
      "mean_accuracy": 0.7814141414141414,
      "std_accuracy": 0.019309580840967306
    },
    "Naive Bayes": {
      "mean_accuracy": 0.5959595959595959,
      "std_accuracy": 0.01670793788132148
    },
    "Quadratic Discriminant Analysis": {
      "mean_accuracy": 0.675959595959596,
      "std_accuracy": 0.04091794392298073
    },
    "Linear Discriminant Analysis": {
      "mean_accuracy": 0.6626262626262627,
      "std_accuracy": 0.01370167673358638
    },
    "Ensemble (RF + SVM)": {
      "mean_accuracy": 0.7527272727272727,
      "std_accuracy": 0.025795377292141205
    }
  }
}