{
  "batch_name": "balanced_collected_data_runs_2026_01_14_workspace_3_v1_undersample",
  "num_samples": 2475,
  "num_features": 38,
  "classes": [
    "contact",
    "edge",
    "no_contact"
  ],
  "class_distribution": {
    "contact": "825",
    "edge": "825",
    "no_contact": "825"
  },
  "cv_results": {
    "Random Forest": {
      "scores": [
        0.7555555555555555,
        0.7797979797979798,
        0.797979797979798,
        0.7878787878787878,
        0.7555555555555555
      ],
      "mean_accuracy": 0.7753535353535354,
      "std_accuracy": 0.017161018651794195,
      "best_score": 0.797979797979798,
      "worst_score": 0.7555555555555555
    },
    "SVM (RBF)": {
      "scores": [
        0.7171717171717171,
        0.694949494949495,
        0.7171717171717171,
        0.7393939393939394,
        0.6909090909090909
      ],
      "mean_accuracy": 0.7119191919191918,
      "std_accuracy": 0.017546707677259347,
      "best_score": 0.7393939393939394,
      "worst_score": 0.6909090909090909
    },
    "SVM (Linear)": {
      "scores": [
        0.6888888888888889,
        0.6686868686868687,
        0.6646464646464646,
        0.701010101010101,
        0.6424242424242425
      ],
      "mean_accuracy": 0.6731313131313131,
      "std_accuracy": 0.02029875828215024,
      "best_score": 0.701010101010101,
      "worst_score": 0.6424242424242425
    },
    "K-NN": {
      "scores": [
        0.6686868686868687,
        0.6626262626262627,
        0.6666666666666666,
        0.6404040404040404,
        0.6666666666666666
      ],
      "mean_accuracy": 0.6610101010101009,
      "std_accuracy": 0.010489498978381534,
      "best_score": 0.6686868686868687,
      "worst_score": 0.6404040404040404
    },
    "Logistic Regression": {
      "scores": [
        0.6686868686868687,
        0.6585858585858586,
        0.6626262626262627,
        0.6989898989898989,
        0.6323232323232323
      ],
      "mean_accuracy": 0.6642424242424242,
      "std_accuracy": 0.021356889351761627,
      "best_score": 0.6989898989898989,
      "worst_score": 0.6323232323232323
    },
    "Gradient Boosting": {
      "scores": [
        0.7151515151515152,
        0.7535353535353535,
        0.7777777777777778,
        0.7838383838383839,
        0.7616161616161616
      ],
      "mean_accuracy": 0.7583838383838384,
      "std_accuracy": 0.024195240277300793,
      "best_score": 0.7838383838383839,
      "worst_score": 0.7151515151515152
    },
    "Extra Trees": {
      "scores": [
        0.7515151515151515,
        0.7616161616161616,
        0.7858585858585858,
        0.8141414141414142,
        0.7373737373737373
      ],
      "mean_accuracy": 0.7701010101010102,
      "std_accuracy": 0.02711589775444449,
      "best_score": 0.8141414141414142,
      "worst_score": 0.7373737373737373
    },
    "AdaBoost": {
      "scores": [
        0.597979797979798,
        0.5797979797979798,
        0.6848484848484848,
        0.6545454545454545,
        0.6282828282828283
      ],
      "mean_accuracy": 0.6290909090909091,
      "std_accuracy": 0.03782905826503573,
      "best_score": 0.6848484848484848,
      "worst_score": 0.5797979797979798
    },
    "XGBoost": {
      "scores": [
        0.7454545454545455,
        0.7858585858585858,
        0.797979797979798,
        0.797979797979798,
        0.7797979797979798
      ],
      "mean_accuracy": 0.7814141414141414,
      "std_accuracy": 0.019309580840967306,
      "best_score": 0.797979797979798,
      "worst_score": 0.7454545454545455
    },
    "Naive Bayes": {
      "scores": [
        0.593939393939394,
        0.5757575757575758,
        0.602020202020202,
        0.6242424242424243,
        0.5838383838383838
      ],
      "mean_accuracy": 0.5959595959595959,
      "std_accuracy": 0.01670793788132148,
      "best_score": 0.6242424242424243,
      "worst_score": 0.5757575757575758
    },
    "Quadratic Discriminant Analysis": {
      "scores": [
        0.6303030303030303,
        0.6464646464646465,
        0.7272727272727273,
        0.7232323232323232,
        0.6525252525252525
      ],
      "mean_accuracy": 0.675959595959596,
      "std_accuracy": 0.04091794392298073,
      "best_score": 0.7272727272727273,
      "worst_score": 0.6303030303030303
    },
    "Linear Discriminant Analysis": {
      "scores": [
        0.6626262626262627,
        0.6686868686868687,
        0.6505050505050505,
        0.6848484848484848,
        0.6464646464646465
      ],
      "mean_accuracy": 0.6626262626262627,
      "std_accuracy": 0.01370167673358638,
      "best_score": 0.6848484848484848,
      "worst_score": 0.6464646464646465
    },
    "Ensemble (RF + SVM)": {
      "scores": [
        0.7414141414141414,
        0.7393939393939394,
        0.7717171717171717,
        0.7919191919191919,
        0.7191919191919192
      ],
      "mean_accuracy": 0.7527272727272727,
      "std_accuracy": 0.025795377292141205,
      "best_score": 0.7919191919191919,
      "worst_score": 0.7191919191919192
    }
  }
}