{
  "n_components": "14",
  "explained_variance_ratio": [
    0.30688126851782466,
    0.13374197952295144,
    0.1106255602766672,
    0.0884209536446144,
    0.06058280856918329,
    0.05407024327333751,
    0.032565032310213536,
    0.03224686578668941,
    0.02946324394206542,
    0.025333590725311782,
    0.023024567179541162,
    0.02263242219517858,
    0.018161690220809133,
    0.012828904517886555
  ],
  "total_explained_variance": 0.9505791306822742,
  "components_for_95_variance": 14
}