{
  "batch_name": "combined_datasets",
  "num_samples": 5719,
  "original_dimensions": 38,
  "num_classes": 2,
  "classes": [
    "contact",
    "no_contact"
  ],
  "pca_analysis": {
    "explained_variance_ratio": [
      0.30847060724057423,
      0.14056413226048492,
      0.1277140082328603,
      0.0840808933307728,
      0.05622869169055176,
      0.046191551989522656,
      0.032374292908479166,
      0.03075410355956139,
      0.029365416251683957,
      0.025358368038938876,
      0.02302787787126091,
      0.02259250597791457,
      0.016020253426859622,
      0.013219385927929072
    ],
    "cumulative_variance": [
      0.30847060724057423,
      0.44903473950105915,
      0.5767487477339195,
      0.6608296410646923,
      0.7170583327552441,
      0.7632498847447667,
      0.7956241776532459,
      0.8263782812128073,
      0.8557436974644913,
      0.8811020655034302,
      0.9041299433746911,
      0.9267224493526057,
      0.9427427027794654,
      0.9559620887073944,
      0.9646859706382612,
      0.9731868565512608,
      0.9795200802936754,
      0.984126080272252,
      0.9877718624402324,
      0.9903986913688364,
      0.9925400773522298,
      0.9942623612457874,
      0.9957838568290769,
      0.9968737171503462,
      0.997778349119422,
      0.9984892524856585,
      0.9988424444554446,
      0.9991346479375497,
      0.999402301106637,
      0.9996168133491914,
      0.9997730160030792,
      0.9998714552656172,
      0.9999483551637047,
      0.9999939881704608,
      0.9999977085655841,
      1.0000000000000007,
      1.0000000000000007,
      1.0000000000000007
    ],
    "components_for_95_variance": 14,
    "n_components_used": 14,
    "total_explained_variance": 0.9559620887073944
  },
  "tsne_analysis": {
    "methods_tested": [
      "perplexity_5",
      "perplexity_10",
      "perplexity_20",
      "perplexity_30",
      "perplexity_50",
      "best_perplexity",
      "silhouette_score"
    ],
    "best_perplexity": 30,
    "best_silhouette_score": 0.009867864660918713,
    "perplexity_results": {
      "perplexity_5": {
        "perplexity": 5,
        "silhouette_score": 0.009453468956053257,
        "kl_divergence": 1.9395262002944946
      },
      "perplexity_10": {
        "perplexity": 10,
        "silhouette_score": 0.009473108686506748,
        "kl_divergence": 2.00913405418396
      },
      "perplexity_20": {
        "perplexity": 20,
        "silhouette_score": 0.008785310201346874,
        "kl_divergence": 1.9954273700714111
      },
      "perplexity_30": {
        "perplexity": 30,
        "silhouette_score": 0.009867864660918713,
        "kl_divergence": 1.9371103048324585
      },
      "perplexity_50": {
        "perplexity": 50,
        "silhouette_score": 0.009270821698009968,
        "kl_divergence": 1.8304985761642456
      }
    }
  }
}