{
  "batch_name": "collected_data_runs_2025_12_11_v1",
  "num_samples": 997,
  "num_features": 38,
  "classes": [
    "contact",
    "edge",
    "no_contact"
  ],
  "class_distribution": {
    "contact": "303",
    "edge": "546",
    "no_contact": "148"
  },
  "cv_results": {
    "Random Forest": {
      "scores": [
        0.495,
        0.565,
        0.5175879396984925,
        0.5025125628140703,
        0.5175879396984925
      ],
      "mean_accuracy": 0.5195376884422112,
      "std_accuracy": 0.024357248897384626,
      "best_score": 0.565,
      "worst_score": 0.495
    },
    "SVM (RBF)": {
      "scores": [
        0.54,
        0.55,
        0.5477386934673367,
        0.542713567839196,
        0.5477386934673367
      ],
      "mean_accuracy": 0.5456381909547738,
      "std_accuracy": 0.003693026329942653,
      "best_score": 0.55,
      "worst_score": 0.54
    },
    "SVM (Linear)": {
      "scores": [
        0.545,
        0.545,
        0.5477386934673367,
        0.542713567839196,
        0.5477386934673367
      ],
      "mean_accuracy": 0.5456381909547738,
      "std_accuracy": 0.0019074704384733415,
      "best_score": 0.5477386934673367,
      "worst_score": 0.542713567839196
    },
    "K-NN": {
      "scores": [
        0.425,
        0.485,
        0.4723618090452261,
        0.4472361809045226,
        0.44221105527638194
      ],
      "mean_accuracy": 0.4543618090452261,
      "std_accuracy": 0.0215556487675049,
      "best_score": 0.485,
      "worst_score": 0.425
    },
    "Logistic Regression": {
      "scores": [
        0.5,
        0.545,
        0.49748743718592964,
        0.4824120603015075,
        0.5326633165829145
      ],
      "mean_accuracy": 0.5115125628140703,
      "std_accuracy": 0.02343008891228791,
      "best_score": 0.545,
      "worst_score": 0.4824120603015075
    },
    "Gradient Boosting": {
      "scores": [
        0.47,
        0.495,
        0.49748743718592964,
        0.457286432160804,
        0.5226130653266332
      ],
      "mean_accuracy": 0.48847738693467335,
      "std_accuracy": 0.022817797937788167,
      "best_score": 0.5226130653266332,
      "worst_score": 0.457286432160804
    },
    "Linear Discriminant Analysis": {
      "scores": [
        0.495,
        0.535,
        0.507537688442211,
        0.48743718592964824,
        0.5477386934673367
      ],
      "mean_accuracy": 0.5145427135678393,
      "std_accuracy": 0.02317831447195994,
      "best_score": 0.5477386934673367,
      "worst_score": 0.48743718592964824
    }
  }
}