{
  "batch_name": "collected_data_runs_2025_12_11_v1",
  "num_samples": 997,
  "num_classes": 3,
  "classes": [
    "contact",
    "edge",
    "no_contact"
  ],
  "best_classifier": {
    "name": "SVM (RBF)",
    "mean_accuracy": 0.5456381909547738,
    "std_accuracy": 0.003693026329942653
  },
  "worst_classifier": {
    "name": "K-NN",
    "mean_accuracy": 0.4543618090452261,
    "std_accuracy": 0.0215556487675049
  },
  "all_classifiers_performance": {
    "Random Forest": {
      "mean_accuracy": 0.5195376884422112,
      "std_accuracy": 0.024357248897384626
    },
    "SVM (RBF)": {
      "mean_accuracy": 0.5456381909547738,
      "std_accuracy": 0.003693026329942653
    },
    "SVM (Linear)": {
      "mean_accuracy": 0.5456381909547738,
      "std_accuracy": 0.0019074704384733415
    },
    "K-NN": {
      "mean_accuracy": 0.4543618090452261,
      "std_accuracy": 0.0215556487675049
    },
    "Logistic Regression": {
      "mean_accuracy": 0.5115125628140703,
      "std_accuracy": 0.02343008891228791
    },
    "Gradient Boosting": {
      "mean_accuracy": 0.48847738693467335,
      "std_accuracy": 0.022817797937788167
    },
    "Linear Discriminant Analysis": {
      "mean_accuracy": 0.5145427135678393,
      "std_accuracy": 0.02317831447195994
    }
  }
}