{
  "n_components": "13",
  "explained_variance_ratio": [
    0.3432761646932903,
    0.14476835428075258,
    0.11103783023603254,
    0.09225046172553918,
    0.04679799631690027,
    0.03859838031554056,
    0.03286729476262381,
    0.028064861965692516,
    0.026369899659415306,
    0.025103732364307605,
    0.02237540595796983,
    0.02021100731496823,
    0.01855610154178735
  ],
  "total_explained_variance": 0.9502774911348201,
  "components_for_95_variance": 13
}