{
  "batch_name": "balanced_collected_data_2025_12_16_v3_undersample",
  "num_samples": 1335,
  "original_dimensions": 38,
  "num_classes": 3,
  "classes": [
    "contact",
    "edge",
    "no_contact"
  ],
  "pca_analysis": {
    "explained_variance_ratio": [
      0.2311374328761709,
      0.19412581159456954,
      0.1101039933645752,
      0.09344086143439502,
      0.057145565810331575,
      0.05526887430322936,
      0.040973306834390724,
      0.03499058417918107,
      0.029906056481422416,
      0.02684345377380254,
      0.02214138669237296,
      0.021141772634466847,
      0.015061358409553699,
      0.013480082233583159,
      0.010919244027544467
    ],
    "cumulative_variance": [
      0.2311374328761709,
      0.42526324447074043,
      0.5353672378353156,
      0.6288080992697106,
      0.6859536650800422,
      0.7412225393832715,
      0.7821958462176622,
      0.8171864303968434,
      0.8470924868782658,
      0.8739359406520684,
      0.8960773273444413,
      0.9172190999789082,
      0.9322804583884619,
      0.9457605406220451,
      0.9566797846495896,
      0.9647937437167213,
      0.9714123602864938,
      0.977178026522802,
      0.9819337629246245,
      0.9861218222913941,
      0.9889575987603186,
      0.9912258998888831,
      0.99316476176206,
      0.9948329695689789,
      0.9963335476055188,
      0.997434577516697,
      0.9981704514461771,
      0.9988615672266347,
      0.9992734026572958,
      0.9996106267312679,
      0.9998892196922006,
      0.9999506649064516,
      0.9999838749173057,
      0.9999956815331918,
      0.9999998904842023,
      1.0,
      1.0,
      1.0
    ],
    "components_for_95_variance": 15,
    "n_components_used": 15,
    "total_explained_variance": 0.9566797846495896
  },
  "tsne_analysis": {
    "methods_tested": [
      "perplexity_5",
      "perplexity_10",
      "perplexity_20",
      "perplexity_30",
      "perplexity_50",
      "best_perplexity",
      "silhouette_score"
    ],
    "best_perplexity": 5,
    "best_silhouette_score": 0.0016301473369821906,
    "perplexity_results": {
      "perplexity_5": {
        "perplexity": 5,
        "silhouette_score": 0.0016301473369821906,
        "kl_divergence": 1.4824118614196777
      },
      "perplexity_10": {
        "perplexity": 10,
        "silhouette_score": -0.007897277362644672,
        "kl_divergence": 1.5947421789169312
      },
      "perplexity_20": {
        "perplexity": 20,
        "silhouette_score": -0.010322229005396366,
        "kl_divergence": 1.5905447006225586
      },
      "perplexity_30": {
        "perplexity": 30,
        "silhouette_score": -0.012296739034354687,
        "kl_divergence": 1.5447636842727661
      },
      "perplexity_50": {
        "perplexity": 50,
        "silhouette_score": -0.002033602213487029,
        "kl_divergence": 1.4421796798706055
      }
    }
  }
}