{
  "batch_name": "combined_datasets",
  "num_samples": 5269,
  "original_dimensions": 38,
  "num_classes": 2,
  "classes": [
    "contact",
    "no_contact"
  ],
  "pca_analysis": {
    "explained_variance_ratio": [
      0.38500675392784117,
      0.12666055012500171,
      0.09022501341736758,
      0.08165558914197324,
      0.055976151327462705,
      0.03529890104464302,
      0.03162860053682833,
      0.029465627700163352,
      0.02522404238466215,
      0.023134053286892182,
      0.022632924968266157,
      0.016677475950058248,
      0.013676048674253575,
      0.013444430908316152
    ],
    "cumulative_variance": [
      0.38500675392784117,
      0.5116673040528429,
      0.6018923174702104,
      0.6835479066121837,
      0.7395240579396464,
      0.7748229589842894,
      0.8064515595211178,
      0.8359171872212812,
      0.8611412296059433,
      0.8842752828928355,
      0.9069082078611017,
      0.9235856838111599,
      0.9372617324854134,
      0.9507061633937296,
      0.9617035766944048,
      0.9701950293834467,
      0.9763973747897039,
      0.9813029261565696,
      0.9860840376436802,
      0.988787946334478,
      0.9913350998320969,
      0.9934063640035179,
      0.9948646925461669,
      0.9960974481920577,
      0.9971459036114056,
      0.9981538543532087,
      0.9987090793644631,
      0.9991384969095035,
      0.999438862539443,
      0.9996514869486247,
      0.9998149785409318,
      0.9999197591079457,
      0.9999634045654685,
      0.9999870315216977,
      0.9999974340708417,
      1.0,
      1.0,
      1.0
    ],
    "components_for_95_variance": 14,
    "n_components_used": 14,
    "total_explained_variance": 0.9507061633937295
  },
  "tsne_analysis": {
    "methods_tested": [
      "perplexity_5",
      "perplexity_10",
      "perplexity_20",
      "perplexity_30",
      "perplexity_50",
      "best_perplexity",
      "silhouette_score"
    ],
    "best_perplexity": 5,
    "best_silhouette_score": 0.06861346960067749,
    "perplexity_results": {
      "perplexity_5": {
        "perplexity": 5,
        "silhouette_score": 0.06861346960067749,
        "kl_divergence": 1.7850364446640015
      },
      "perplexity_10": {
        "perplexity": 10,
        "silhouette_score": 0.05902484059333801,
        "kl_divergence": 1.803886890411377
      },
      "perplexity_20": {
        "perplexity": 20,
        "silhouette_score": 0.06107330694794655,
        "kl_divergence": 1.7165868282318115
      },
      "perplexity_30": {
        "perplexity": 30,
        "silhouette_score": 0.06257911771535873,
        "kl_divergence": 1.6322580575942993
      },
      "perplexity_50": {
        "perplexity": 50,
        "silhouette_score": 0.06271565705537796,
        "kl_divergence": 1.5056979656219482
      }
    }
  }
}