{
  "n_components": "14",
  "explained_variance_ratio": [
    0.3191732232053307,
    0.13038746288915212,
    0.11338828735100123,
    0.08720290867605203,
    0.06066527491466953,
    0.05224340131893201,
    0.03175953132382033,
    0.030789578162852473,
    0.02944487924922827,
    0.025184834814084095,
    0.022926388501046006,
    0.022480872682959094,
    0.01607140151187547,
    0.012128194842291714
  ],
  "total_explained_variance": 0.953846239443295,
  "components_for_95_variance": 14
}