{
  "edge": {
    "precision": 0.5121212121212121,
    "recall": 0.689795918367347,
    "f1-score": 0.5878260869565217,
    "support": 245.0
  },
  "no_surface": {
    "precision": 0.21428571428571427,
    "recall": 0.039473684210526314,
    "f1-score": 0.06666666666666667,
    "support": 76.0
  },
  "surface": {
    "precision": 0.3624161073825503,
    "recall": 0.313953488372093,
    "f1-score": 0.3364485981308411,
    "support": 172.0
  },
  "accuracy": 0.45841784989858014,
  "macro avg": {
    "precision": 0.36294101126315886,
    "recall": 0.3477410303166555,
    "f1-score": 0.33031378391800986,
    "support": 493.0
  },
  "weighted avg": {
    "precision": 0.4139776505582351,
    "recall": 0.45841784989858014,
    "f1-score": 0.41978340131748304,
    "support": 493.0
  }
}