{
  "batch_name": "soft_finger_batch_3",
  "num_samples": 150,
  "num_features": 38,
  "classes": [
    "contact",
    "edge",
    "no contact"
  ],
  "class_distribution": {
    "contact": "100",
    "edge": "50"
  },
  "feature_statistics": {
    "features_shape": [
      150,
      38
    ],
    "labels_shape": [
      150
    ],
    "feature_mean": [
      42.00118751986966,
      611.8047313561192,
      11.71875,
      0.0008161885291337967,
      10.301218454110767,
      16.439487848966472,
      23.576240027197468,
      23.825124224231985,
      23.580811581591888,
      0.04182126785318057,
      500.3125,
      0.788907056649526,
      1.6979840686008294,
      0.48405290524164835,
      5.961547342936198,
      -7.000620734389801e-05,
      7.000620734389801e-05,
      0.0012427462559814254,
      0.006213540295138955,
      0.013484094757586718,
      2.170115400950114,
      0.14627083333333335,
      0.08556935527537132,
      0.27599722310985625,
      0.003172906124964356,
      0.0032776826759800316,
      0.017219465958575406,
      5.536151262952594e-06,
      1.5505027103424072,
      1.6117344093322754,
      1.3334929913183182,
      0.002392160810219745,
      0.00014901903584056223,
      0.0013129072613082826,
      0.004097877397822837,
      0.0012427462559814254,
      0.03640934109687805,
      1.824641478061676
    ],
    "feature_std": [
      1.6616577264302586,
      15.861308685367428,
      0.0,
      1.0988202214962894e-05,
      0.8581911254003932,
      1.9065021626518257,
      3.4174118464982994,
      3.7252511053813087,
      3.5251007289197482,
      0.0018826317526554122,
      30.70660365153561,
      0.016535947396298274,
      0.2432514298782671,
      0.11374054193185351,
      0.11494370182874904,
      8.462354599745551e-07,
      8.462354599745551e-07,
      4.18498245684751e-05,
      1.1603290377060623e-05,
      7.060417567797322e-05,
      0.010777950075535801,
      0.003893756130724619,
      0.0039035741384392995,
      0.00046049986384536244,
      6.318784679912562e-06,
      5.97238654349856e-06,
      9.876538464883251e-05,
      6.457098528242279e-06,
      0.004711373823911939,
      0.019313243783910597,
      0.005566474340009632,
      1.175097895249818e-05,
      3.061072975473415e-06,
      4.92163566065872e-05,
      0.00015948874625127486,
      4.18498245684751e-05,
      0.00134014527766513,
      0.07016774014898959
    ],
    "feature_min": [
      39.503120097845894,
      584.579053190574,
      11.71875,
      0.000795001455117017,
      5.716878959024953,
      8.665612536562907,
      5.458487341261961,
      7.237366184954386,
      4.376833509390988,
      0.037478256970644,
      457.03125,
      0.7531597018241882,
      1.2580645161290323,
      0.17011429369449615,
      5.7553486824035645,
      -7.252512616354086e-05,
      6.762952093051709e-05,
      0.0011822559172287583,
      0.006142789032310247,
      0.013275551609694958,
      2.153618812561035,
      0.13622916666666668,
      0.07479646890470297,
      0.27502740813527193,
      0.0031366811599582434,
      0.003245609113946557,
      0.017037011682987213,
      3.461231079526783e-09,
      1.5305346250534058,
      1.5151915550231934,
      1.3223211204915908,
      0.0023689130321145058,
      0.00014257454313337803,
      0.0012293056352064013,
      0.0038723167963325977,
      0.0011822559172287583,
      0.033552784472703934,
      1.6940064430236816
    ],
    "feature_max": [
      44.638396111222,
      635.3832686779542,
      11.71875,
      0.0008484901627525687,
      14.288499784343822,
      25.36245797046432,
      34.6735806530023,
      42.09506257618023,
      34.344097443706325,
      0.04596230015158653,
      597.65625,
      0.8300920724868774,
      3.4,
      0.8005990386009216,
      6.229775905609131,
      -6.762952093051709e-05,
      7.252512616354086e-05,
      0.0013173558982089162,
      0.006238818168640137,
      0.0138248847797513,
      2.225776433944702,
      0.15845833333333334,
      0.10203869508044554,
      0.2781036875708147,
      0.0031843131873756647,
      0.003290790831670165,
      0.017511025071144104,
      3.064926931983791e-05,
      1.5624998807907104,
      1.6558127403259277,
      1.3609302948859634,
      0.002450354630127549,
      0.00015644585073459893,
      0.0014117967803031206,
      0.00436963327229023,
      0.0013173558982089162,
      0.03911883383989334,
      1.9513332843780518
    ]
  }
}