{
  "best_overall": {
    "accuracy": 0.7745318352059926,
    "batch": "balanced_collected_data_2025_12_16_v3_undersample",
    "classifier": "XGBoost"
  },
  "per_batch_performance": {
    "balanced_collected_data_2025_12_16_v3_undersample": {
      "best_classifier": {
        "name": "XGBoost",
        "accuracy": 0.7745318352059926
      },
      "cv_performance": {
        "Random Forest": {
          "mean_accuracy": 0.7453183520599251,
          "std_accuracy": 0.0188013489108781
        },
        "SVM (RBF)": {
          "mean_accuracy": 0.7063670411985018,
          "std_accuracy": 0.033128605823964014
        },
        "SVM (Linear)": {
          "mean_accuracy": 0.7003745318352059,
          "std_accuracy": 0.021966858874329857
        },
        "K-NN": {
          "mean_accuracy": 0.6337078651685394,
          "std_accuracy": 0.03277100053067769
        },
        "Logistic Regression": {
          "mean_accuracy": 0.6913857677902622,
          "std_accuracy": 0.025905043394442842
        },
        "Gradient Boosting": {
          "mean_accuracy": 0.7588014981273409,
          "std_accuracy": 0.01198501872659174
        },
        "Extra Trees": {
          "mean_accuracy": 0.7640449438202247,
          "std_accuracy": 0.011604444483018507
        },
        "AdaBoost": {
          "mean_accuracy": 0.6846441947565542,
          "std_accuracy": 0.024433717498576906
        },
        "XGBoost": {
          "mean_accuracy": 0.7745318352059926,
          "std_accuracy": 0.02511319043331869
        },
        "Naive Bayes": {
          "mean_accuracy": 0.4779026217228465,
          "std_accuracy": 0.06558479143025477
        },
        "Quadratic Discriminant Analysis": {
          "mean_accuracy": 0.6966292134831462,
          "std_accuracy": 0.04951758466228734
        },
        "Linear Discriminant Analysis": {
          "mean_accuracy": 0.6891385767790262,
          "std_accuracy": 0.031424984214836
        },
        "Ensemble (RF + SVM)": {
          "mean_accuracy": 0.7393258426966293,
          "std_accuracy": 0.019331068015826142
        }
      },
      "num_classifiers_tested": 13
    }
  },
  "total_batches": 1,
  "cross_batch_results": {}
}