{
  "n_components": "14",
  "explained_variance_ratio": [
    0.38500675392784117,
    0.12666055012500171,
    0.09022501341736758,
    0.08165558914197324,
    0.055976151327462705,
    0.03529890104464302,
    0.03162860053682833,
    0.029465627700163352,
    0.02522404238466215,
    0.023134053286892182,
    0.022632924968266157,
    0.016677475950058248,
    0.013676048674253575,
    0.013444430908316152
  ],
  "total_explained_variance": 0.9507061633937295,
  "components_for_95_variance": 14
}