{
  "n_components": "12",
  "explained_variance_ratio": [
    0.5099053009193314,
    0.1636623925748841,
    0.05753636315657783,
    0.04619307846414952,
    0.039003235018928925,
    0.03015252818829787,
    0.026491201679002443,
    0.02225982438286995,
    0.019132292966875818,
    0.01602015496815293,
    0.011906846493823195,
    0.011516594950835055
  ],
  "total_explained_variance": 0.9537798137637291,
  "components_for_95_variance": 12
}