{
  "n_components": "17",
  "explained_variance_ratio": [
    0.18117873069687568,
    0.13440297961497435,
    0.10989270587140186,
    0.09442636041719961,
    0.07828329828228445,
    0.05212573807382154,
    0.05121319125201085,
    0.04413369941141837,
    0.04036447005804467,
    0.037595062492499914,
    0.027263638704612847,
    0.025727701469320963,
    0.02088767508360164,
    0.018382011814987564,
    0.016863027011689177,
    0.014667350279678625,
    0.012578195281497057
  ],
  "total_explained_variance": 0.9599858358159191,
  "components_for_95_variance": 17
}