{
  "n_components": "13",
  "explained_variance_ratio": [
    0.3371261797177805,
    0.17174621193933545,
    0.10508091405036328,
    0.06898467143821568,
    0.0614886274926673,
    0.039601825703269145,
    0.03193488255312133,
    0.03063225217234737,
    0.026751492370534553,
    0.022792943707853206,
    0.01971903267463866,
    0.0187103858635464,
    0.016840645681280197
  ],
  "total_explained_variance": 0.9514100653649532,
  "components_for_95_variance": 13
}