{
  "n_components": "17",
  "explained_variance_ratio": [
    0.33250855985388095,
    0.13733532425415984,
    0.06544238376215078,
    0.06363869447433396,
    0.059413958086337766,
    0.04474153773710152,
    0.041407210700940195,
    0.0347875949051693,
    0.032346079986789816,
    0.029860758083165035,
    0.02212217316267474,
    0.021261939310765195,
    0.019440104518710286,
    0.015886617406650764,
    0.013404890039314043,
    0.011321303306523145,
    0.010032059210704629
  ],
  "total_explained_variance": 0.954951188799372,
  "components_for_95_variance": 17
}