{
  "n_components": "17",
  "explained_variance_ratio": [
    0.21442905098906778,
    0.1250495504359499,
    0.11779524747961417,
    0.07469352450494472,
    0.06265311377250568,
    0.06052709830133888,
    0.051703847577968885,
    0.04492744487088368,
    0.03342533689655465,
    0.031647098560708214,
    0.029524561279837495,
    0.025716929354271112,
    0.02219931017757665,
    0.019695661683244846,
    0.018886102812276664,
    0.013969622027662264,
    0.012567107358972124
  ],
  "total_explained_variance": 0.9594106080833777,
  "components_for_95_variance": 17
}