{
  "n_components": "14",
  "explained_variance_ratio": [
    0.3429951331415991,
    0.15297746497634598,
    0.09332179328898833,
    0.0817188429299719,
    0.05581175720047329,
    0.04195936667820854,
    0.04028674309870491,
    0.03376481044130967,
    0.026282414018063808,
    0.024622354424076228,
    0.022111378369220305,
    0.020661436428324513,
    0.01282747132418463,
    0.009671866871728163
  ],
  "total_explained_variance": 0.9590128331911993,
  "components_for_95_variance": 14
}