{
  "n_components": "10",
  "explained_variance_ratio": [
    0.6684701929479678,
    0.09135895623566823,
    0.0430277046995096,
    0.036173222015377135,
    0.02862593385838906,
    0.02491504915583351,
    0.019480294560502157,
    0.017041438511500858,
    0.015045635079298318,
    0.014265074782769418
  ],
  "total_explained_variance": 0.9584035018468162,
  "components_for_95_variance": 10
}