{
  "n_components": "13",
  "explained_variance_ratio": [
    0.35740839956154447,
    0.15917031929117875,
    0.09648065656090457,
    0.06669499268757291,
    0.06471697107098671,
    0.03863676399658316,
    0.033104044496133245,
    0.02927963797358962,
    0.02572551782290998,
    0.023763768756619646,
    0.023022703636812827,
    0.02099503038032682,
    0.01136513256956438
  ],
  "total_explained_variance": 0.9503639388047271,
  "components_for_95_variance": 13
}