{
  "n_components": "8",
  "explained_variance_ratio": [
    0.7589896431650943,
    0.048386678260023054,
    0.04229882227123703,
    0.027040664725784196,
    0.026132807849973353,
    0.017892436991568842,
    0.016980388031306064,
    0.014099568224068907
  ],
  "total_explained_variance": 0.9518210095190558,
  "components_for_95_variance": 8
}