{
  "n_components": "17",
  "explained_variance_ratio": [
    0.18727454119889334,
    0.13523026805872457,
    0.11050270333147011,
    0.09688439273605898,
    0.0737247149576187,
    0.052015961341144966,
    0.05169937530864034,
    0.045356283608851744,
    0.040218660344952424,
    0.036250018983367986,
    0.026433705717364562,
    0.02568629319616477,
    0.02026526744914435,
    0.017607423776779187,
    0.016718887561149705,
    0.013632627103439376,
    0.011331361646826597
  ],
  "total_explained_variance": 0.9608324863205916,
  "components_for_95_variance": 17
}