{
  "n_components": "7",
  "explained_variance_ratio": [
    0.7850222983013755,
    0.06284433153389121,
    0.042291804956123384,
    0.029092552675948145,
    0.017783651174298833,
    0.011976256162735479,
    0.010245054306435948
  ],
  "total_explained_variance": 0.9592559491108085,
  "components_for_95_variance": 7
}