{
  "n_components": "13",
  "explained_variance_ratio": [
    0.4177369546712869,
    0.10338420701968873,
    0.09376385513540382,
    0.07671467855572302,
    0.052103450219468175,
    0.04315319662731989,
    0.029700623702578963,
    0.029173220944278967,
    0.026122524672236684,
    0.02473499568434489,
    0.022728699626311067,
    0.021168346429852297,
    0.013161161253417044
  ],
  "total_explained_variance": 0.9536459145419105,
  "components_for_95_variance": 13
}