{
  "n_components": "19",
  "explained_variance_ratio": [
    0.2132030331933326,
    0.13815883976029036,
    0.08809194858581924,
    0.0775998124224709,
    0.061091090636030514,
    0.05709617285181892,
    0.04756405695496053,
    0.03907473341875853,
    0.034040463502244246,
    0.03079142177303653,
    0.027049225120965248,
    0.02450469246037188,
    0.023218324843663332,
    0.022313198957382693,
    0.015821062700713498,
    0.015478482319225556,
    0.013679708013702552,
    0.012149137601043154,
    0.011530500162874685
  ],
  "total_explained_variance": 0.9524559052787049,
  "components_for_95_variance": 19
}