{
  "n_components": "16",
  "explained_variance_ratio": [
    0.19118656758649435,
    0.14418845074113695,
    0.10795811368814855,
    0.09149701301219748,
    0.06471746863378934,
    0.05483157852541484,
    0.051436806416860756,
    0.04187082509123201,
    0.040747594823759406,
    0.039333891151506664,
    0.026548040309855678,
    0.02509788897896165,
    0.022018858633828388,
    0.018739905005201812,
    0.017773288244902857,
    0.012793206736415205
  ],
  "total_explained_variance": 0.9507394975797059,
  "components_for_95_variance": 16
}