{
  "n_components": "17",
  "explained_variance_ratio": [
    0.338140710379152,
    0.1940851287205111,
    0.0725763221233812,
    0.05993527097411417,
    0.033435693133725394,
    0.03194707409456382,
    0.03038941884128121,
    0.02734866717445788,
    0.02707206224388756,
    0.023209783493500783,
    0.02093377598498151,
    0.019542972802739228,
    0.016998555313950763,
    0.016597596813012757,
    0.015145924358737349,
    0.012488179212456804,
    0.012116339172892333
  ],
  "total_explained_variance": 0.9519634748373458,
  "components_for_95_variance": 17
}