{
  "n_components": "12",
  "explained_variance_ratio": [
    0.3754863111522561,
    0.16325118472446992,
    0.10471882716678907,
    0.07906784892798444,
    0.04763098945592381,
    0.03593108987389833,
    0.035436287288671896,
    0.028455851436956316,
    0.02546356949498754,
    0.022615322720971,
    0.01903602221732093,
    0.01660862204097369
  ],
  "total_explained_variance": 0.953701926501203,
  "components_for_95_variance": 12
}