{
  "n_components": "13",
  "explained_variance_ratio": [
    0.48421346187542236,
    0.09218693159704063,
    0.08140638895545217,
    0.06048143245733444,
    0.04683322301759118,
    0.03570552126317961,
    0.029737953224881694,
    0.029419838116075955,
    0.025092335751970486,
    0.022735583380276616,
    0.022399500996082386,
    0.01853111591924714,
    0.009577026366646818
  ],
  "total_explained_variance": 0.9583203129212015,
  "components_for_95_variance": 13
}