{
  "n_components": "18",
  "explained_variance_ratio": [
    0.3042412118503046,
    0.1399876545660615,
    0.07363115515831305,
    0.059253300138555565,
    0.049623117964536834,
    0.045072912122886444,
    0.040967256675678125,
    0.034483185815249576,
    0.032912984332620236,
    0.03091839626835159,
    0.02604828329609598,
    0.02311647732661335,
    0.021845180179387545,
    0.019285165485956168,
    0.017209066336308233,
    0.014547540422136053,
    0.012726986715670123,
    0.010962401095645148
  ],
  "total_explained_variance": 0.95683227575037,
  "components_for_95_variance": 18
}