{
  "n_components": "19",
  "explained_variance_ratio": [
    0.22963760003402894,
    0.12462529119311265,
    0.08690101409761793,
    0.07640464494828669,
    0.06055236691761864,
    0.05200387094206575,
    0.0439067092071774,
    0.04028539084031513,
    0.03801564039161056,
    0.035682564601328584,
    0.032153333638906864,
    0.026116244356158072,
    0.02366819832150097,
    0.01789938588334436,
    0.017305463459653454,
    0.01605174392412043,
    0.014511626320559213,
    0.012816265625681795,
    0.008937196359114807
  ],
  "total_explained_variance": 0.9574745510622023,
  "components_for_95_variance": 19
}