{
  "n_components": "14",
  "explained_variance_ratio": [
    0.3791163180477752,
    0.1566885075370986,
    0.07147488386297987,
    0.06013138041359508,
    0.055806829621709624,
    0.03730381525341304,
    0.030435968709967117,
    0.029449841541719795,
    0.025838195401036292,
    0.02536902760089685,
    0.024357131589788295,
    0.022319767702316244,
    0.01765847913819157,
    0.01614326210018274
  ],
  "total_explained_variance": 0.9520934085206701,
  "components_for_95_variance": 14
}