{
  "n_components": "12",
  "explained_variance_ratio": [
    0.3960151067973553,
    0.1682471314763532,
    0.1018908922924297,
    0.06639847437094801,
    0.04511761369485489,
    0.03556284290855502,
    0.02939989076158978,
    0.026519524500940236,
    0.025765527132056446,
    0.02251982993996718,
    0.02028866633055544,
    0.017916572981942356
  ],
  "total_explained_variance": 0.9556420731875476,
  "components_for_95_variance": 12
}