{
  "n_components": "11",
  "explained_variance_ratio": [
    0.544621899188386,
    0.1116882236912996,
    0.06256949520795481,
    0.057868238935483464,
    0.04559060905304132,
    0.034695151311193134,
    0.03051946129075136,
    0.02114405057865581,
    0.017022531950510383,
    0.01411657631118135,
    0.013079340574835297
  ],
  "total_explained_variance": 0.9529155780932925,
  "components_for_95_variance": 11
}