{
  "n_components": "13",
  "explained_variance_ratio": [
    0.5459323529099545,
    0.12309742179152261,
    0.06131006562993121,
    0.04243429374897085,
    0.03387334171828528,
    0.028322281833542958,
    0.027180232669689667,
    0.02475493497218528,
    0.01948672670090875,
    0.016340576184771995,
    0.013943214368474347,
    0.012140903659350815,
    0.011329371306666728
  ],
  "total_explained_variance": 0.960145717494255,
  "components_for_95_variance": 13
}