{
  "n_components": "13",
  "explained_variance_ratio": [
    0.3578974941236354,
    0.16063740982725053,
    0.10796660855636166,
    0.06317925211627329,
    0.06034633356293562,
    0.040292166091848124,
    0.03172304113116539,
    0.02966407901548406,
    0.026051782103315897,
    0.023501511792092613,
    0.019966383401772824,
    0.017040899310446014,
    0.016179292047632278
  ],
  "total_explained_variance": 0.9544462530802138,
  "components_for_95_variance": 13
}