{
  "n_components": "12",
  "explained_variance_ratio": [
    0.37548631115225617,
    0.16325118472447006,
    0.10471882716678915,
    0.0790678489279845,
    0.047630989455923874,
    0.035931089873898286,
    0.03543628728867189,
    0.028455851436956333,
    0.02546356949498754,
    0.022615322720970978,
    0.019036022217320918,
    0.016608622040973697
  ],
  "total_explained_variance": 0.9537019265012033,
  "components_for_95_variance": 12
}