{
  "n_components": "18",
  "explained_variance_ratio": [
    0.3042412118503048,
    0.1399876545660614,
    0.07363115515831316,
    0.059253300138555454,
    0.04962311796453681,
    0.045072912122886395,
    0.04096725667567811,
    0.03448318581524954,
    0.032912984332620264,
    0.0309183962683516,
    0.026048283296095986,
    0.023116477326613386,
    0.021845180179387573,
    0.01928516548595617,
    0.01720906633630824,
    0.014547540422136053,
    0.012726986715670128,
    0.010962401095645153
  ],
  "total_explained_variance": 0.9568322757503702,
  "components_for_95_variance": 18
}