{
  "n_components": "15",
  "explained_variance_ratio": [
    0.30557927890674724,
    0.17644631717136539,
    0.09172736486126888,
    0.06864607247976177,
    0.06248011970583663,
    0.04082110460761749,
    0.03846805329652009,
    0.029604538296377523,
    0.026042360384033382,
    0.024919513517672666,
    0.022947685184008,
    0.021580641994251096,
    0.017752466515148762,
    0.015045139104407865,
    0.01297962299451812
  ],
  "total_explained_variance": 0.9550402790195349,
  "components_for_95_variance": 15
}