{
  "n_components": "14",
  "explained_variance_ratio": [
    0.5925569210005459,
    0.06441996164814215,
    0.047664410866399436,
    0.0337441461117283,
    0.03134334570870888,
    0.029099047761948098,
    0.026637596975790757,
    0.02506470207634492,
    0.021641730436187057,
    0.018253079385831626,
    0.017923319370575785,
    0.017619995974755477,
    0.015521891480519415,
    0.014706224136490679
  ],
  "total_explained_variance": 0.9561963729339685,
  "components_for_95_variance": 14
}