{
  "n_components": "13",
  "explained_variance_ratio": [
    0.3426843445834637,
    0.15626729055100844,
    0.10073044222070726,
    0.09172553419652786,
    0.05592158599418497,
    0.03725255953996237,
    0.034321069535066084,
    0.030342975135372475,
    0.025763289340740726,
    0.025167684530297663,
    0.021581116759986432,
    0.018727305005867115,
    0.01382779891300405
  ],
  "total_explained_variance": 0.9543129963061892,
  "components_for_95_variance": 13
}