{
  "n_components": "15",
  "explained_variance_ratio": [
    0.2311374328761709,
    0.19412581159456954,
    0.1101039933645752,
    0.09344086143439502,
    0.057145565810331575,
    0.05526887430322936,
    0.040973306834390724,
    0.03499058417918107,
    0.029906056481422416,
    0.02684345377380254,
    0.02214138669237296,
    0.021141772634466847,
    0.015061358409553699,
    0.013480082233583159,
    0.010919244027544467
  ],
  "total_explained_variance": 0.9566797846495896,
  "components_for_95_variance": 15
}