{
  "n_components": "14",
  "explained_variance_ratio": [
    0.27604366187179635,
    0.16924979983033386,
    0.11347040287127058,
    0.09268258902674634,
    0.05658625244266849,
    0.04879705845969371,
    0.037347976826975285,
    0.029552210603523744,
    0.028732583819815177,
    0.02682137957062276,
    0.02226890227316152,
    0.02020015514991299,
    0.01654115449617062,
    0.012749247488936211
  ],
  "total_explained_variance": 0.9510433747316277,
  "components_for_95_variance": 14
}