{
  "n_components": "12",
  "explained_variance_ratio": [
    0.39601510679735513,
    0.16824713147635315,
    0.10189089229242985,
    0.06639847437094804,
    0.045117613694854904,
    0.03556284290855505,
    0.02939989076158981,
    0.026519524500940233,
    0.02576552713205649,
    0.022519829939967193,
    0.020288666330555413,
    0.017916572981942252
  ],
  "total_explained_variance": 0.9556420731875475,
  "components_for_95_variance": 12
}