{
  "n_components": "13",
  "explained_variance_ratio": [
    0.3426843445834639,
    0.15626729055100833,
    0.10073044222070715,
    0.0917255341965278,
    0.05592158599418497,
    0.037252559539962406,
    0.034321069535066036,
    0.030342975135372464,
    0.025763289340740698,
    0.025167684530297663,
    0.02158111675998641,
    0.018727305005867247,
    0.01382779891300405
  ],
  "total_explained_variance": 0.954312996306189,
  "components_for_95_variance": 13
}