{
  "batch_name": "reduce_signal_time_experiment",
  "num_samples": 150,
  "original_dimensions": 38,
  "num_classes": 3,
  "classes": [
    "contact",
    "edge",
    "no_contact"
  ],
  "pca_analysis": {
    "explained_variance_ratio": [
      0.33250855985388095,
      0.13733532425415984,
      0.06544238376215078,
      0.06363869447433396,
      0.059413958086337766,
      0.04474153773710152,
      0.041407210700940195,
      0.0347875949051693,
      0.032346079986789816,
      0.029860758083165035,
      0.02212217316267474,
      0.021261939310765195,
      0.019440104518710286,
      0.015886617406650764,
      0.013404890039314043,
      0.011321303306523145,
      0.010032059210704629
    ],
    "cumulative_variance": [
      0.33250855985388095,
      0.4698438841080408,
      0.5352862678701915,
      0.5989249623445254,
      0.6583389204308632,
      0.7030804581679647,
      0.7444876688689049,
      0.7792752637740742,
      0.811621343760864,
      0.841482101844029,
      0.8636042750067038,
      0.8848662143174689,
      0.9043063188361792,
      0.9201929362428299,
      0.9335978262821439,
      0.9449191295886671,
      0.9549511887993717,
      0.9634077257480791,
      0.9701767274054073,
      0.9759413828594676,
      0.9810004975190028,
      0.98586783189994,
      0.98969745177504,
      0.9930697623268083,
      0.9957735726614846,
      0.9978986648385316,
      0.999264745644978,
      0.9997742275505551,
      0.9999196665379039,
      0.9999831698834767,
      0.9999934508257933,
      0.9999981274612165,
      0.999999625741769,
      0.9999999479803763,
      1.0,
      1.0,
      1.0,
      1.0
    ],
    "components_for_95_variance": 17,
    "n_components_used": 17,
    "total_explained_variance": 0.954951188799372
  },
  "tsne_analysis": {
    "methods_tested": [
      "perplexity_5",
      "perplexity_10",
      "perplexity_20",
      "perplexity_30",
      "best_perplexity",
      "silhouette_score"
    ],
    "best_perplexity": 10,
    "best_silhouette_score": 0.5604937672615051,
    "perplexity_results": {
      "perplexity_5": {
        "perplexity": 5,
        "silhouette_score": 0.558057427406311,
        "kl_divergence": 0.7807957530021667
      },
      "perplexity_10": {
        "perplexity": 10,
        "silhouette_score": 0.5604937672615051,
        "kl_divergence": 0.6454064846038818
      },
      "perplexity_20": {
        "perplexity": 20,
        "silhouette_score": 0.545117199420929,
        "kl_divergence": 0.48527947068214417
      },
      "perplexity_30": {
        "perplexity": 30,
        "silhouette_score": 0.552751898765564,
        "kl_divergence": 0.3912357687950134
      }
    }
  }
}