{
  "batch_name": "collected_data_runs_2025_12_15_v1",
  "num_samples": 2946,
  "original_dimensions": 38,
  "num_classes": 3,
  "classes": [
    "contact",
    "edge",
    "no_contact"
  ],
  "pca_analysis": {
    "explained_variance_ratio": [
      0.18727454119889334,
      0.13523026805872457,
      0.11050270333147011,
      0.09688439273605898,
      0.0737247149576187,
      0.052015961341144966,
      0.05169937530864034,
      0.045356283608851744,
      0.040218660344952424,
      0.036250018983367986,
      0.026433705717364562,
      0.02568629319616477,
      0.02026526744914435,
      0.017607423776779187,
      0.016718887561149705,
      0.013632627103439376,
      0.011331361646826597
    ],
    "cumulative_variance": [
      0.18727454119889334,
      0.32250480925761793,
      0.43300751258908804,
      0.529891905325147,
      0.6036166202827656,
      0.6556325816239106,
      0.7073319569325509,
      0.7526882405414026,
      0.7929069008863551,
      0.8291569198697231,
      0.8555906255870876,
      0.8812769187832524,
      0.9015421862323968,
      0.9191496100091759,
      0.9358684975703256,
      0.949501124673765,
      0.9608324863205916,
      0.9711482910414683,
      0.9790163791999549,
      0.9836316483324119,
      0.9879317279220866,
      0.9901223700658172,
      0.9921868993973951,
      0.9940601516352519,
      0.9955816526292842,
      0.996940826822632,
      0.998019641022317,
      0.9989313446273521,
      0.9995236336442134,
      0.9998465754107395,
      0.9999111324418509,
      0.9999601646829652,
      0.9999960143762465,
      0.9999981880254475,
      0.9999992746092639,
      0.9999999999999998,
      0.9999999999999998,
      0.9999999999999998
    ],
    "components_for_95_variance": 17,
    "n_components_used": 17,
    "total_explained_variance": 0.9608324863205916
  },
  "tsne_analysis": {
    "methods_tested": [
      "perplexity_5",
      "perplexity_10",
      "perplexity_20",
      "perplexity_30",
      "perplexity_50",
      "best_perplexity",
      "silhouette_score"
    ],
    "best_perplexity": 5,
    "best_silhouette_score": -0.0674273669719696,
    "perplexity_results": {
      "perplexity_5": {
        "perplexity": 5,
        "silhouette_score": -0.0674273669719696,
        "kl_divergence": 1.5797922611236572
      },
      "perplexity_10": {
        "perplexity": 10,
        "silhouette_score": -0.07719326764345169,
        "kl_divergence": 1.6126961708068848
      },
      "perplexity_20": {
        "perplexity": 20,
        "silhouette_score": -0.09011061489582062,
        "kl_divergence": 1.541403889656067
      },
      "perplexity_30": {
        "perplexity": 30,
        "silhouette_score": -0.09399840980768204,
        "kl_divergence": 1.4583460092544556
      },
      "perplexity_50": {
        "perplexity": 50,
        "silhouette_score": -0.09825044125318527,
        "kl_divergence": 1.320913314819336
      }
    }
  }
}