{
  "batch_name": "collected_data_runs_2025_12_16_v3",
  "num_samples": 3121,
  "original_dimensions": 38,
  "num_classes": 3,
  "classes": [
    "contact",
    "edge",
    "no_contact"
  ],
  "pca_analysis": {
    "explained_variance_ratio": [
      0.27604366187179635,
      0.16924979983033386,
      0.11347040287127058,
      0.09268258902674634,
      0.05658625244266849,
      0.04879705845969371,
      0.037347976826975285,
      0.029552210603523744,
      0.028732583819815177,
      0.02682137957062276,
      0.02226890227316152,
      0.02020015514991299,
      0.01654115449617062,
      0.012749247488936211
    ],
    "cumulative_variance": [
      0.27604366187179635,
      0.44529346170213024,
      0.5587638645734008,
      0.6514464536001471,
      0.7080327060428155,
      0.7568297645025093,
      0.7941777413294846,
      0.8237299519330084,
      0.8524625357528235,
      0.8792839153234463,
      0.9015528175966078,
      0.9217529727465208,
      0.9382941272426915,
      0.9510433747316277,
      0.9610489735023988,
      0.969083431925196,
      0.9746059728784016,
      0.9791000996939169,
      0.9832470521731146,
      0.986989320007314,
      0.9896814238710139,
      0.991787167806346,
      0.9937197876794391,
      0.9954931616767949,
      0.9965629921983705,
      0.9976095931510772,
      0.9983341874269422,
      0.9989514382795924,
      0.9994398627121838,
      0.9997194071583948,
      0.9999184125675039,
      0.9999573101571225,
      0.9999831588446532,
      0.9999960399006356,
      0.9999995775706587,
      1.0000000000000002,
      1.0000000000000002,
      1.0000000000000002
    ],
    "components_for_95_variance": 14,
    "n_components_used": 14,
    "total_explained_variance": 0.9510433747316277
  },
  "tsne_analysis": {
    "methods_tested": [
      "perplexity_5",
      "perplexity_10",
      "perplexity_20",
      "perplexity_30",
      "perplexity_50",
      "best_perplexity",
      "silhouette_score"
    ],
    "best_perplexity": 5,
    "best_silhouette_score": 0.01984011009335518,
    "perplexity_results": {
      "perplexity_5": {
        "perplexity": 5,
        "silhouette_score": 0.01984011009335518,
        "kl_divergence": 1.7896348237991333
      },
      "perplexity_10": {
        "perplexity": 10,
        "silhouette_score": 0.010665235109627247,
        "kl_divergence": 1.8900866508483887
      },
      "perplexity_20": {
        "perplexity": 20,
        "silhouette_score": 0.013757876120507717,
        "kl_divergence": 1.8745779991149902
      },
      "perplexity_30": {
        "perplexity": 30,
        "silhouette_score": -0.007983376272022724,
        "kl_divergence": 1.861799716949463
      },
      "perplexity_50": {
        "perplexity": 50,
        "silhouette_score": -0.021040307357907295,
        "kl_divergence": 1.7283767461776733
      }
    }
  }
}