{
  "edge": {
    "precision": 0.6916666666666667,
    "recall": 0.9325842696629213,
    "f1-score": 0.7942583732057417,
    "support": 89.0
  },
  "no_surface": {
    "precision": 0.4,
    "recall": 0.125,
    "f1-score": 0.19047619047619047,
    "support": 16.0
  },
  "surface": {
    "precision": 0.0,
    "recall": 0.0,
    "f1-score": 0.0,
    "support": 25.0
  },
  "accuracy": 0.6538461538461539,
  "macro avg": {
    "precision": 0.36388888888888893,
    "recall": 0.3525280898876404,
    "f1-score": 0.32824485456064406,
    "support": 130.0
  },
  "weighted avg": {
    "precision": 0.5227564102564102,
    "recall": 0.6538461538461539,
    "f1-score": 0.567204725099462,
    "support": 130.0
  }
}