{
  "batch_name": "collected_data_runs_2025_12_11_v2_2",
  "num_samples": 1300,
  "original_dimensions": 38,
  "num_classes": 84,
  "classes": [
    "edge",
    "no_surface",
    "surface",
    "surface_001",
    "surface_002",
    "surface_003",
    "surface_004",
    "surface_005",
    "surface_006",
    "surface_007",
    "surface_008",
    "surface_009",
    "surface_010",
    "surface_011",
    "surface_012",
    "surface_013",
    "surface_014",
    "surface_015",
    "surface_016",
    "surface_017",
    "surface_018",
    "surface_019",
    "surface_020",
    "surface_021",
    "surface_022",
    "surface_023",
    "surface_024",
    "surface_025",
    "surface_026",
    "surface_027",
    "surface_028",
    "surface_029",
    "surface_030",
    "surface_031",
    "surface_032",
    "surface_033",
    "surface_034",
    "surface_035",
    "surface_036",
    "surface_037",
    "surface_038",
    "surface_039",
    "surface_040",
    "surface_041",
    "surface_042",
    "surface_043",
    "surface_044",
    "surface_045",
    "surface_046",
    "surface_047",
    "surface_048",
    "surface_049",
    "surface_050",
    "surface_051",
    "surface_052",
    "surface_053",
    "surface_054",
    "surface_055",
    "surface_056",
    "surface_057",
    "surface_058",
    "surface_059",
    "surface_060",
    "surface_061",
    "surface_062",
    "surface_063",
    "surface_064",
    "surface_065",
    "surface_066",
    "surface_067",
    "surface_068",
    "surface_069",
    "surface_070",
    "surface_071",
    "surface_072",
    "surface_073",
    "surface_074",
    "surface_075",
    "surface_076",
    "surface_077",
    "surface_078",
    "surface_079",
    "surface_080",
    "surface_081"
  ],
  "pca_analysis": {
    "explained_variance_ratio": [
      0.39601510679735513,
      0.16824713147635315,
      0.10189089229242985,
      0.06639847437094804,
      0.045117613694854904,
      0.03556284290855505,
      0.02939989076158981,
      0.026519524500940233,
      0.02576552713205649,
      0.022519829939967193,
      0.020288666330555413,
      0.017916572981942252
    ],
    "cumulative_variance": [
      0.39601510679735513,
      0.5642622382737082,
      0.6661531305661381,
      0.7325516049370862,
      0.777669218631941,
      0.8132320615404961,
      0.8426319523020859,
      0.8691514768030261,
      0.8949170039350826,
      0.9174368338750497,
      0.9377255002056051,
      0.9556420731875473,
      0.9660298412464492,
      0.9728265790285474,
      0.9789971553419832,
      0.983304936797354,
      0.9872525114071862,
      0.9903634239090706,
      0.9929036741895226,
      0.9948303352032795,
      0.9961232682469731,
      0.9971313279784292,
      0.9978068045137909,
      0.9983818830011509,
      0.9987691381097407,
      0.9991090881139538,
      0.9994115461239622,
      0.999640283693646,
      0.9997944644135552,
      0.9998796415721006,
      0.9999314303546325,
      0.9999633881016448,
      0.9999813223806618,
      0.9999946179722587,
      0.9999986879637889,
      1.0,
      1.0,
      1.0
    ],
    "components_for_95_variance": 12,
    "n_components_used": 12,
    "total_explained_variance": 0.9556420731875475
  },
  "tsne_analysis": {
    "methods_tested": [
      "perplexity_5",
      "perplexity_10",
      "perplexity_20",
      "perplexity_30",
      "perplexity_50",
      "best_perplexity",
      "silhouette_score"
    ],
    "best_perplexity": 30,
    "best_silhouette_score": -0.6845791935920715,
    "perplexity_results": {
      "perplexity_5": {
        "perplexity": 5,
        "silhouette_score": -0.7079921364784241,
        "kl_divergence": 0.15660583972930908
      },
      "perplexity_10": {
        "perplexity": 10,
        "silhouette_score": -0.6945533752441406,
        "kl_divergence": -0.7120910286903381
      },
      "perplexity_20": {
        "perplexity": 20,
        "silhouette_score": -0.6894165277481079,
        "kl_divergence": -0.32451269030570984
      },
      "perplexity_30": {
        "perplexity": 30,
        "silhouette_score": -0.6845791935920715,
        "kl_divergence": -0.13821174204349518
      },
      "perplexity_50": {
        "perplexity": 50,
        "silhouette_score": -0.7023416757583618,
        "kl_divergence": 0.07187017798423767
      }
    }
  }
}