{
  "batch_name": "collected_data_runs_2025_12_11_v2_2",
  "num_samples": 650,
  "original_dimensions": 38,
  "num_classes": 3,
  "classes": [
    "contact",
    "edge",
    "no_contact"
  ],
  "pca_analysis": {
    "explained_variance_ratio": [
      0.3960151067973553,
      0.1682471314763532,
      0.1018908922924297,
      0.06639847437094801,
      0.04511761369485489,
      0.03556284290855502,
      0.02939989076158978,
      0.026519524500940236,
      0.025765527132056446,
      0.02251982993996718,
      0.02028866633055544,
      0.017916572981942356
    ],
    "cumulative_variance": [
      0.3960151067973553,
      0.5642622382737085,
      0.6661531305661381,
      0.7325516049370862,
      0.777669218631941,
      0.8132320615404961,
      0.8426319523020859,
      0.8691514768030261,
      0.8949170039350826,
      0.9174368338750497,
      0.9377255002056052,
      0.9556420731875476,
      0.9660298412464494,
      0.9728265790285476,
      0.9789971553419834,
      0.9833049367973542,
      0.9872525114071864,
      0.9903634239090708,
      0.9929036741895229,
      0.9948303352032797,
      0.9961232682469733,
      0.9971313279784294,
      0.9978068045137911,
      0.9983818830011513,
      0.998769138109741,
      0.9991090881139542,
      0.9994115461239624,
      0.9996402836936462,
      0.9997944644135555,
      0.9998796415721009,
      0.9999314303546327,
      0.999963388101645,
      0.9999813223806621,
      0.999994617972259,
      0.9999986879637891,
      1.0000000000000002,
      1.0000000000000002,
      1.0000000000000002
    ],
    "components_for_95_variance": 12,
    "n_components_used": 12,
    "total_explained_variance": 0.9556420731875476
  },
  "tsne_analysis": {
    "methods_tested": [
      "perplexity_5",
      "perplexity_10",
      "perplexity_20",
      "perplexity_30",
      "perplexity_50",
      "best_perplexity",
      "silhouette_score"
    ],
    "best_perplexity": 30,
    "best_silhouette_score": -0.021712634712457657,
    "perplexity_results": {
      "perplexity_5": {
        "perplexity": 5,
        "silhouette_score": -0.023753412067890167,
        "kl_divergence": 1.188692569732666
      },
      "perplexity_10": {
        "perplexity": 10,
        "silhouette_score": -0.02377898059785366,
        "kl_divergence": 1.2231501340866089
      },
      "perplexity_20": {
        "perplexity": 20,
        "silhouette_score": -0.03049478679895401,
        "kl_divergence": 1.1559118032455444
      },
      "perplexity_30": {
        "perplexity": 30,
        "silhouette_score": -0.021712634712457657,
        "kl_divergence": 1.109073519706726
      },
      "perplexity_50": {
        "perplexity": 50,
        "silhouette_score": -0.03402646631002426,
        "kl_divergence": 0.9401189088821411
      }
    }
  }
}