{
  "batch_name": "reduce_signal_time_experiment_ablation_2",
  "num_samples": 150,
  "num_classes": 3,
  "classes": [
    "contact",
    "edge",
    "no_contact"
  ],
  "best_classifier": {
    "name": "Linear Discriminant Analysis",
    "mean_accuracy": 0.9733333333333334,
    "std_accuracy": 0.03265986323710903
  },
  "worst_classifier": {
    "name": "SVM (Linear)",
    "mean_accuracy": 0.9400000000000001,
    "std_accuracy": 0.024944382578492935
  },
  "all_classifiers_performance": {
    "Random Forest": {
      "mean_accuracy": 0.96,
      "std_accuracy": 0.02494438257849294
    },
    "SVM (RBF)": {
      "mean_accuracy": 0.9533333333333334,
      "std_accuracy": 0.03399346342395189
    },
    "SVM (Linear)": {
      "mean_accuracy": 0.9400000000000001,
      "std_accuracy": 0.024944382578492935
    },
    "K-NN": {
      "mean_accuracy": 0.9400000000000001,
      "std_accuracy": 0.02494438257849294
    },
    "Logistic Regression": {
      "mean_accuracy": 0.9533333333333335,
      "std_accuracy": 0.06182412330330468
    },
    "Gradient Boosting": {
      "mean_accuracy": 0.9466666666666667,
      "std_accuracy": 0.03399346342395189
    },
    "Linear Discriminant Analysis": {
      "mean_accuracy": 0.9733333333333334,
      "std_accuracy": 0.03265986323710903
    }
  }
}