{
  "batch_name": "soft_finger_batch_4",
  "num_samples": 100,
  "num_features": 38,
  "num_classes": 2,
  "test_accuracy": 0.800000011920929,
  "model_performance": {
    "overall_accuracy": 0.800000011920929,
    "per_class_accuracy": {
      "0": 0.699999988079071,
      "1": 0.8999999761581421
    }
  },
  "feature_analysis": {
    "consistently_important": [],
    "method_specific": {},
    "feature_groups": {
      "basic_gradients": {
        "acoustic_importance": 0.18939770723840124,
        "impulse_importance": 0.0,
        "acoustic_vs_impulse_ratio": Infinity
      }
    },
    "top_features": [
      13,
      8,
      25,
      0,
      1,
      23,
      10,
      12,
      4,
      9
    ]
  },
  "saliency_maps_summary": {
    "basic_gradients": {
      "gradients": "[[ 7.09255182e-05  8.32146616e-05  1.22200099e-05  3.50801747e-05\n   3.19463034e-05 -2.72136049e-06 -2.47428870e-05 -3.69360605e-05\n   1.31312612e-04 -3.79522389e-05  2.97573752e-05 -5.99281047e-05\n  -7.26932776e-05  9.70581532e-05 -3.49630864e-05  2.66269490e-05\n  -3.35147015e-05 -2.97881411e-06 -3.00037791e-05  6.51941809e-06\n   1.06977559e-05 -4.23897727e-05 -6.93335678e-05 -8.33421800e-05\n  -6.30892173e-05 -6.38649799e-05 -3.59736587e-05 -5.02597577e-05\n  -5.71669407e-05  5.06572042e-06 -2.92984532e-06  4.44675934e-05\n  -2.51985002e-05  2.37692093e-05  8.22838956e-06 -1.13181331e-05\n  -6.06272988e-05 -2.02432548e-05]\n [-3.34285573e-06 -2.45396564e-06 -1.10037979e-06 -2.78881521e-06\n  -9.17858188e-07  5.11634710e-07 -2.34872550e-06  1.21091679e-08\n  -1.69837506e-06  5.56444036e-07 -1.02024819e-06  7.35151445e-07\n   3.04174432e-06 -4.05020683e-06  8.70945371e-07 -2.06592881e-06\n   1.78142818e-06 -1.91173498e-07  3.36640687e-06  2.30175601e-06\n  -6.12725614e-07 -9.18070668e-07  1.35088737e-06  1.99582541e-06\n   2.48959350e-06  4.19017533e-06  2.90209414e-06 -1.25146016e-06\n   1.03704872e-06  9.91050683e-07  9.58488386e-07 -4.39331097e-06\n  -1.04345304e-06  1.17455465e-06  1.27196347e-06  6.50943889e-07\n  -2.23661823e-06 -2.31894956e-06]\n [ 1.10642850e+00  1.22481358e+00 -5.26485071e-02 -3.07637267e-02\n   7.61904716e-01  3.88100088e-01  3.56680378e-02 -6.42946184e-01\n   1.15002584e+00 -8.40254664e-01  1.33072293e+00 -5.70699394e-01\n  -7.77334273e-01  1.59372461e+00 -3.95866990e-01  5.82863688e-01\n  -7.05113113e-01  1.91084281e-01 -6.58844888e-01 -1.82021558e-01\n   6.29856363e-02 -2.45654956e-03 -5.08047819e-01 -1.05439603e+00\n  -6.28315687e-01 -9.50817883e-01 -5.43980420e-01 -3.67017806e-01\n  -2.74367154e-01  6.40845001e-01 -3.96353483e-01  4.14565593e-01\n  -3.30486357e-01  1.46684393e-01  2.57303655e-01 -2.04367191e-01\n  -3.87487888e-01  4.24382895e-01]\n [ 3.57112646e-01  1.94759518e-01 -3.85234579e-02  7.79072046e-02\n   1.04849853e-01 -1.11121640e-01 -6.43616468e-02 -1.57046929e-01\n   3.93541396e-01 -1.65908501e-01  3.21980208e-01 -9.64999050e-02\n  -2.65879512e-01  4.93927002e-01 -1.47718310e-01  4.10176590e-02\n  -2.41356678e-02  1.97762679e-02 -1.20767109e-01 -5.69783151e-02\n   2.13131949e-01  2.87563130e-02 -2.71525860e-01 -3.39873940e-01\n  -2.60331869e-01 -3.74830604e-01 -4.73286994e-02 -1.64542392e-01\n  -1.99429139e-01  8.92053694e-02 -1.58581715e-02  1.89744502e-01\n   3.60213295e-02 -1.15582295e-01 -1.01181105e-01 -4.50577848e-02\n  -1.27745152e-01  3.39240372e-01]\n [ 7.12582245e-02  7.38844052e-02 -6.99221389e-03  2.74626631e-02\n   2.90986374e-02  3.48283706e-04 -4.26702350e-02 -5.30776046e-02\n   1.50798753e-01 -1.07963838e-01  1.35469854e-01 -4.42313664e-02\n  -7.30113387e-02  1.54908255e-01 -5.19727618e-02  6.24493733e-02\n  -7.97432438e-02  1.17492955e-02 -6.95719868e-02  8.19380954e-03\n   6.47812560e-02 -1.30210975e-02 -9.40945819e-02 -7.68226534e-02\n  -3.98812070e-02 -9.74507034e-02 -4.36760001e-02 -6.59205765e-02\n  -6.96261823e-02  6.92484668e-03 -1.86212622e-02  6.36326522e-02\n  -2.40172744e-02  8.43921863e-03 -3.09389867e-02 -1.87647529e-02\n  -5.46007156e-02  6.48432672e-02]\n [-1.37638097e-04 -8.80535299e-05 -3.44339037e-06 -6.56417687e-05\n  -6.68306757e-06  3.62081882e-05 -7.45775615e-05  2.47401913e-05\n  -1.28693020e-04  7.03797414e-05 -8.05419331e-05  2.17476500e-05\n   1.39407042e-04 -1.70704981e-04  5.24687384e-05 -6.98543445e-05\n   7.13712943e-05  1.03175244e-05  1.63693330e-04  6.51241644e-05\n  -9.01168605e-05 -4.90034436e-05  5.79789412e-05  1.52032066e-04\n   1.38768039e-04  2.30290461e-04  7.55769797e-05 -5.50191326e-05\n   1.05037703e-04  2.19780995e-05  6.56247648e-05 -1.42996942e-04\n  -6.11760988e-05  6.48783171e-05  1.15865805e-04  5.60728986e-05\n  -6.92372923e-05 -1.32605521e-04]\n [ 6.47060424e-02  6.11450486e-02 -1.43592583e-03  2.61184480e-02\n   5.45252301e-02 -1.40928915e-02  1.54115828e-02 -1.08231045e-02\n   1.22073002e-01 -2.35577743e-03  4.33226153e-02 -4.55215015e-02\n  -7.96300471e-02  1.54707417e-01 -2.73833498e-02  5.14340401e-02\n  -6.77313656e-02 -3.13484818e-02 -5.95622845e-02 -2.14132443e-02\n   3.35350297e-02 -3.98652181e-02 -5.31746261e-02 -6.61467016e-02\n  -7.23447949e-02 -8.06965232e-02 -6.65030703e-02 -6.57008961e-02\n  -3.76873836e-02  1.69875491e-02  4.75341175e-03  1.09151341e-01\n  -2.00401992e-02  7.76611920e-03 -2.31125802e-02 -3.10343616e-02\n  -3.36389150e-03  1.31906737e-02]\n [ 4.09233153e-01  5.45310259e-01  1.24431849e-02  5.63892424e-01\n  -1.88674226e-01 -1.56120196e-01 -5.81675060e-02 -2.40223184e-02\n   5.84967554e-01 -2.05372572e-01 -2.16984656e-02  1.91370025e-02\n  -6.36753380e-01  6.63383663e-01 -2.04764247e-01  1.14448376e-01\n  -1.28561392e-01  9.45583582e-02 -1.51080877e-01 -2.86288202e-01\n  -4.44978885e-02  2.00435475e-01 -7.30269969e-01 -6.01526082e-01\n  -1.64088368e-01 -6.03921592e-01 -8.91477168e-02  4.66676325e-01\n  -4.80299979e-01 -6.37736797e-01 -1.42073065e-01  2.56189913e-01\n   5.84565885e-02 -2.09282488e-01 -2.36043349e-01 -2.62381881e-01\n   6.79027885e-02  2.73710757e-01]\n [-1.73340917e+00 -1.61091352e+00 -1.06197789e-01 -1.00545049e+00\n  -1.43896639e+00  1.55303195e-01 -7.37427082e-03  9.69857514e-01\n  -1.68893194e+00  1.16428804e+00 -1.04461062e+00  1.07314515e+00\n   1.04889190e+00 -1.62972653e+00  3.31476480e-01 -7.65898466e-01\n   9.81171131e-01 -3.02071959e-01  1.15574813e+00  5.44230878e-01\n  -3.45609367e-01  4.56083894e-01  8.24573517e-01  1.27164102e+00\n   1.21200788e+00  1.92803061e+00  1.19828105e+00  2.44820580e-01\n   5.92089117e-01 -4.23120767e-01  2.78670341e-01 -1.27253008e+00\n   3.72186601e-01 -3.97698395e-02 -6.27324581e-02 -2.50866730e-02\n   3.23886305e-01 -8.92516375e-01]\n [ 2.51024176e-04  7.46717909e-04 -1.13812246e-04  3.15057958e-04\n   3.65430780e-04  8.47029369e-05 -3.59880971e-04 -4.07667358e-05\n   1.01854070e-03 -5.22263930e-04  1.65856589e-04 -2.53621605e-04\n  -4.01331199e-04  9.48190573e-04 -3.52551637e-04  1.48365129e-04\n  -2.03061500e-04 -1.47930710e-04 -4.11423571e-05 -2.30391779e-05\n  -6.18878476e-05 -1.30694869e-04 -2.54795246e-04 -8.51826568e-04\n  -1.97599060e-04 -4.54519875e-04 -3.82093160e-04 -8.16674292e-05\n  -2.92042794e-04 -1.64069177e-04 -2.40752517e-04  2.91711913e-04\n   3.36484773e-05  7.59221730e-05 -1.38570977e-04 -3.51830211e-04\n  -2.46934884e-04  1.84772885e-04]]",
      "mean_absolute_gradient": "[0.37426108 0.3711747  0.02183717 0.17320135 0.25784242 0.08252104\n 0.02241148 0.1857876  0.40916187 0.24867746 0.28980818 0.18495706\n 0.28821164 0.46915975 0.11596229 0.16183585 0.19867656 0.065075\n 0.22158134 0.1099223  0.07647044 0.07408416 0.248207   0.34114957\n 0.23773718 0.4036501  0.19894135 0.13748667 0.16539542 0.18150124\n 0.08566399 0.23062977 0.08413295 0.05276901 0.07115761 0.05871125\n 0.09653658 0.20082243]",