{
  "batch_name": "soft_finger_batch_4",
  "num_samples": 100,
  "num_features": 38,
  "num_classes": 2,
  "test_accuracy": 0,
  "model_performance": {
    "overall_accuracy": 0.8500000238418579,
    "per_class_accuracy": {
      "0": 0.800000011920929,
      "1": 0.8999999761581421
    }
  },
  "feature_analysis": {
    "consistently_important": [],
    "method_specific": {},
    "feature_groups": {
      "basic_gradients": {
        "acoustic_importance": 0.046624471127104605,
        "impulse_importance": 0.0,
        "acoustic_vs_impulse_ratio": Infinity
      }
    }
  },
  "saliency_maps_summary": {
    "basic_gradients": {
      "gradients": "[[ 4.5604049e-03  5.4652095e-03 -3.2429073e-03 -3.3501671e-03\n   6.4094602e-03 -6.9489644e-04  3.1530131e-03  9.2756934e-04\n   1.1024508e-02 -3.9902893e-03  4.1275825e-03 -2.7308792e-03\n  -9.3030445e-03  1.9841686e-02 -7.5757559e-03 -1.5324851e-03\n  -4.6200613e-03  3.3439507e-03 -5.9421654e-03 -1.6541628e-03\n   3.3354778e-03 -1.8216060e-03 -9.8122591e-03 -1.4999244e-02\n  -7.8500081e-03 -1.3406299e-02 -2.6528435e-03 -1.4292266e-03\n  -7.8357523e-03  6.1019522e-04 -2.5936903e-03  8.9004934e-03\n   2.6749847e-03  1.8478672e-03 -4.6951002e-03 -2.2235843e-03\n   4.3737474e-03  4.6324469e-03]\n [-4.1067977e-03 -5.5419388e-03  2.1963425e-03 -3.8093706e-03\n  -1.2227007e-03  4.3736520e-04 -4.2742076e-03  3.2813661e-03\n  -7.4262931e-03  8.0857435e-03  8.8116787e-05  1.7294739e-04\n   1.3384804e-02 -9.6147573e-03  4.1717454e-03  1.5085172e-04\n   6.2636430e-03 -1.3835179e-03  7.6485672e-03  2.1230879e-03\n  -2.1395406e-03 -9.8356337e-04  4.1727680e-03  8.3635896e-03\n   1.1236872e-02  1.2467655e-02  6.4172354e-03  2.1818911e-03\n   7.9680765e-03 -1.0875229e-03 -1.7658485e-03 -1.0140649e-02\n  -2.2644356e-03  2.1379835e-03  6.8095559e-04  9.6124466e-05\n  -3.8425601e-03 -7.0982962e-03]\n [-3.9090278e-06 -2.8146747e-05  9.7906304e-06 -9.3111139e-06\n   1.5276801e-05  7.9111924e-06 -1.9156252e-05  5.2743430e-06\n  -2.5283383e-05  1.3704899e-05  3.3581541e-06 -6.7562137e-06\n   3.8315586e-05 -5.0394410e-05  1.6714450e-05  2.9434184e-06\n   2.1797552e-05  7.9149513e-06  3.0960760e-05  4.4566887e-06\n  -2.6301517e-05 -2.8273118e-06  2.4525492e-05  3.9102863e-05\n   3.9758805e-05  4.6113269e-05  3.4049219e-05 -5.4063630e-06\n   2.4385554e-05 -1.1189848e-05  7.0497463e-06 -4.0654049e-05\n  -1.4906345e-05  1.5579761e-05  1.4061999e-05  3.6009837e-06\n  -3.0166228e-05 -3.3191365e-05]\n [ 1.8253824e-04  2.0831419e-04 -1.9540652e-03 -6.6452607e-04\n   8.4176159e-04  6.4155413e-04  6.7429576e-04 -1.8389170e-03\n   4.6242527e-03 -1.4928427e-03  3.1060269e-03 -2.6241702e-03\n  -3.0674776e-03  6.1663911e-03 -2.1912290e-03  1.0982783e-03\n  -2.0620592e-03 -3.7941980e-04 -2.0808184e-03  1.2783464e-03\n   2.2490122e-03 -7.5704942e-04 -3.3017257e-03 -3.6675506e-03\n  -1.6215354e-03 -3.8931763e-03  1.7008651e-04 -1.0345529e-03\n  -1.8350193e-03  4.5140195e-04 -3.6264447e-04  2.2116825e-03\n  -5.3407013e-04  1.0616510e-03 -1.0414890e-03 -1.4319696e-03\n  -9.2985239e-05  1.3748601e-03]\n [ 2.0274919e-02  1.3108392e-02 -9.7637549e-03 -1.8132098e-02\n   1.6160615e-02  1.7212724e-05 -3.5174268e-03 -4.5707859e-03\n   3.9093673e-02 -2.0597875e-02  2.5935872e-02 -1.9362165e-02\n  -1.6998677e-02  6.0450893e-02 -8.7049939e-03  1.7361119e-02\n  -2.1893028e-02  3.2083297e-04 -2.1731431e-02  9.4802817e-03\n   2.6466260e-02 -1.5117776e-02 -3.8769338e-02 -3.7153922e-02\n  -2.5591765e-02 -3.6615413e-02 -1.7328864e-02 -1.3773837e-02\n  -1.4609529e-02  1.9091664e-02 -9.0537453e-03  2.8105747e-02\n   2.7200468e-03  1.2038710e-02 -5.1230728e-03 -7.9490086e-03\n  -5.8338110e-04  2.8120643e-03]\n [ 1.0013706e-02  7.3038968e-03 -2.9835189e-03  9.0217246e-03\n  -2.4946393e-03  5.1351814e-03  8.3173085e-03  1.3661529e-03\n   1.2172644e-02  7.6297659e-04 -1.9444078e-03 -5.6469551e-04\n  -2.3906497e-02  2.8725369e-02 -6.5837605e-03 -2.2950894e-03\n  -5.1410128e-03  3.0914950e-04 -1.5830085e-02  1.0091652e-03\n   6.5029645e-03  6.5198401e-03 -2.0680076e-02 -2.5313839e-02\n  -1.0503394e-02 -1.5280636e-02  5.4521690e-04  9.7386818e-03\n  -1.8649274e-02 -4.2264285e-03 -5.2307867e-03  1.2615302e-02\n   5.3431205e-03 -3.8052506e-03 -3.6197850e-03 -4.4283001e-03\n   4.2609051e-03  5.6376546e-03]\n [ 2.8362578e-01  2.3153032e-01 -2.1187781e-01 -3.8167807e-01\n   7.9815596e-01 -3.4393123e-01  2.8047785e-01 -1.8013521e-01\n   7.6070148e-01 -6.3715547e-01  1.1433245e+00 -6.3887274e-01\n  -3.1788877e-01  1.3504647e+00 -5.8728057e-01  1.1672734e-01\n  -1.5619838e-01  2.3437746e-01 -2.7152103e-01  4.3113984e-02\n   3.1225729e-01 -7.1738535e-01 -3.4555516e-01 -6.1700183e-01\n  -6.6369355e-01 -9.5189965e-01 -3.3429649e-01 -4.4748929e-01\n  -1.4585720e-01  4.7733998e-01 -1.4950888e-01  6.2222832e-01\n  -1.3250206e-01  4.2381996e-01 -5.0031698e-01 -2.1521409e-01\n  -9.9429198e-02  1.8154144e-01]\n [-2.8832276e-06 -5.1927732e-06 -5.2030805e-07 -3.2297498e-06\n   1.4141908e-06  2.0057628e-06 -3.6543008e-06 -7.3109243e-07\n  -3.0566407e-06  1.2692892e-06  2.2060885e-06 -5.6025908e-07\n   4.8453721e-06 -6.2838876e-06  1.3378203e-06 -1.0675642e-06\n   4.9369437e-06  2.1838599e-07  4.3735527e-06  4.1685112e-06\n  -4.3197713e-07 -1.7294298e-06  3.9069332e-06  4.5799143e-06\n   7.2894522e-06  7.5178164e-06  6.8131799e-06 -9.0408605e-07\n   3.5546711e-06  1.5994514e-06  4.1101930e-07 -5.9557806e-06\n  -3.8418989e-06  2.6947337e-06  8.8611478e-07 -1.4858820e-06\n  -4.5752390e-06 -6.2525478e-06]\n [-6.8589819e-05 -2.4595560e-04  9.8895551e-05 -9.8690383e-05\n   1.1894467e-04  1.1012950e-04 -2.0134223e-04  8.4971776e-05\n  -2.5974153e-04  2.1204154e-04  1.3419876e-05  2.2427919e-05\n   3.1697183e-04 -3.9469445e-04  1.4829001e-04 -3.1669217e-05\n   2.4822378e-04  1.4349191e-05  2.6626175e-04  9.3472860e-05\n  -1.6481509e-04 -2.0913816e-05  2.9050157e-04  3.3438773e-04\n   3.8884248e-04  4.6170238e-04  3.1060018e-04 -9.7147540e-06\n   2.1461584e-04 -4.8046528e-05 -5.4507862e-05 -3.6899833e-04\n  -1.2381595e-04  1.4419120e-04  9.0368318e-05  5.0153967e-06\n  -2.4308825e-04 -3.1612083e-04]\n [-9.5011228e-06 -2.1509182e-05 -1.0157462e-06 -2.8566847e-06\n   4.7043750e-06  3.9702736e-06 -1.0394627e-05 -4.5771071e-06\n  -8.9653331e-06  5.1494098e-06  5.2803848e-06 -3.5265173e-06\n   1.2837748e-05 -2.3831441e-05  9.2367691e-06 -2.4195460e-06\n   1.2856595e-05 -6.4077773e-07  1.4919349e-05  1.5068141e-05\n   9.5839646e-08 -2.2340157e-06  1.1030483e-05  1.8839919e-05\n   2.0352762e-05  2.5483901e-05  1.9306597e-05  8.1607129e-07\n   1.5596464e-05  3.2442479e-06  3.5921341e-06 -2.5122543e-05\n  -1.0473327e-05  1.2667722e-05  5.9422719e-06 -1.7792789e-07\n  -1.4556079e-05 -2.1711956e-05]]",
      "mean_absolute_gradient": "[0.0322849  0.02634589 0.02321286 0.041677   0.08254255 0.03509814\n 0.03006487 0.01922156 0.08353399 0.06723173 0.11785509 0.06643608\n 0.03849223 0.1475739  0.06166836 0.01392032 0.0196466  0.02401375\n 0.03250706 0.00587762 0.03531422 0.07426129 0.04226213 0.07068969\n 0.07209533 0.10341036 0.03617815 0.04756643 0.0197013  0.05028713\n 0.01685812 0.06846429 0.01461918 0.04448865 0.05155886 0.02313534\n 0.01128752 0.02034741]",
      "std_gradient": "[0.08432304 0.06895881 0.06311825 0.11411232 0.23884152 0.10337961\n 0.08407056 0.05405047 0.2265654  0.19070491 0.3420396  0.19090897\n 0.09455951 0.40210617 0.17553695 0.03493835 0.04648264 0.07024798\n 0.0806151  0.01284885 0.0928032  0.21486971 0.10215478 0.18316579\n 0.19818804 0.28397426 0.10003889 0.1342106  0.04324772 0.14283517\n 0.04430688 0.18554881 0.04006237 0.12675601 0.14965293 0.06408133\n 0.03004093 0.0543293 ]"
    },