{
  "batch_name": "soft_finger_batch_4",
  "num_samples": 100,
  "num_features": 38,
  "num_classes": 2,
  "test_accuracy": 0,
  "model_performance": {
    "overall_accuracy": 0.8999999761581421,
    "per_class_accuracy": {
      "0": 0.800000011920929,
      "1": 1.0
    }
  },
  "feature_analysis": {
    "consistently_important": [],
    "method_specific": {},
    "feature_groups": {
      "basic_gradients": {
        "acoustic_importance": 0.1664748507257747,
        "impulse_importance": 0.0,
        "acoustic_vs_impulse_ratio": Infinity
      }
    }
  },
  "saliency_maps_summary": {
    "basic_gradients": {
      "gradients": "[[ 5.28126098e-02  3.95131223e-02 -1.41161373e-02  1.40402038e-02\n  -1.95151605e-02  9.57793090e-03  2.22098231e-02 -9.35431384e-03\n   6.63566589e-02  1.11704553e-02 -4.01227623e-02 -1.65200769e-03\n  -5.44034727e-02  5.82867153e-02 -1.13859931e-02  1.62888970e-02\n  -6.69044582e-03 -1.96597762e-02 -4.54202555e-02  1.05265225e-03\n   7.70786544e-03  1.09975617e-02 -6.34643361e-02 -4.50362787e-02\n  -2.90221572e-02 -2.96797529e-02 -1.69261545e-02  3.03026084e-02\n  -5.15943058e-02 -3.75713147e-02 -4.29786043e-03  2.71430681e-03\n  -1.73061062e-02 -1.24819949e-02 -9.46881715e-03  1.32953841e-02\n   1.54837538e-02  2.59783585e-02]\n [ 1.23538863e-04  7.14318667e-05 -1.55059915e-05  4.66314632e-05\n   3.62942774e-05 -1.78020798e-06  4.88293017e-06 -8.62238448e-05\n   2.04564072e-04 -2.85251026e-05 -9.75225589e-07 -6.14283199e-05\n  -9.92480709e-05  1.84268865e-04 -4.21164077e-05  7.68351092e-05\n  -6.98423610e-05 -7.77451423e-05 -7.84902513e-05  2.29358193e-05\n   6.85285995e-05 -3.70283014e-05 -8.81203741e-05 -1.28746149e-04\n  -6.06814428e-05 -1.02578153e-04 -9.05182460e-05 -5.19649329e-05\n  -5.53923492e-05  5.46935189e-06  2.96061353e-05  4.46339436e-05\n  -8.20958958e-05  1.59068986e-05 -1.01658388e-05  5.72598628e-06\n  -5.59097134e-05  1.46353668e-05]\n [-4.04309295e-03 -4.58437949e-03  2.00678420e-04 -4.19152388e-03\n   6.70773908e-04  6.66413282e-04 -4.84883552e-03  2.05426919e-03\n  -4.61615017e-03  8.82039603e-04  1.48114224e-03  1.49517262e-03\n   4.22599260e-03 -6.08833646e-03  1.97055563e-03 -3.88110499e-03\n   1.68588990e-03  2.47556902e-03  6.15542196e-03  3.13579733e-03\n  -2.02673182e-04  2.93175364e-03  5.95290912e-03  3.65588488e-03\n   5.35135344e-03  5.07516228e-03  4.00062557e-03 -1.49396423e-03\n   5.51612070e-03  1.05871266e-04  1.44175068e-03 -3.90478293e-03\n   1.01388549e-03  9.68891953e-04  2.58199056e-04 -2.27030460e-03\n  -1.96700310e-03 -3.05809476e-03]\n [-1.51465762e+00 -1.43167508e+00 -6.15207665e-02 -8.41618240e-01\n  -1.23136497e+00  2.45883733e-01 -1.00337875e+00  1.33753431e+00\n  -2.22070122e+00  1.58575201e+00 -6.08839214e-01  3.80708486e-01\n   1.08084154e+00 -2.74763036e+00  7.35645056e-01 -1.40335119e+00\n   9.64845538e-01  2.52657712e-01  1.55099213e+00  5.98653972e-01\n  -1.02379978e+00  1.06394160e+00  1.19930124e+00  1.70160425e+00\n   1.03584445e+00  1.46627688e+00  1.25677395e+00  4.22210336e-01\n   9.25880551e-01 -1.38140708e-01 -3.94533463e-02 -1.60287082e+00\n   6.26344144e-01 -8.72438475e-02  4.39461857e-01 -3.84415567e-01\n   4.57249612e-01 -9.34879780e-01]\n [-2.29456800e-05 -4.15642971e-05 -4.13909265e-06 -3.17502163e-05\n  -2.87828220e-06  6.47549723e-06 -4.49505169e-05  4.91545870e-06\n  -1.43864199e-05  1.59703850e-05  1.34012062e-05 -1.03120210e-05\n   2.26258544e-05 -4.43417121e-05  2.16763201e-05 -3.33271091e-05\n   1.27379099e-05  1.91873678e-05  4.18920317e-05  2.12243158e-05\n  -1.47614246e-05  2.26244993e-05  2.99177882e-05  2.36286614e-05\n   3.21200787e-05  3.42494241e-05  3.21502812e-05 -1.65833462e-05\n   4.15170289e-05 -3.48768435e-06  2.10929793e-05 -5.21623224e-05\n   9.56362601e-06  1.54874888e-05  1.95651455e-06 -5.41481950e-06\n  -3.80079800e-05 -3.93749251e-05]\n [-2.35514217e-05 -5.37188098e-05 -2.36189044e-06 -3.96980722e-05\n   3.81396649e-06 -5.23247127e-06 -5.52014426e-05  1.92573061e-05\n  -2.51249003e-05  2.03467862e-05 -2.61541300e-06  3.42751468e-06\n   1.79425115e-05 -4.92837571e-05  3.90054374e-05 -3.26225127e-05\n   2.58261280e-05  3.45810149e-05  3.94102171e-05  1.53436795e-05\n  -1.85545341e-05  3.65642481e-05  1.77898983e-05  4.19609751e-05\n   5.39715620e-05  6.23930173e-05  4.54135225e-05 -6.61581771e-06\n   3.87127620e-05 -1.76079338e-05  2.95738082e-05 -4.70328523e-05\n   1.60916024e-05  9.56863823e-06  2.95041923e-06 -6.96346342e-06\n  -3.30307303e-05 -3.78993682e-05]\n [ 1.63432229e-02  7.68408226e-03  1.08669838e-03  3.80851584e-03\n   1.21777691e-02  4.78922948e-03  6.71036402e-03 -1.02125360e-02\n   2.41740700e-02 -9.97737609e-03  5.72488597e-03 -5.50512364e-03\n  -1.33619420e-02  2.73266658e-02 -1.06958374e-02  7.24050496e-03\n  -4.52940213e-03 -7.32836965e-03 -1.42444326e-02 -3.64985131e-03\n   7.85105210e-03 -6.42213877e-03 -1.32578909e-02 -1.48514817e-02\n  -7.37627642e-03 -9.84016061e-03 -6.93931757e-03 -5.39249834e-03\n  -4.47031064e-03  1.93999487e-03  2.98184832e-03  1.39042065e-02\n  -9.33028571e-03  1.89001346e-03 -4.58649080e-03  1.08555192e-03\n  -4.05364484e-03  3.95846181e-03]\n [ 1.00770714e-02  6.94443658e-03  7.70580547e-04  3.51609243e-03\n   1.97090348e-03  3.35404620e-04  3.71714635e-03 -3.06300772e-03\n   1.44243473e-02  5.11001272e-04 -1.56852813e-03 -3.49440379e-03\n  -5.67245763e-03  1.53865302e-02 -1.50082703e-03  6.62280200e-03\n  -5.47801889e-03 -7.38318358e-03 -5.37879160e-03 -3.95266485e-04\n   3.29933153e-03 -4.00124537e-03 -8.16404726e-03 -8.82573333e-03\n  -4.74428805e-03 -7.26793893e-03 -5.84609201e-03 -1.50073564e-03\n  -5.49337082e-03 -8.13186693e-04 -7.06603460e-04  5.89214684e-03\n  -6.80845464e-03 -5.11773338e-04 -1.31672609e-03 -4.13732138e-04\n  -4.87840553e-05  4.79485141e-03]\n [ 3.59545607e-04  1.62646131e-04 -2.81504545e-05  2.98915638e-05\n   7.09952874e-05  8.62387897e-05  1.55372545e-05 -1.65812729e-04\n   5.17079898e-04 -3.35499899e-05 -2.47670923e-05 -4.68630169e-05\n  -3.26734706e-04  5.15996944e-04 -1.29236389e-04  1.07380234e-04\n  -1.28844273e-04 -2.12236628e-04 -1.49431522e-04  2.20761240e-06\n   2.22618677e-04 -5.60609915e-05 -1.96697540e-04 -4.21871606e-04\n  -1.00926474e-04 -1.68206490e-04 -2.36130480e-04 -7.41426356e-06\n  -9.59289464e-05 -7.23159537e-05  1.42114723e-05 -1.87702426e-05\n  -1.61927470e-04  1.73981716e-05 -3.78312725e-05  4.06680483e-05\n  -1.08707260e-04  3.66622189e-05]\n [-1.37566531e+00 -1.19317806e+00 -1.04081340e-03 -2.33351305e-01\n  -8.25526536e-01  1.68547407e-01 -6.39423788e-01  6.25774682e-01\n  -2.14770699e+00  4.06612337e-01  2.18430653e-01  3.83193463e-01\n   8.48631024e-01 -2.11524868e+00  1.86291248e-01 -7.85082281e-01\n   8.66162181e-01  2.03065827e-01  1.17254698e+00  1.54038876e-01\n  -9.48395789e-01  5.41788399e-01  1.07120931e+00  1.48751831e+00\n   7.37886786e-01  1.07785249e+00  6.76363170e-01 -5.16686328e-02\n   4.77118134e-01  1.82418436e-01 -3.98565046e-02 -8.08954597e-01\n   9.01602626e-01  2.10116446e-01  6.92314208e-02 -5.43772995e-01\n   4.80950713e-01 -2.60127276e-01]]",
      "mean_absolute_gradient": "[0.29741287 0.26839083 0.00787858 0.11006738 0.20913401 0.04298999\n 0.16804092 0.19882694 0.44787407 0.20150037 0.0876209  0.07761706\n 0.20076032 0.49707612 0.09477215 0.22227171 0.18496287 0.04929142\n 0.27950472 0.0760988  0.1991581  0.1630235  0.23616822 0.3262108\n 0.18204731 0.25963598 0.19672537 0.05126513 0.14703043 0.03610884\n 0.00888324 0.24384037 0.15626752 0.03132714 0.05243764 0.09453124\n 0.09599892 0.12329254]",
      "std_gradient": "[0.5828864  0.5302748  0.01851867 0.25517118 0.42110777 0.08396552\n 0.33990505 0.4246722  0.8791085  0.47772336 0.2004968  0.15325697\n 0.39314982 0.987694   0.22250614 0.46029145 0.36763245 0.09361067\n 0.55433005 0.18040329 0.39575514 0.34157577 0.4593388  0.6430266\n 0.3628197  0.5183309  0.4090966  0.12902994 0.30103636 0.0733275\n 0.01593207 0.5148852  0.31337467 0.07116789 0.13178559 0.18964656\n 0.18732275 0.28408605]"
    },