{
  "batch_name": "soft_finger_batch_4",
  "num_samples": 100,
  "num_features": 38,
  "num_classes": 2,
  "test_accuracy": 0.8500000238418579,
  "model_performance": {
    "overall_accuracy": 0.8500000238418579,
    "per_class_accuracy": {
      "0": 0.800000011920929,
      "1": 0.8999999761581421
    }
  },
  "feature_analysis": {
    "consistently_important": [],
    "method_specific": {},
    "feature_groups": {
      "basic_gradients": {
        "acoustic_importance": 0.054002343811781,
        "impulse_importance": 0.0,
        "acoustic_vs_impulse_ratio": Infinity
      }
    },
    "top_features": [
      13,
      23,
      1,
      10,
      12,
      8,
      9,
      25,
      28,
      14
    ]
  },
  "saliency_maps_summary": {
    "basic_gradients": {
      "gradients": "[[ 2.01817788e-02  7.70118758e-02 -2.39207856e-02  4.28970195e-02\n   4.08446342e-02  3.48911039e-03 -2.69542206e-02 -3.46303806e-02\n   1.08083650e-01 -4.84468341e-02  6.57406002e-02 -2.74095703e-02\n  -6.78872541e-02  1.11753412e-01 -3.34070176e-02  4.37344462e-02\n  -7.48841316e-02 -4.26998641e-03 -3.43180448e-02  2.63159387e-02\n   2.37161536e-02 -9.40986350e-03 -7.18811601e-02 -9.17335674e-02\n  -4.22826000e-02 -5.06755821e-02 -3.93692404e-02 -3.90761197e-02\n  -2.63343807e-02 -3.14562418e-03  3.32851522e-03  4.59676795e-02\n  -3.52288000e-02  7.30199227e-03  1.00863082e-02  1.16503146e-02\n  -4.02125865e-02  1.98244024e-02]\n [-1.56543698e-04 -1.67783801e-04  3.66893000e-05 -1.17881107e-04\n  -2.40399822e-05  1.17320036e-04 -7.43662968e-05 -5.10894597e-06\n  -6.73962786e-05 -4.69225342e-05  6.19738330e-07 -2.92042587e-05\n   1.95105546e-04 -1.58827403e-04  5.87640716e-05  9.37374625e-06\n   5.13315572e-05 -2.74449903e-05  1.73522567e-04  6.20573774e-05\n   2.30973528e-05 -4.77650065e-05  1.62616372e-04  1.83333061e-04\n   1.35259004e-04  1.24978222e-04  7.85291704e-05 -1.12204280e-05\n   1.80519783e-04  5.03384654e-05  1.84144519e-05 -2.36218388e-04\n  -2.66359129e-05  5.68400501e-05 -3.75950258e-05 -5.10249265e-05\n  -4.95883105e-05 -1.98323338e-04]\n [ 6.04961591e-04  3.59075353e-03 -1.55381334e-04  3.80558398e-04\n   3.85440479e-04  5.79820946e-04 -7.97513814e-04 -1.37944322e-03\n   2.73554353e-03 -1.94516080e-03  1.53826457e-03 -1.30013435e-03\n  -2.73746299e-03  3.57040484e-03 -1.33698841e-03  6.44739950e-04\n  -2.05600145e-03 -1.03165384e-03 -1.75535912e-04  7.89799087e-04\n   5.14034647e-04 -3.08151502e-04 -1.63054571e-03 -3.60180275e-03\n  -1.53985247e-03 -1.67936843e-03 -1.01448654e-03 -7.39856041e-04\n  -1.91970076e-03 -2.26014672e-04  5.16089785e-04  7.83438911e-04\n  -5.26644173e-04 -5.49359655e-04 -2.82083987e-04  9.40392274e-05\n  -1.01957878e-03  8.24470917e-05]\n [-2.78756420e-06 -3.44193472e-06  1.36338303e-06 -1.94912877e-06\n  -3.63045274e-07  1.81893563e-06 -8.64082608e-07 -1.58037903e-08\n  -1.07890980e-06 -7.84323106e-07 -8.32584419e-07 -9.99612098e-07\n   2.94523807e-06 -2.57314582e-06  1.93876394e-06 -5.43366582e-07\n   1.99167107e-06 -4.64691141e-07  3.19565902e-06  1.47826108e-06\n   3.55555414e-07 -8.37922926e-07  2.48372180e-06  3.42362955e-06\n   2.99943895e-06  3.08011613e-06  1.68241706e-06  6.25105486e-07\n   2.10100961e-06  7.45050500e-07  2.27487774e-07 -3.80899291e-06\n  -1.77917883e-07  1.22400900e-06  3.28144807e-07  8.71914551e-07\n  -7.58019667e-07 -2.76145465e-06]\n [-2.81034147e-07 -5.56967450e-07 -1.99386427e-08 -8.26939228e-08\n   1.53290344e-07  1.00290762e-07 -1.78436636e-07 -1.31163089e-08\n  -1.63600475e-07 -9.96720004e-08 -8.66139800e-08 -1.88337168e-07\n   4.98413385e-07 -3.62630487e-07  2.46884213e-07 -4.28054889e-08\n   1.10823372e-07  1.48610880e-07  4.18657748e-07  8.88351153e-08\n   3.76123168e-08 -1.56488706e-08  1.66254480e-07  5.21207028e-07\n   4.65281488e-07  4.30014808e-07  2.07072006e-07 -6.80439243e-08\n   2.48289922e-07  1.84548714e-08  2.93354088e-08 -5.00658189e-07\n  -1.41180962e-07  1.53394964e-07  1.02186746e-07  1.28241027e-07\n  -2.44706712e-07 -4.92341428e-07]\n [ 7.58404508e-02  1.41429543e-01 -2.86039189e-02  7.92090222e-02\n  -5.59801841e-03 -3.33776139e-02  1.89853441e-02 -2.80240420e-02\n   1.54057741e-01 -2.35680602e-02  2.54158247e-02  1.70279201e-02\n  -2.15204582e-01  2.01510459e-01 -7.50499293e-02 -4.42030985e-04\n  -3.77548151e-02  8.94266460e-03 -5.17282858e-02  3.62343155e-02\n  -2.51451842e-02  1.90059654e-02 -1.91948026e-01 -1.79684460e-01\n  -7.21037239e-02 -1.24922119e-01 -3.55744660e-02  3.39595415e-02\n  -1.51834965e-01 -1.01631202e-01  4.58398387e-02  7.56770223e-02\n  -1.51831415e-02 -5.07265888e-02 -2.83091539e-03  2.15394571e-02\n   3.71280150e-03  4.38525230e-02]\n [ 4.37314451e-01  9.10219610e-01 -9.99979302e-02  3.53507906e-01\n   4.30381209e-01  3.12080562e-01 -1.56252459e-01 -3.19931775e-01\n   5.73565304e-01 -7.80083895e-01  1.02259040e+00 -2.95834720e-01\n  -5.42493880e-01  1.46598351e+00 -5.79141498e-01 -1.32308021e-01\n  -5.62889338e-01 -1.95935965e-01 -5.02138793e-01 -6.94295466e-02\n   1.74301714e-01  4.59175706e-02 -3.39703351e-01 -9.86960471e-01\n  -3.98298234e-01 -6.31544352e-01 -3.96186382e-01 -4.78496462e-01\n  -5.69167972e-01  2.97202677e-01 -1.27655389e-02  4.75059569e-01\n  -2.82164037e-01 -8.87092501e-02  4.49200347e-02  6.13567419e-02\n  -2.87305206e-01  4.53067869e-01]\n [-2.42210459e-02 -5.78888021e-02  6.76116440e-04 -1.11550596e-02\n   3.19713680e-03  2.83075985e-03 -3.68731585e-03  1.00805368e-02\n  -2.85975300e-02  1.26987649e-02  3.40227387e-03 -7.03479536e-03\n   5.59301153e-02 -3.66379730e-02  1.15398532e-02 -1.04803648e-02\n   1.94895882e-02  6.59255451e-03  2.38574147e-02 -2.68990593e-03\n  -2.79649021e-03 -8.98700033e-04  2.25594435e-02  6.30161613e-02\n   2.66266186e-02  3.96102145e-02  3.02648470e-02 -1.01135448e-02\n   4.20848839e-02  8.73814709e-03 -1.12068532e-02 -4.02996019e-02\n  -4.25908854e-03 -1.06177598e-04 -5.29684406e-03 -1.27025472e-03\n  -5.85504668e-03 -3.07863038e-02]\n [ 2.09518708e-03  4.14909003e-03 -1.78857765e-03  3.96601995e-03\n   2.34199758e-03 -3.04043817e-04 -9.23410698e-04 -1.98236550e-03\n   5.54624572e-03 -1.78596133e-03  3.99793824e-03 -1.76655303e-03\n  -2.79427436e-03  7.09737837e-03 -2.19386327e-03  1.44362543e-03\n  -2.45440216e-03 -3.68132227e-04 -1.14819896e-03  4.41872020e-04\n   8.78451334e-04 -8.12530750e-04 -4.65478888e-03 -4.48346045e-03\n  -1.95166795e-03 -3.66843329e-03 -2.50037108e-03 -2.41238088e-03\n  -2.04858370e-03  7.56628695e-04  1.15711370e-03  2.78831413e-03\n  -1.94492831e-03 -1.73118242e-04  9.48500237e-04  2.29740678e-03\n  -1.56541332e-03  9.60019359e-04]\n [ 5.53752761e-05  2.01729636e-04 -4.08880551e-05  1.25088642e-04\n   7.50434119e-05 -2.35388379e-05 -5.48735043e-05 -1.36509581e-04\n   2.98712781e-04 -5.07644872e-05  1.37333001e-04 -1.15950141e-04\n  -1.62877172e-04  3.02209111e-04 -8.18045883e-05  1.01595302e-04\n  -8.99350998e-05 -2.14635784e-05 -9.16051504e-05  5.89028605e-05\n   4.73528198e-05 -7.13240079e-05 -2.11109495e-04 -2.17607769e-04\n  -1.72062690e-04 -1.26534607e-04 -1.23900405e-04 -1.34207308e-04\n  -1.11801579e-04  6.39494510e-06  4.14214664e-05  1.05740044e-04\n  -1.31317793e-04  5.03638403e-05  3.04192272e-05  4.76876303e-05\n  -9.13456679e-05 -1.62281481e-06]]",
      "mean_absolute_gradient": "[0.05604728 0.11946632 0.01552217 0.04913606 0.0482848  0.03528047\n 0.02077306 0.03961702 0.08729534 0.08686273 0.11228241 0.03505201\n 0.0887409  0.1827017  0.07028119 0.01891648 0.06996717 0.02171905\n 0.06136351 0.01360239 0.02274229 0.00764727 0.06327537 0.13298848\n 0.05431135 0.08523551 0.05051141 0.0564944  0.07936852 0.04117578\n 0.0074874  0.06409219 0.03394649 0.01476751 0.00644331 0.00983079\n 0.03398126 0.05487767]",