{
  "batch_name": "soft_finger_batch_4",
  "num_samples": 100,
  "num_features": 38,
  "num_classes": 2,
  "test_accuracy": 0.8500000238418579,
  "model_performance": {
    "overall_accuracy": 0.8500000238418579,
    "per_class_accuracy": {
      "0": 0.800000011920929,
      "1": 0.8999999761581421
    }
  },
  "feature_analysis": {
    "consistently_important": [],
    "method_specific": {},
    "feature_groups": {
      "basic_gradients": {
        "acoustic_importance": 0.21330490178967776,
        "impulse_importance": 0.0,
        "acoustic_vs_impulse_ratio": Infinity
      }
    }
  },
  "saliency_maps_summary": {
    "basic_gradients": {
      "gradients": "[[-1.86792016e+00 -1.41735005e+00 -2.11746007e-01 -1.16941619e+00\n  -1.16142988e+00  9.99154568e-01 -8.91565144e-01  9.07459736e-01\n  -1.24825847e+00  9.86673355e-01 -6.02058470e-01  8.67721345e-03\n   1.79554725e+00 -2.22828221e+00  1.30006611e+00 -1.46466660e+00\n   3.64253938e-01 -1.40842885e-01  2.12001300e+00  1.56448245e-01\n  -9.60956991e-01  7.25783646e-01  1.63341022e+00  1.30203211e+00\n   9.91442323e-01  1.03055191e+00  4.78956997e-01  5.13308346e-01\n   1.17516577e+00 -5.45917302e-02 -8.31963941e-02 -1.42642117e+00\n   4.27520663e-01 -4.29519594e-01  3.25664622e-03 -1.83506608e-01\n  -6.01051971e-02 -8.91559362e-01]\n [-1.69128485e-04 -2.17660578e-04 -3.69884219e-05 -1.51944158e-04\n  -2.31807462e-05  1.19950229e-04 -1.55872272e-04  7.34516698e-06\n  -6.64163163e-05  7.17447547e-05 -1.94945333e-05 -7.36361326e-05\n   2.51754886e-04 -3.55558150e-04  5.03373303e-05 -9.06291170e-05\n   6.54945106e-05  1.66203936e-05  3.32987198e-04  8.37186690e-06\n  -6.91314490e-05  1.05818261e-04  1.19997923e-04  2.47381860e-04\n   1.64030324e-04  2.86485942e-04  1.09904853e-04 -4.41490047e-05\n   6.22890948e-05 -7.28456944e-05  1.32938949e-04 -3.53390060e-04\n  -4.66209749e-05  7.70814804e-05  1.16451265e-04 -1.15772809e-05\n  -1.02878759e-04 -2.30904945e-04]\n [ 8.00386131e-01  7.83562779e-01  2.18820915e-01  1.23374119e-01\n   8.87900770e-01 -2.03254908e-01  2.18393341e-01 -5.43012381e-01\n   7.45333672e-01 -5.25510073e-01  6.23645365e-01 -1.85359314e-01\n  -5.84576607e-01  1.68006802e+00 -6.27829969e-01  4.43503410e-01\n   4.80496734e-02  1.87913835e-01 -9.95304465e-01 -1.31916394e-02\n   2.10900575e-01 -6.59787953e-01 -7.42056370e-01 -7.42605329e-01\n  -9.25514698e-01 -3.90057474e-01 -2.29383335e-01 -2.95219302e-01\n  -4.22294103e-02  5.65912664e-01 -3.81648153e-01  8.06437612e-01\n  -2.10568175e-01  2.89466023e-01 -2.96617538e-01 -2.51482695e-01\n  -4.52219427e-01  3.68375719e-01]\n [-9.72448743e-06 -1.20574659e-05 -2.38195298e-06 -1.03045850e-05\n  -1.79410154e-06  6.03842545e-06 -6.61951754e-06  2.29813122e-06\n  -7.72120984e-06  5.35196295e-06  8.09424193e-07 -1.66816176e-06\n   1.06494244e-05 -1.65906586e-05  9.07731737e-06 -5.11637427e-06\n   4.59322837e-06  4.15580507e-06  1.88599424e-05  4.21687673e-06\n  -3.56445003e-06  1.68850966e-06  5.08867333e-06  9.52490245e-06\n   9.44102067e-06  1.62347878e-05  8.64613139e-06  5.26978397e-07\n   7.60840294e-06 -5.30020259e-07  1.72793898e-06 -1.89258499e-05\n  -4.87439706e-07  7.26141650e-07  3.20147751e-06 -2.35834378e-07\n  -5.89407227e-06 -1.27412713e-05]\n [ 2.17353571e-02  2.11988762e-02  3.74717382e-03  6.72935462e-03\n   1.36611061e-02 -1.04138637e-02  4.72412771e-03 -1.46368621e-02\n   2.79186107e-02 -1.05208065e-02  1.75799746e-02 -6.88472949e-03\n  -1.30314380e-02  3.91494296e-02 -1.09716030e-02  1.43483216e-02\n  -7.36959884e-03 -1.72657764e-03 -2.15190090e-02  7.71135977e-03\n   1.50557449e-02 -1.15102846e-02 -2.09690519e-02 -1.63270198e-02\n  -1.42835854e-02 -9.38336924e-03 -5.77014964e-03 -6.45420933e-03\n  -5.64968260e-03  1.13396430e-02 -4.57854290e-03  1.13099022e-02\n  -7.53352093e-03  3.07594985e-03  2.47911504e-03 -1.63450465e-03\n  -2.48913630e-03  7.32568698e-03]\n [-6.08952856e-03 -4.79896553e-03 -1.02785521e-03 -5.99092804e-03\n  -1.78425596e-03  3.28059308e-03 -1.70587085e-03  2.24228925e-03\n  -2.47668009e-03  4.40623844e-03  2.66014795e-05 -2.94808386e-04\n   7.57717481e-03 -7.42919277e-03  1.93906447e-03 -4.58307005e-03\n   1.69179018e-03  8.79819854e-04  8.41895025e-03  1.67330692e-03\n  -2.45379587e-03  1.22202199e-03  4.04674700e-03  5.85907884e-03\n   3.20036570e-03  6.61451789e-03  4.71557816e-03  5.56649291e-04\n   5.40810172e-03  5.93200966e-04 -5.49664546e-04 -7.53944414e-03\n   1.05906185e-03 -6.13002121e-05  1.76757551e-03  1.39322610e-05\n  -1.63864775e-03 -3.09562404e-03]\n [-1.65047455e+00 -1.15526319e+00 -3.80283259e-02 -8.22355092e-01\n  -4.48919386e-01  6.79256022e-01 -3.67685467e-01  6.69914424e-01\n  -1.02735865e+00  3.63500804e-01 -4.20040041e-01  3.26734424e-01\n   1.79514360e+00 -2.19915771e+00  6.78672194e-01 -7.47819066e-01\n   3.70122671e-01 -3.86266619e-01  1.56751120e+00  8.96356907e-03\n  -6.84714496e-01  8.27237427e-01  1.70091915e+00  1.44570351e+00\n   8.02606881e-01  1.01394093e+00  1.82868138e-01  5.55361986e-01\n   9.53877926e-01  3.79814506e-02  1.14684761e-01 -1.32894337e+00\n   3.71161222e-01 -2.87913293e-01 -1.00882255e-01 -4.30688798e-01\n   4.33990180e-01 -1.13019454e+00]\n [-1.41847529e-04 -1.30504603e-04 -2.52637193e-07 -1.12479487e-04\n  -2.55497616e-05  1.01719168e-04 -5.51774538e-05  5.85436428e-05\n  -2.94274141e-05  3.94041454e-05  1.02963240e-05 -2.43714076e-05\n   1.43320067e-04 -1.83453594e-04  4.69407860e-05 -6.78942815e-05\n   3.43677129e-05  9.97663960e-07  2.12913190e-04  8.13869337e-05\n  -1.26584373e-05  7.91528219e-05  1.36108021e-04  1.03017745e-04\n   1.06312669e-04  1.67152175e-04  8.11130813e-05  2.20944257e-05\n   9.45568463e-05  1.55253074e-05  4.07809384e-05 -1.58823255e-04\n   4.20218612e-06  3.42571548e-05  2.01012845e-05 -7.02590041e-05\n  -7.35504364e-05 -1.26035171e-04]\n [ 1.03030284e-03  7.48050632e-04  1.55573114e-04  1.17720068e-04\n   1.12049864e-04 -2.90024152e-04  2.00280701e-04 -4.05613100e-04\n   1.19970215e-03 -1.78375267e-04  7.47734215e-04 -2.54816783e-04\n  -8.14122090e-04  1.64829218e-03 -3.22689331e-04  1.97562491e-04\n  -4.88078949e-05  8.97937025e-06 -9.23506799e-04  6.57673052e-04\n   6.07497583e-04 -3.00689804e-04 -1.11282978e-03 -1.28376065e-03\n  -5.94361569e-04 -5.51256235e-04  2.24958465e-04 -2.38805747e-04\n  -5.36827720e-04 -3.56606361e-05 -1.28983724e-04  3.81335005e-04\n  -7.01838071e-05  4.25669168e-05 -6.33527889e-05 -4.81290626e-05\n  -6.88862419e-05  3.29154776e-04]\n [ 3.76119986e-02  2.97137033e-02  1.44323744e-02  2.47703530e-02\n   3.88250593e-03 -2.01726239e-02  1.02695515e-02 -1.22338850e-02\n   4.13523167e-02  9.27828718e-03  4.55686910e-04 -9.06861760e-03\n  -3.31019349e-02  6.55926913e-02  5.35410130e-03  1.34060616e-02\n  -9.93621349e-03  5.15117263e-03 -2.74691712e-02 -1.11854104e-02\n  -5.86792221e-03 -9.92680900e-03 -4.25829589e-02 -3.23444046e-02\n  -2.22957470e-02 -1.73775405e-02  3.52165342e-04 -1.89950559e-02\n  -3.15512940e-02 -9.14328359e-03 -5.49819879e-03  1.96965411e-02\n  -2.48897192e-03 -4.31753043e-03  1.72353408e-03 -5.25164651e-04\n  -1.09919440e-02  2.04251166e-02]]",
      "mean_absolute_gradient": "[0.43855685 0.3412996  0.04879978 0.21530285 0.25177404 0.19160505\n 0.14947614 0.21499737 0.30940014 0.19001845 0.16645844 0.05373736\n 0.4230198  0.6221884  0.2625262  0.26886877 0.08015772 0.07228117\n 0.47417244 0.01999252 0.18806425 0.22359553 0.41453582 0.35465148\n 0.27602178 0.24689469 0.09024709 0.13902012 0.22145836 0.06796865\n 0.05904601 0.36012602 0.10204531 0.10145082 0.04069297 0.08679819\n 0.09616858 0.2421675 ]",
      "std_gradient": "[0.7839658  0.60458195 0.09714413 0.41473323 0.47844422 0.35943407\n 0.2953496  0.38283312 0.5438543  0.3624244  0.302281   0.11812606\n 0.7687123  1.0921701  0.48617348 0.5095891  0.14605744 0.13898467\n 0.85091317 0.04757412 0.351175   0.3962878  0.7397981  0.6287647\n 0.4913989  0.44448048 0.1722894  0.24565724 0.43261757 0.17158738\n 0.12359926 0.6388181  0.18204647 0.1824242  0.091166   0.14390261\n 0.19892566 0.44080743]"
    },