{
  "batch_name": "soft_finger_batch_4",
  "num_samples": 100,
  "num_features": 38,
  "num_classes": 2,
  "test_accuracy": 0,
  "model_performance": {
    "overall_accuracy": 0.8500000238418579,
    "per_class_accuracy": {
      "0": 0.800000011920929,
      "1": 0.8999999761581421
    }
  },
  "feature_analysis": {
    "consistently_important": [],
    "method_specific": {},
    "feature_groups": {
      "basic_gradients": {
        "acoustic_importance": 0.2670396222291808,
        "impulse_importance": 0.0,
        "acoustic_vs_impulse_ratio": Infinity
      }
    }
  },
  "saliency_maps_summary": {
    "basic_gradients": {
      "gradients": "[[ 9.0137070e-01  1.3514935e+00 -4.4327855e-01  2.1036614e-01\n   8.1473255e-01  5.3917438e-01  4.9712244e-01 -7.9361367e-01\n   1.6476302e+00 -1.4200673e+00  1.6918534e+00 -5.1167625e-01\n  -8.5208589e-01  1.9049107e+00 -6.5464306e-01  4.4256061e-01\n   3.3134267e-02 -8.2525223e-02 -1.1553963e+00 -2.8693324e-01\n   7.5434768e-01 -1.8071912e-01 -6.5562797e-01 -1.0910749e+00\n  -7.8171569e-01 -8.9477193e-01 -1.5446506e-01 -5.4352786e-02\n  -4.4869692e-03  8.5116839e-01  2.0315114e-01  8.6456573e-01\n  -4.2770433e-01 -3.6728218e-02 -9.3960464e-01 -3.9498028e-01\n  -9.7340047e-03  4.8096243e-01]\n [ 3.8059965e-01  6.9038957e-01  1.7621182e-02  3.9419034e-01\n   4.5894700e-01  4.4401497e-02  2.0934539e-01 -3.6698580e-01\n   1.3558633e+00 -6.0794002e-01  4.4625530e-01 -1.7597944e-01\n  -9.0110469e-01  1.2583174e+00 -5.8786005e-01  7.0061111e-01\n  -4.6100935e-01 -4.7763411e-02 -3.6964080e-01  2.1140698e-01\n   7.8000033e-01 -1.5920225e-01 -4.5093700e-01 -9.0716916e-01\n  -4.8966667e-01 -6.1506307e-01 -5.3960603e-01 -4.2927238e-01\n   4.4120207e-02  4.5180121e-01  2.3838982e-02  3.7401652e-01\n  -3.2995448e-01  1.8969807e-01 -3.9469740e-01 -7.5359479e-02\n   2.5761101e-01  1.2530039e-01]\n [-1.0754342e+00 -1.3816526e+00  6.7691222e-02 -6.0135263e-01\n  -4.6123543e-01  3.3144915e-01 -9.2538661e-01 -1.4835915e-01\n  -1.6736336e+00  2.7753276e-01 -2.1476541e-01  3.5202992e-01\n   1.3699687e+00 -1.9667239e+00  9.9746251e-01 -8.5887474e-01\n   7.2058266e-01 -1.7800491e-01  9.1445750e-01  1.0744572e-01\n  -9.4724292e-01  2.2730628e-01  1.2521458e+00  1.5827600e+00\n   1.1377447e+00  1.0569125e+00  6.5494984e-01  2.6776922e-01\n   1.0830331e+00 -2.5208342e-01 -2.4088097e-01 -1.1332830e+00\n   4.4501299e-01  2.4710414e-01  4.8483658e-01 -2.4833308e-01\n  -9.9526066e-03 -4.3207386e-01]\n [-3.0645259e-07 -3.7188198e-07  1.6294301e-07 -2.8501361e-07\n  -7.0632730e-08  5.9815491e-08 -1.8777463e-07  4.5451330e-08\n  -2.9194754e-07  6.4222455e-08 -8.5718717e-08 -2.5030060e-08\n   2.2906440e-07 -4.5370513e-07  2.6919795e-07 -2.6280034e-07\n   2.0821143e-07  1.4418293e-07  4.4852533e-07  3.3682383e-07\n  -2.5037957e-07 -2.4541405e-08  1.8419780e-07  4.2461605e-07\n   3.3144292e-07  4.0504591e-07  1.4608456e-07  1.3137571e-07\n   5.1435752e-08 -1.2184874e-07  2.7750206e-08 -3.9134150e-07\n  -2.6898855e-08  2.8317059e-08  2.4531172e-07  1.1775660e-07\n  -2.1482680e-07 -4.2902215e-07]\n [-2.7381520e-07 -3.8432856e-07  1.5300346e-07 -2.8476384e-07\n  -6.0024796e-08  3.0791700e-08 -2.3620871e-07  3.9129780e-08\n  -3.2123123e-07  7.6562912e-08 -1.4452635e-07  7.4331002e-10\n   2.6955365e-07 -5.4506717e-07  2.7348190e-07 -2.4842578e-07\n   1.0657664e-07  1.1067503e-07  4.6093140e-07  3.7481664e-07\n  -1.9914731e-07  1.2785248e-08  2.6764266e-07  3.5779161e-07\n   3.4348949e-07  4.0319142e-07  9.0984635e-08  6.0191418e-08\n   9.2027811e-08 -5.4255946e-08 -3.4798287e-08 -4.0251805e-07\n   7.1641608e-09  8.3855070e-08  2.5335629e-07  7.8277594e-08\n  -2.1625368e-07 -4.6501145e-07]\n [-1.1781552e+00 -1.5464661e+00  6.1223304e-01 -6.3147908e-01\n  -7.9716396e-01  4.1830066e-01 -7.6312757e-01  4.2508665e-01\n  -1.7211831e+00  8.2293683e-01 -5.1767153e-01  3.4954667e-01\n   1.8996468e+00 -2.5571260e+00  1.3390450e+00 -8.4039867e-01\n   5.8581007e-01  1.5360633e-01  1.2242056e+00  4.8682424e-01\n  -1.1588384e+00  4.8910028e-01  1.0368007e+00  1.3721398e+00\n   1.5003749e+00  1.3077743e+00  8.3629727e-01  3.7701494e-01\n   6.5491730e-01 -2.8503504e-01 -9.7741222e-01 -1.3200812e+00\n   6.7532033e-01 -5.9717232e-01  9.9012089e-01 -9.1020547e-02\n   9.4786547e-02 -9.3848127e-01]\n [-3.6533555e-07 -5.0132257e-07  1.4644561e-07 -3.7155752e-07\n  -1.3658870e-07  9.8960022e-08 -2.9148910e-07 -2.4678044e-08\n  -3.9168714e-07 -1.6660421e-08 -1.5074581e-07 -6.7072619e-08\n   3.9198432e-07 -6.4525318e-07  3.3958636e-07 -3.4511521e-07\n   2.7123380e-07  1.7344304e-07  6.3435209e-07  4.8616187e-07\n  -2.3818382e-07  8.1303417e-09  3.1482358e-07  5.7062698e-07\n   4.2073415e-07  5.6558326e-07  1.7970052e-07  1.1478226e-07\n   1.1942326e-07 -1.2568169e-07  8.0525453e-08 -5.0768824e-07\n  -5.9581676e-08  1.5827297e-07  2.7835145e-07  1.3657676e-07\n  -3.7019802e-07 -6.3703004e-07]\n [-1.1091018e-03 -2.1066759e-03  2.6097725e-04 -1.2872806e-03\n   1.3185083e-04  8.4015005e-04 -1.0534298e-03  2.3709860e-04\n  -1.6966396e-03  5.3104368e-04 -9.1869483e-04  3.6626484e-04\n   1.7251500e-03 -2.7818643e-03  1.2626406e-03 -6.1895821e-04\n  -2.8701284e-04  7.5826235e-04  2.2957264e-03  9.2325400e-04\n  -1.0965635e-03  5.3392421e-04  1.4618139e-03  1.7163550e-03\n   2.1625615e-03  2.0160950e-03  3.2445445e-04 -5.0382060e-04\n   6.3166860e-04 -8.2225137e-04 -6.8067567e-04 -2.1023010e-03\n  -2.6964021e-04  5.3111254e-04  7.6145108e-04  2.1400696e-04\n  -3.8572439e-04 -1.7545731e-03]\n [ 1.0148702e-03  1.9831471e-03  7.8506986e-05  1.1226252e-03\n   5.2333641e-04 -2.3175894e-04 -8.9725545e-05 -1.0959696e-03\n   2.7041337e-03 -1.4303460e-03  6.3901150e-04 -4.6734459e-04\n  -2.6011772e-03  2.9950987e-03 -1.2016224e-03  1.1034349e-03\n  -1.3737602e-04 -5.3936310e-05 -9.5782959e-04  9.1806229e-04\n   1.3897036e-03 -5.3539366e-04 -9.9307054e-04 -1.9222859e-03\n  -1.5677854e-03 -9.6100464e-04 -1.1282497e-03 -7.4258697e-04\n  -3.6033086e-04  3.4862570e-04  5.1445415e-04  6.4122694e-04\n  -6.6103431e-04  7.2421081e-04 -1.6208556e-03 -3.7335293e-04\n   3.9737756e-04 -5.1565183e-04]\n [ 6.0187858e-03  1.1480988e-02  1.3382880e-04 -9.6762122e-04\n   5.4999846e-03 -1.1069981e-03  7.3363930e-03 -3.9839195e-03\n   1.2333677e-02 -2.9210662e-03  2.8978710e-03 -2.4853933e-03\n  -8.2496405e-03  1.4202301e-02 -3.6032589e-03  2.2523785e-03\n  -2.1395653e-03  1.7777667e-03 -5.1376824e-03 -3.9064558e-03\n   3.4172048e-03 -5.8523525e-04 -5.7176217e-03 -7.9498608e-03\n  -6.2416820e-03 -3.5796457e-03 -1.3113418e-03 -2.5627224e-03\n  -3.6883769e-03 -1.2163188e-03  8.1118318e-04  4.8609041e-03\n  -2.7332285e-03  3.1636842e-03 -6.2254365e-03  1.9455411e-03\n   3.1142772e-04  5.9207520e-03]]",
      "mean_absolute_gradient": "[0.3543704  0.4985574  0.11412978 0.18407665 0.25382346 0.13355048\n 0.2403462  0.17393623 0.6415046  0.31333593 0.28750017 0.13925514\n 0.50353825 0.7707058  0.3585079  0.28464207 0.18031009 0.04644903\n 0.3672093  0.10983592 0.36463338 0.10579823 0.34036845 0.49647337\n 0.3919475  0.38810802 0.21880826 0.11322187 0.17912382 0.18424754\n 0.14472899 0.36995524 0.1881656  0.10751219 0.28178677 0.08122266\n 0.03731795 0.19850104]",
      "std_gradient": "[0.583842   0.80791664 0.23868987 0.3033841  0.41504395 0.1999684\n 0.40428782 0.29803458 1.0150096  0.55260295 0.5636756  0.23213854\n 0.8244025  1.2424948  0.58678913 0.4582616  0.31611952 0.07877786\n 0.61394876 0.18678522 0.581839   0.18296528 0.5601329  0.79444325\n 0.64893985 0.6271865  0.3715074  0.19964996 0.3590392  0.3185924\n 0.30936354 0.6138071  0.30545282 0.21244007 0.4745847  0.1289865\n 0.08028139 0.35449123]"
    },