{
  "batch_name": "soft_finger_batch_2",
  "num_samples": 200,
  "num_classes": 4,
  "classes": [
    "finger blank",
    "finger bottom",
    "finger middle",
    "finger tip"
  ],
  "best_classifier": {
    "name": "Random Forest",
    "mean_accuracy": 0.9949999999999999,
    "std_accuracy": 0.010000000000000009
  },
  "worst_classifier": {
    "name": "SVM (Linear)",
    "mean_accuracy": 0.925,
    "std_accuracy": 0.03535533905932736
  },
  "all_classifiers_performance": {
    "Random Forest": {
      "mean_accuracy": 0.9949999999999999,
      "std_accuracy": 0.010000000000000009
    },
    "SVM (RBF)": {
      "mean_accuracy": 0.945,
      "std_accuracy": 0.02449489742783176
    },
    "SVM (Linear)": {
      "mean_accuracy": 0.925,
      "std_accuracy": 0.03535533905932736
    },
    "K-NN": {
      "mean_accuracy": 0.9350000000000002,
      "std_accuracy": 0.02999999999999997
    },
    "Logistic Regression": {
      "mean_accuracy": 0.93,
      "std_accuracy": 0.033166247903553984
    },
    "Gradient Boosting": {
      "mean_accuracy": 0.975,
      "std_accuracy": 0.022360679774997918
    },
    "Linear Discriminant Analysis": {
      "mean_accuracy": 0.99,
      "std_accuracy": 0.020000000000000018
    }
  }
}