{
  "batch_name": "balanced_collected_data_runs_2026_01_15_workspace_1_pure_contact_undersample",
  "num_samples": 920,
  "num_features": 55,
  "classes": [
    "contact"
  ],
  "class_distribution": {
    "contact": "920"
  },
  "feature_statistics": {
    "features_shape": [
      920,
      55
    ],
    "labels_shape": [
      920
    ],
    "feature_mean": [
      1199.4963548708008,
      2860.950344225053,
      5043.444293478261,
      0.025569634169907027,
      9.168237214876886,
      5.539536657934052,
      6.16100998248039,
      7.045781947861203,
      15.68130253361486,
      0.005614384348281537,
      538.4765625,
      0.08701110536475544,
      3.138505616524202,
      0.9026006556723429,
      3.315757532223411,
      -7.897442936701641e-05,
      7.897442936701641e-05,
      0.029164711181479303,
      0.0003049683025892591,
      0.0025830807893172554,
      8.434775475315426,
      0.026380706521739107,
      0.16353545995150232,
      0.3701631676723667,
      0.00019520087297006166,
      0.0002469343688774287,
      0.0026737936225760244,
      6.878501305836533e-09,
      4.261341116221055,
      29.23293380426324,
      0.8256933123680157,
      0.11506768357940018,
      0.008998248386500485,
      0.10689686336352125,
      0.16917647167068461,
      0.029164711181479303,
      0.053271297620528416,
      1.0830620338006511,
      2.9950277518966923,
      0.1252855889985095,
      3.5975449701690154,
      0.6730970356775366,
      1.1994963550378104,
      2.391160063340613,
      4.45757059463533,
      0.022836856746345748,
      0.015527025434660209,
      4.676935842405289e-05,
      0.0006077039167829081,
      0.0015479584637037276,
      0.1652526977000633,
      0.7230711328618873,
      3.5230437984933025,
      39.14248946231344,
      70.08449340073959
    ],
    "feature_std": [
      104.39191992014037,
      146.21398163832387,
      627.5418067539164,
      0.004882843489121755,
      3.102671743940552,
      1.7407613978070176,
      0.32329922739321626,
      0.5711344040313994,
      3.9807032595871696,
      0.0006386059926108114,
      23.436544647648674,
      0.006122186463421865,
      1.9957776402884666,
      0.2712402071792005,
      0.17824418263547953,
      7.296183990751263e-06,
      7.296183990751263e-06,
      0.0030562494240144317,
      1.1366187327379726e-05,
      0.0009713330122050381,
      1.9264459293724194,
      0.002176511281319512,
      0.01226527178985653,
      0.006341926388111821,
      6.493661693500924e-06,
      8.640355203457619e-06,
      0.0010079569956965282,
      7.206783622053774e-09,
      0.558992112447513,
      39.44016390969348,
      0.07963818007361796,
      0.009182312435562816,
      0.0007496961259235864,
      0.008909776386885173,
      0.012911334610659598,
      0.0030562494240144317,
      0.003373932845600765,
      0.09915320673649344,
      0.12189742006388972,
      0.010183942494971975,
      0.3288872075341219,
      0.013472103137332022,
      0.10439191958586203,
      0.08659543114285947,
      0.19296655414057362,
      0.0019599689061343007,
      0.1774377951826101,
      6.803632889991778e-06,
      4.332483368438901e-05,
      0.0001704468649306131,
      0.01234933174819766,
      0.04117391864144141,
      0.3540296213843048,
      0.34338958595950286,
      0.6572521911739735
    ],
    "feature_min": [
      647.4543133744442,
      2146.1265735393736,
      3011.71875,
      0.010772326961159706,
      0.9841014210775114,
      2.050498265472857,
      4.4036266789555,
      6.0790732730743615,
      7.202943992190594,
      0.0038588144816458225,
      457.03125,
      0.045320816338062286,
      1.4814814814814814,
      -0.12245479226112366,
      3.007333755493164,
      -9.311038653375515e-05,
      -1.6926397941541647e-05,
      0.017142046242952347,
      0.00018948299111798406,
      0.00140380859375,
      7.223687648773193,
      0.000375,
      0.13828757957175927,
      0.3269666985003586,
      0.00015481127775274217,
      0.000156675698235631,
      0.001632933970540762,
      1.7577776040278437e-11,
      1.8125046491622925,
      4.965061187744141,
      0.3886619272244595,
      0.01769002340734005,
      0.0048422180116176605,
      0.059923965483903885,
      0.09107710421085358,
      0.017142046242952347,
      0.029346615076065063,
      0.08073394745588303,
      1.5069986581802368,
      0.05265173688530922,
      0.2938442826271057,
      0.5585547685623169,
      0.6474543123760811,
      1.5555228990619188,
      2.47211303314776,
      0.0003261874127901709,
      0.006983084072597879,
      3.0055007300688885e-05,
      0.0004613807250279933,
      0.0008356035104952753,
      0.13998188405797102,
      0.5921540905399637,
      1.8885953426361084,
      35.228668212890625,
      56.5257453918457
    ],
    "feature_max": [
      2649.0247633531576,
      6044.360187891796,
      20273.4375,
      0.13400278985500336,
      22.12659368813646,
      24.987291332924237,
      8.529120200688771,
      12.04928437079311,
      29.732284895651347,
      0.010306981392204762,
      644.53125,
      0.21241697669029236,
      12.25,
      1.7212073802947998,
      5.787167549133301,
      1.6926397941541647e-05,
      9.311038653375515e-05,
      0.06358777731657028,
      0.0004792750987689942,
      0.03192138671875,
      66.60347747802734,
      0.035520833333333335,
      0.19638852719907407,
      0.4289060113276296,
      0.0002794744505081326,
      0.00039261096389964223,
      0.03313696011900902,
      6.50856932793431e-08,
      20.134552001953125,
      1223.383544921875,
      1.2193713823089434,
      0.1281713843345642,
      0.018018076196312904,
      0.21911504864692688,
      0.3331276476383209,
      0.06358777731657028,
      0.0761253833770752,
      1.2027391195297241,
      3.2434191703796387,
      0.15368342399597168,
      3.9777767658233643,
      0.7139115333557129,
      2.649024760552611,
      3.3147150829303738,
      5.960271128580367,
      0.03115835092372929,
      5.394504547119141,
      9.208753908751532e-05,
      0.0010580259840935469,
      0.0040897950530052185,
      0.19802536231884058,
      1.0220683680612486,
      4.49171257019043,
      40.813262939453125,
      75.40885925292969
    ]
  }
}