{
  "batch_name": "balanced_collected_data_runs_2026_01_15_workspace_1_pure_no_contact_undersample",
  "num_samples": 1585,
  "num_features": 38,
  "classes": [
    "no_contact"
  ],
  "class_distribution": {
    "no_contact": "1585"
  },
  "feature_statistics": {
    "features_shape": [
      1585,
      38
    ],
    "labels_shape": [
      1585
    ],
    "feature_mean": [
      1242.6974054073341,
      2922.6831587983365,
      5040.748225552051,
      0.02590070474681324,
      9.365643602849334,
      5.731173598859593,
      6.209071019793585,
      7.087987409395231,
      15.712621259895306,
      0.005632301716410117,
      538.4931979495268,
      0.0879630215407264,
      3.078509283850907,
      0.8819133496758078,
      3.3422773792916667,
      -7.838968680631227e-05,
      7.838968680631227e-05,
      0.030395398026902217,
      0.00030754674215028384,
      0.0025641697062302837,
      8.338825505313814,
      0.026359240273396353,
      0.1635499701292133,
      0.3732871180866547,
      0.00019909432873075494,
      0.0002491842319932546,
      0.0026569258475276623,
      7.856978258505926e-09,
      4.190000843400083,
      27.393551829786333,
      0.7892684723335095,
      0.11321625565575312,
      0.008903600006255582,
      0.11158900008498682,
      0.17371580215752688,
      0.030395398026902217,
      0.051573165947400995,
      1.0293245684273236
    ],
    "feature_std": [
      125.30503959608666,
      137.34135760412158,
      427.37578544585784,
      0.0023833345624119933,
      3.1638438850005546,
      1.9056474439369837,
      0.3562469851507117,
      0.630691364774689,
      3.977486979379882,
      0.0006273798328813297,
      22.002198064682123,
      0.004787590990748777,
      1.8855736251552953,
      0.27042833077497275,
      0.1862524646642345,
      3.4530034678610837e-06,
      3.4530034678610837e-06,
      0.003245275267720645,
      1.1862814379062505e-05,
      9.783893890174445e-05,
      0.195698140816023,
      0.0019933819698938456,
      0.009888088589495234,
      0.009655053859011754,
      9.174104588056576e-06,
      8.856854034486353e-06,
      9.665337183450267e-05,
      8.4530207256652e-09,
      0.25589207799125907,
      2.5845130578643776,
      0.09368078120653085,
      0.010633484300585175,
      0.0008483454168803012,
      0.012925021847707371,
      0.017455109017503752,
      0.003245275267720645,
      0.005387490632869522,
      0.14567046772205156
    ],
    "feature_min": [
      702.0335114038397,
      2240.1201589202215,
      3996.09375,
      0.011830581352114677,
      1.740377387015819,
      2.4481873596863437,
      4.830024373877789,
      6.108707746163064,
      7.937243522436545,
      0.0021475350949913263,
      457.03125,
      0.029332971200346947,
      1.4444444444444444,
      -0.19774428009986877,
      2.94578218460083,
      -8.739660137813167e-05,
      6.438546074114587e-05,
      0.018670687451958656,
      0.00019203060946892947,
      0.001434326171875,
      7.035182476043701,
      0.020458333333333332,
      0.14313874421296297,
      0.3342037888098322,
      0.00015103792247828096,
      0.0001568076986586675,
      0.0014978607650846243,
      1.9661820782612693e-11,
      1.6622322797775269,
      3.9074292182922363,
      0.3309402220931235,
      0.01637406274676323,
      0.00292238243855536,
      0.06319068372249603,
      0.09715081006288528,
      0.018670687451958656,
      0.015326508320868015,
      0.06879778951406479
    ],
    "feature_max": [
      2537.1771061831014,
      3980.004424994125,
      10335.9375,
      0.054217930883169174,
      28.6936786249742,
      31.65044572394175,
      8.74378582784125,
      11.880266091243683,
      41.30325013186701,
      0.008017826825380325,
      667.96875,
      0.12035199254751205,
      12.25,
      1.7729820013046265,
      4.663999557495117,
      -6.438546074114587e-05,
      8.739660137813167e-05,
      0.06485222280025482,
      0.00040005322080105543,
      0.00299072265625,
      10.236127853393555,
      0.03275,
      0.19813368055555555,
      0.43645957199836966,
      0.0002694815048016608,
      0.00031273640342988074,
      0.003275281749665737,
      6.182578005109463e-08,
      4.826002597808838,
      34.658966064453125,
      1.1260720263923882,
      0.14326424896717072,
      0.01903706043958664,
      0.23992371559143066,
      0.34411385655403137,
      0.06485222280025482,
      0.07362191379070282,
      1.3778258562088013
    ]
  }
}