{
  "batch_name": "reduce_signal_time_experiment_ablation",
  "num_samples": 150,
  "original_dimensions": 38,
  "num_classes": 3,
  "classes": [
    "contact",
    "edge",
    "no_contact"
  ],
  "pca_analysis": {
    "explained_variance_ratio": [
      0.544621899188386,
      0.1116882236912996,
      0.06256949520795481,
      0.057868238935483464,
      0.04559060905304132,
      0.034695151311193134,
      0.03051946129075136,
      0.02114405057865581,
      0.017022531950510383,
      0.01411657631118135,
      0.013079340574835297
    ],
    "cumulative_variance": [
      0.544621899188386,
      0.6563101228796856,
      0.7188796180876404,
      0.7767478570231239,
      0.8223384660761652,
      0.8570336173873584,
      0.8875530786781097,
      0.9086971292567655,
      0.9257196612072759,
      0.9398362375184572,
      0.9529155780932925,
      0.9628002173818125,
      0.9723735047205162,
      0.9794157693884701,
      0.9849865419680026,
      0.9900467160608541,
      0.9936999335717971,
      0.9959759491367327,
      0.9970673122970518,
      0.997892681633145,
      0.9986355302090991,
      0.9991784240384455,
      0.9994950899090086,
      0.9997108210684017,
      0.9998816178597337,
      0.999932136813959,
      0.9999580465049656,
      0.999978314430777,
      0.9999894234058454,
      0.9999955914901645,
      0.9999980403174857,
      0.9999995229394003,
      0.9999998225229242,
      1.0,
      1.0,
      1.0,
      1.0,
      1.0
    ],
    "components_for_95_variance": 11,
    "n_components_used": 11,
    "total_explained_variance": 0.9529155780932925
  },
  "tsne_analysis": {
    "methods_tested": [
      "perplexity_5",
      "perplexity_10",
      "perplexity_20",
      "perplexity_30",
      "best_perplexity",
      "silhouette_score"
    ],
    "best_perplexity": 30,
    "best_silhouette_score": 0.3772769570350647,
    "perplexity_results": {
      "perplexity_5": {
        "perplexity": 5,
        "silhouette_score": 0.24299560487270355,
        "kl_divergence": 0.4967707395553589
      },
      "perplexity_10": {
        "perplexity": 10,
        "silhouette_score": 0.27311351895332336,
        "kl_divergence": 0.4221698045730591
      },
      "perplexity_20": {
        "perplexity": 20,
        "silhouette_score": 0.3332695960998535,
        "kl_divergence": 0.30314362049102783
      },
      "perplexity_30": {
        "perplexity": 30,
        "silhouette_score": 0.3772769570350647,
        "kl_divergence": 0.20632709562778473
      }
    }
  }
}