{
  "batch_name": "combined_datasets",
  "num_samples": 7358,
  "num_features": 38,
  "classes": [
    "contact",
    "no_contact"
  ],
  "class_distribution": {
    "contact": "3523",
    "no_contact": "3835"
  },
  "cv_results": {
    "Random Forest": {
      "scores": [
        0.9116847826086957,
        0.9171195652173914,
        0.9089673913043478,
        0.920462270564242,
        0.9129843643779741
      ],
      "mean_accuracy": 0.9142436748145301,
      "std_accuracy": 0.004072214102527648,
      "best_score": 0.920462270564242,
      "worst_score": 0.9089673913043478
    },
    "SVM (RBF)": {
      "scores": [
        0.8328804347826086,
        0.8206521739130435,
        0.8247282608695652,
        0.8327668252889191,
        0.8334466349422162
      ],
      "mean_accuracy": 0.8288948659592705,
      "std_accuracy": 0.005232551937871553,
      "best_score": 0.8334466349422162,
      "worst_score": 0.8206521739130435
    },
    "SVM (Linear)": {
      "scores": [
        0.7139945652173914,
        0.6942934782608695,
        0.6908967391304348,
        0.6954452753229096,
        0.7117607070020394
      ],
      "mean_accuracy": 0.7012781529867289,
      "std_accuracy": 0.009614291187881098,
      "best_score": 0.7139945652173914,
      "worst_score": 0.6908967391304348
    },
    "K-NN": {
      "scores": [
        0.8077445652173914,
        0.7934782608695652,
        0.7853260869565217,
        0.7994561522773623,
        0.8028552005438477
      ],
      "mean_accuracy": 0.7977720531729378,
      "std_accuracy": 0.007764847723804444,
      "best_score": 0.8077445652173914,
      "worst_score": 0.7853260869565217
    },
    "Logistic Regression": {
      "scores": [
        0.7010869565217391,
        0.6820652173913043,
        0.6786684782608695,
        0.6872875594833446,
        0.699524133242692
      ],
      "mean_accuracy": 0.6897264689799899,
      "std_accuracy": 0.009077192477555892,
      "best_score": 0.7010869565217391,
      "worst_score": 0.6786684782608695
    },
    "Gradient Boosting": {
      "scores": [
        0.876358695652174,
        0.8559782608695652,
        0.8552989130434783,
        0.8633582596872875,
        0.8660774983004759
      ],
      "mean_accuracy": 0.8634143255105963,
      "std_accuracy": 0.007691649080717515,
      "best_score": 0.876358695652174,
      "worst_score": 0.8552989130434783
    },
    "Extra Trees": {
      "scores": [
        0.9103260869565217,
        0.9096467391304348,
        0.9082880434782609,
        0.9191026512576479,
        0.9191026512576479
      ],
      "mean_accuracy": 0.9132932344161027,
      "std_accuracy": 0.004788558787719075,
      "best_score": 0.9191026512576479,
      "worst_score": 0.9082880434782609
    },
    "AdaBoost": {
      "scores": [
        0.798233695652174,
        0.7934782608695652,
        0.7764945652173914,
        0.7940176750509857,
        0.8076138681169273
      ],
      "mean_accuracy": 0.7939676129814088,
      "std_accuracy": 0.010099199081524018,
      "best_score": 0.8076138681169273,
      "worst_score": 0.7764945652173914
    },
    "XGBoost": {
      "scores": [
        0.9150815217391305,
        0.9177989130434783,
        0.9177989130434783,
        0.9129843643779741,
        0.9191026512576479
      ],
      "mean_accuracy": 0.9165532726923418,
      "std_accuracy": 0.002213853123522061,
      "best_score": 0.9191026512576479,
      "worst_score": 0.9129843643779741
    },
    "Naive Bayes": {
      "scores": [
        0.5896739130434783,
        0.545516304347826,
        0.5441576086956522,
        0.5438477226376615,
        0.548606390210741
      ],
      "mean_accuracy": 0.5543603877870719,
      "std_accuracy": 0.017736877942611858,
      "best_score": 0.5896739130434783,
      "worst_score": 0.5438477226376615
    },
    "Quadratic Discriminant Analysis": {
      "scores": [
        0.6039402173913043,
        0.5461956521739131,
        0.545516304347826,
        0.5411284840244731,
        0.5608429639700884
      ],
      "mean_accuracy": 0.5595247243815209,
      "std_accuracy": 0.023181007018442088,
      "best_score": 0.6039402173913043,
      "worst_score": 0.5411284840244731
    },
    "Linear Discriminant Analysis": {
      "scores": [
        0.6902173913043478,
        0.6766304347826086,
        0.6807065217391305,
        0.7022433718558804,
        0.6968048946295038
      ],
      "mean_accuracy": 0.6893205228622943,
      "std_accuracy": 0.009581853376912317,
      "best_score": 0.7022433718558804,
      "worst_score": 0.6766304347826086
    },
    "Ensemble (RF + SVM)": {
      "scores": [
        0.8879076086956522,
        0.8614130434782609,
        0.8702445652173914,
        0.8871515975526852,
        0.893949694085656
      ],
      "mean_accuracy": 0.8801333018059292,
      "std_accuracy": 0.012237844594567684,
      "best_score": 0.893949694085656,
      "worst_score": 0.8614130434782609
    }
  }
}