{
  "batch_name": "balanced_collected_data_runs_2026_01_15_workspace_2_undersample",
  "num_samples": 2688,
  "original_dimensions": 38,
  "num_classes": 3,
  "classes": [
    "contact",
    "edge",
    "no_contact"
  ],
  "pca_analysis": {
    "explained_variance_ratio": [
      0.48421346187542236,
      0.09218693159704063,
      0.08140638895545217,
      0.06048143245733444,
      0.04683322301759118,
      0.03570552126317961,
      0.029737953224881694,
      0.029419838116075955,
      0.025092335751970486,
      0.022735583380276616,
      0.022399500996082386,
      0.01853111591924714,
      0.009577026366646818
    ],
    "cumulative_variance": [
      0.48421346187542236,
      0.576400393472463,
      0.6578067824279151,
      0.7182882148852495,
      0.7651214379028407,
      0.8008269591660203,
      0.830564912390902,
      0.859984750506978,
      0.8850770862589484,
      0.907812669639225,
      0.9302121706353074,
      0.9487432865545545,
      0.9583203129212013,
      0.9673649146330933,
      0.9740677725626407,
      0.979386533002951,
      0.9841463189213221,
      0.9881324434286516,
      0.9909070991748825,
      0.9933176362884228,
      0.9954263555148523,
      0.9965826741483534,
      0.9974668585182195,
      0.9981081835870895,
      0.9986716288171715,
      0.9990069796685696,
      0.9992684196264131,
      0.9994963799225457,
      0.9996465521887743,
      0.9997719929237787,
      0.999874566898147,
      0.9999458266371339,
      0.999972999095186,
      0.9999897542527468,
      0.9999979405684696,
      0.9999999999999998,
      0.9999999999999998,
      0.9999999999999998
    ],
    "components_for_95_variance": 13,
    "n_components_used": 13,
    "total_explained_variance": 0.9583203129212015
  },
  "tsne_analysis": {
    "methods_tested": [
      "perplexity_5",
      "perplexity_10",
      "perplexity_20",
      "perplexity_30",
      "perplexity_50",
      "best_perplexity",
      "silhouette_score"
    ],
    "best_perplexity": 50,
    "best_silhouette_score": 0.19357949495315552,
    "perplexity_results": {
      "perplexity_5": {
        "perplexity": 5,
        "silhouette_score": 0.0928492322564125,
        "kl_divergence": 1.4379701614379883
      },
      "perplexity_10": {
        "perplexity": 10,
        "silhouette_score": 0.10347557067871094,
        "kl_divergence": 1.4476932287216187
      },
      "perplexity_20": {
        "perplexity": 20,
        "silhouette_score": 0.12282148003578186,
        "kl_divergence": 1.3721284866333008
      },
      "perplexity_30": {
        "perplexity": 30,
        "silhouette_score": 0.16038596630096436,
        "kl_divergence": 1.2869809865951538
      },
      "perplexity_50": {
        "perplexity": 50,
        "silhouette_score": 0.19357949495315552,
        "kl_divergence": 1.144231915473938
      }
    }
  }
}