seed,test_acc,test_f1,val_acc,val_f1,gap
42,0.8962703962703963,0.8963352376936704,0.6285714285714286,0.6258796034916229,0.2676989676989677
123,0.9079254079254079,0.9079607182780313,0.63156146179402,0.6310453593727781,0.2763639461313879
456,0.8974358974358975,0.8974082292954788,0.6176079734219269,0.6173662959942106,0.2798279240139706
789,0.9055944055944056,0.90550059267386,0.6431893687707642,0.6414046424881423,0.26240503682364147
2024,0.9055944055944056,0.9055287344442577,0.6355481727574751,0.6334727847122238,0.2700462328369305
