{
  "batch_name": "balanced_collected_data",
  "num_samples": 1971,
  "num_features": 38,
  "classes": [
    "contact",
    "edge",
    "no_contact"
  ],
  "class_distribution": {
    "contact": "657",
    "edge": "657",
    "no_contact": "657"
  },
  "cv_results": {
    "Random Forest": {
      "scores": [
        0.3468354430379747,
        0.39593908629441626,
        0.4035532994923858,
        0.4137055837563452,
        0.38071065989847713
      ],
      "mean_accuracy": 0.3881488144959198,
      "std_accuracy": 0.023294873911524093,
      "best_score": 0.4137055837563452,
      "worst_score": 0.3468354430379747
    },
    "SVM (RBF)": {
      "scores": [
        0.3367088607594937,
        0.35786802030456855,
        0.3730964467005076,
        0.39086294416243655,
        0.42385786802030456
      ],
      "mean_accuracy": 0.37647882798946214,
      "std_accuracy": 0.029634875372312675,
      "best_score": 0.42385786802030456,
      "worst_score": 0.3367088607594937
    },
    "SVM (Linear)": {
      "scores": [
        0.33164556962025316,
        0.3680203045685279,
        0.33248730964467005,
        0.35279187817258884,
        0.37055837563451777
      ],
      "mean_accuracy": 0.3511006875281115,
      "std_accuracy": 0.016689485564731817,
      "best_score": 0.37055837563451777,
      "worst_score": 0.33164556962025316
    },
    "K-NN": {
      "scores": [
        0.3493670886075949,
        0.350253807106599,
        0.3604060913705584,
        0.37055837563451777,
        0.3756345177664975
      ],
      "mean_accuracy": 0.3612439760971535,
      "std_accuracy": 0.010548858231812747,
      "best_score": 0.3756345177664975,
      "worst_score": 0.3493670886075949
    },
    "Logistic Regression": {
      "scores": [
        0.3367088607594937,
        0.37055837563451777,
        0.35786802030456855,
        0.3553299492385787,
        0.35786802030456855
      ],
      "mean_accuracy": 0.3556666452483454,
      "std_accuracy": 0.010871675998662872,
      "best_score": 0.37055837563451777,
      "worst_score": 0.3367088607594937
    },
    "Gradient Boosting": {
      "scores": [
        0.3468354430379747,
        0.3401015228426396,
        0.36548223350253806,
        0.3883248730964467,
        0.3756345177664975
      ],
      "mean_accuracy": 0.3632757180492193,
      "std_accuracy": 0.017845978680899415,
      "best_score": 0.3883248730964467,
      "worst_score": 0.3401015228426396
    },
    "Linear Discriminant Analysis": {
      "scores": [
        0.3341772151898734,
        0.3553299492385787,
        0.33756345177664976,
        0.383248730964467,
        0.35279187817258884
      ],
      "mean_accuracy": 0.35262224506843154,
      "std_accuracy": 0.01739154080712017,
      "best_score": 0.383248730964467,
      "worst_score": 0.3341772151898734
    }
  }
}