{
  "n_components": "14",
  "explained_variance_ratio": [
    0.27275947540672246,
    0.18891289524969598,
    0.1031905234530092,
    0.08383981459807383,
    0.052630792051282134,
    0.0464918764787715,
    0.04022965157049852,
    0.029720003560987293,
    0.02662438575400603,
    0.025098350174275575,
    0.024073899112821817,
    0.021267680775722286,
    0.02008496652222951,
    0.015095653904997602
  ],
  "total_explained_variance": 0.9500199686130937,
  "components_for_95_variance": 14
}