{
  "batch_name": "soft_finger_batch_1",
  "num_samples": 200,
  "original_dimensions": 38,
  "num_classes": 4,
  "classes": [
    "finger blank",
    "finger bottom",
    "finger middle",
    "finger tip"
  ],
  "pca_analysis": {
    "explained_variance_ratio": [
      0.5459323529099545,
      0.12309742179152261,
      0.06131006562993121,
      0.04243429374897085,
      0.03387334171828528,
      0.028322281833542958,
      0.027180232669689667,
      0.02475493497218528,
      0.01948672670090875,
      0.016340576184771995,
      0.013943214368474347,
      0.012140903659350815,
      0.011329371306666728
    ],
    "cumulative_variance": [
      0.5459323529099545,
      0.6690297747014771,
      0.7303398403314083,
      0.7727741340803792,
      0.8066474757986645,
      0.8349697576322074,
      0.8621499903018971,
      0.8869049252740824,
      0.9063916519749912,
      0.9227322281597632,
      0.9366754425282375,
      0.9488163461875884,
      0.9601457174942551,
      0.9692115214719431,
      0.9779653719725702,
      0.9831897529471073,
      0.9883389902258496,
      0.9919376785333246,
      0.9946015870789936,
      0.9967622406233991,
      0.9978499486281301,
      0.9987367580219968,
      0.9992153048707565,
      0.9995115675261314,
      0.9996833263274394,
      0.9998399996294018,
      0.99991934729299,
      0.9999588190706943,
      0.999980447130794,
      0.999990592721777,
      0.9999989734575164,
      0.9999997563868095,
      0.9999999284377141,
      1.0000000000000004,
      1.0000000000000004,
      1.0000000000000004,
      1.0000000000000004,
      1.0000000000000004
    ],
    "components_for_95_variance": 13,
    "n_components_used": 13,
    "total_explained_variance": 0.960145717494255
  },
  "tsne_analysis": {
    "methods_tested": [
      "perplexity_5",
      "perplexity_10",
      "perplexity_20",
      "perplexity_30",
      "perplexity_50",
      "best_perplexity",
      "silhouette_score"
    ],
    "best_perplexity": 5,
    "best_silhouette_score": 0.17225492000579834,
    "perplexity_results": {
      "perplexity_5": {
        "perplexity": 5,
        "silhouette_score": 0.17225492000579834,
        "kl_divergence": 0.7873814105987549
      },
      "perplexity_10": {
        "perplexity": 10,
        "silhouette_score": 0.1621939092874527,
        "kl_divergence": 0.7203536629676819
      },
      "perplexity_20": {
        "perplexity": 20,
        "silhouette_score": 0.16614647209644318,
        "kl_divergence": 0.5983901619911194
      },
      "perplexity_30": {
        "perplexity": 30,
        "silhouette_score": 0.1613691747188568,
        "kl_divergence": 0.45983463525772095
      },
      "perplexity_50": {
        "perplexity": 50,
        "silhouette_score": 0.1486300826072693,
        "kl_divergence": 0.2772488594055176
      }
    }
  }
}