{
  "batch_name": "collected_data_runs_2025_12_10_v1",
  "num_samples": 2463,
  "original_dimensions": 38,
  "num_classes": 3,
  "classes": [
    "contact",
    "edge",
    "no_contact"
  ],
  "pca_analysis": {
    "explained_variance_ratio": [
      0.3578974941236354,
      0.16063740982725053,
      0.10796660855636166,
      0.06317925211627329,
      0.06034633356293562,
      0.040292166091848124,
      0.03172304113116539,
      0.02966407901548406,
      0.026051782103315897,
      0.023501511792092613,
      0.019966383401772824,
      0.017040899310446014,
      0.016179292047632278
    ],
    "cumulative_variance": [
      0.3578974941236354,
      0.518534903950886,
      0.6265015125072476,
      0.6896807646235209,
      0.7500270981864565,
      0.7903192642783047,
      0.8220423054094701,
      0.8517063844249542,
      0.8777581665282701,
      0.9012596783203627,
      0.9212260617221355,
      0.9382669610325816,
      0.9544462530802138,
      0.9701309315756469,
      0.9784142297212242,
      0.9844167220290334,
      0.9898585807459596,
      0.9931104066922531,
      0.9957611507828993,
      0.9971554681428599,
      0.9982314515514148,
      0.9987282724416562,
      0.9991749125179396,
      0.9994533839563836,
      0.9996606339121009,
      0.999785789368183,
      0.9998783149124393,
      0.9999561749248884,
      0.9999977177336538,
      0.9999999430153123,
      0.9999999819147327,
      0.9999999992670764,
      0.9999999998180416,
      0.999999999960013,
      0.9999999999999887,
      1.0,
      1.0,
      1.0
    ],
    "components_for_95_variance": 13,
    "n_components_used": 13,
    "total_explained_variance": 0.9544462530802138
  },
  "tsne_analysis": {
    "methods_tested": [
      "perplexity_5",
      "perplexity_10",
      "perplexity_20",
      "perplexity_30",
      "perplexity_50",
      "best_perplexity",
      "silhouette_score"
    ],
    "best_perplexity": 10,
    "best_silhouette_score": -0.013137987814843655,
    "perplexity_results": {
      "perplexity_5": {
        "perplexity": 5,
        "silhouette_score": -0.0135482307523489,
        "kl_divergence": 1.4149117469787598
      },
      "perplexity_10": {
        "perplexity": 10,
        "silhouette_score": -0.013137987814843655,
        "kl_divergence": 1.4524977207183838
      },
      "perplexity_20": {
        "perplexity": 20,
        "silhouette_score": -0.01637205109000206,
        "kl_divergence": 1.4047037363052368
      },
      "perplexity_30": {
        "perplexity": 30,
        "silhouette_score": -0.01711885631084442,
        "kl_divergence": 1.3460595607757568
      },
      "perplexity_50": {
        "perplexity": 50,
        "silhouette_score": -0.01846098154783249,
        "kl_divergence": 1.242287278175354
      }
    }
  }
}