{
  "batch_name": "balanced_collected_data_2025_12_16_v3_undersample",
  "num_samples": 1335,
  "num_features": 38,
  "classes": [
    "contact",
    "edge",
    "no_contact"
  ],
  "class_distribution": {
    "contact": "445",
    "edge": "445",
    "no_contact": "445"
  },
  "cv_results": {
    "Random Forest": {
      "scores": [
        0.7453183520599251,
        0.7528089887640449,
        0.7191011235955056,
        0.7340823970037453,
        0.7752808988764045
      ],
      "mean_accuracy": 0.7453183520599251,
      "std_accuracy": 0.0188013489108781,
      "best_score": 0.7752808988764045,
      "worst_score": 0.7191011235955056
    },
    "SVM (RBF)": {
      "scores": [
        0.6966292134831461,
        0.7191011235955056,
        0.6591760299625468,
        0.6966292134831461,
        0.7602996254681648
      ],
      "mean_accuracy": 0.7063670411985018,
      "std_accuracy": 0.033128605823964014,
      "best_score": 0.7602996254681648,
      "worst_score": 0.6591760299625468
    },
    "SVM (Linear)": {
      "scores": [
        0.7191011235955056,
        0.6816479400749064,
        0.6816479400749064,
        0.6853932584269663,
        0.7340823970037453
      ],
      "mean_accuracy": 0.7003745318352059,
      "std_accuracy": 0.021966858874329857,
      "best_score": 0.7340823970037453,
      "worst_score": 0.6816479400749064
    },
    "K-NN": {
      "scores": [
        0.6142322097378277,
        0.6741573033707865,
        0.6179775280898876,
        0.5917602996254682,
        0.6704119850187266
      ],
      "mean_accuracy": 0.6337078651685394,
      "std_accuracy": 0.03277100053067769,
      "best_score": 0.6741573033707865,
      "worst_score": 0.5917602996254682
    },
    "Logistic Regression": {
      "scores": [
        0.6891385767790262,
        0.6741573033707865,
        0.6704119850187266,
        0.6816479400749064,
        0.7415730337078652
      ],
      "mean_accuracy": 0.6913857677902622,
      "std_accuracy": 0.025905043394442842,
      "best_score": 0.7415730337078652,
      "worst_score": 0.6704119850187266
    },
    "Gradient Boosting": {
      "scores": [
        0.7415730337078652,
        0.7715355805243446,
        0.7602996254681648,
        0.7490636704119851,
        0.7715355805243446
      ],
      "mean_accuracy": 0.7588014981273409,
      "std_accuracy": 0.01198501872659174,
      "best_score": 0.7715355805243446,
      "worst_score": 0.7415730337078652
    },
    "Extra Trees": {
      "scores": [
        0.7602996254681648,
        0.7827715355805244,
        0.7528089887640449,
        0.7528089887640449,
        0.7715355805243446
      ],
      "mean_accuracy": 0.7640449438202247,
      "std_accuracy": 0.011604444483018507,
      "best_score": 0.7827715355805244,
      "worst_score": 0.7528089887640449
    },
    "AdaBoost": {
      "scores": [
        0.6816479400749064,
        0.6966292134831461,
        0.6816479400749064,
        0.6441947565543071,
        0.7191011235955056
      ],
      "mean_accuracy": 0.6846441947565542,
      "std_accuracy": 0.024433717498576906,
      "best_score": 0.7191011235955056,
      "worst_score": 0.6441947565543071
    },
    "XGBoost": {
      "scores": [
        0.7528089887640449,
        0.7902621722846442,
        0.7528089887640449,
        0.7602996254681648,
        0.8164794007490637
      ],
      "mean_accuracy": 0.7745318352059926,
      "std_accuracy": 0.02511319043331869,
      "best_score": 0.8164794007490637,
      "worst_score": 0.7528089887640449
    },
    "Naive Bayes": {
      "scores": [
        0.3970037453183521,
        0.4606741573033708,
        0.4419475655430712,
        0.49812734082397003,
        0.5917602996254682
      ],
      "mean_accuracy": 0.4779026217228465,
      "std_accuracy": 0.06558479143025477,
      "best_score": 0.5917602996254682,
      "worst_score": 0.3970037453183521
    },
    "Quadratic Discriminant Analysis": {
      "scores": [
        0.6067415730337079,
        0.6928838951310862,
        0.7116104868913857,
        0.7153558052434457,
        0.7565543071161048
      ],
      "mean_accuracy": 0.6966292134831462,
      "std_accuracy": 0.04951758466228734,
      "best_score": 0.7565543071161048,
      "worst_score": 0.6067415730337079
    },
    "Linear Discriminant Analysis": {
      "scores": [
        0.6367041198501873,
        0.7116104868913857,
        0.6741573033707865,
        0.6966292134831461,
        0.7265917602996255
      ],
      "mean_accuracy": 0.6891385767790262,
      "std_accuracy": 0.031424984214836,
      "best_score": 0.7265917602996255,
      "worst_score": 0.6367041198501873
    },
    "Ensemble (RF + SVM)": {
      "scores": [
        0.7340823970037453,
        0.7415730337078652,
        0.7078651685393258,
        0.7453183520599251,
        0.7677902621722846
      ],
      "mean_accuracy": 0.7393258426966293,
      "std_accuracy": 0.019331068015826142,
      "best_score": 0.7677902621722846,
      "worst_score": 0.7078651685393258
    }
  }
}