{
  "batch_name": "collected_data_runs_validate_2025_12_16_v2_simple",
  "num_samples": 900,
  "num_features": 38,
  "classes": [
    "contact",
    "edge",
    "no_contact"
  ],
  "class_distribution": {
    "contact": "300",
    "edge": "300",
    "no_contact": "300"
  },
  "cv_results": {
    "Random Forest": {
      "scores": [
        0.8388888888888889,
        0.8444444444444444,
        0.7888888888888889,
        0.8277777777777777,
        0.8388888888888889
      ],
      "mean_accuracy": 0.8277777777777777,
      "std_accuracy": 0.020184335693983292,
      "best_score": 0.8444444444444444,
      "worst_score": 0.7888888888888889
    },
    "SVM (RBF)": {
      "scores": [
        0.8,
        0.8222222222222222,
        0.7722222222222223,
        0.8055555555555556,
        0.85
      ],
      "mean_accuracy": 0.8099999999999999,
      "std_accuracy": 0.025676044462869627,
      "best_score": 0.85,
      "worst_score": 0.7722222222222223
    },
    "SVM (Linear)": {
      "scores": [
        0.8333333333333334,
        0.8555555555555555,
        0.7833333333333333,
        0.8555555555555555,
        0.8444444444444444
      ],
      "mean_accuracy": 0.8344444444444445,
      "std_accuracy": 0.026851213274654593,
      "best_score": 0.8555555555555555,
      "worst_score": 0.7833333333333333
    },
    "K-NN": {
      "scores": [
        0.7111111111111111,
        0.7555555555555555,
        0.7111111111111111,
        0.7555555555555555,
        0.7444444444444445
      ],
      "mean_accuracy": 0.7355555555555556,
      "std_accuracy": 0.020367003088692603,
      "best_score": 0.7555555555555555,
      "worst_score": 0.7111111111111111
    },
    "Logistic Regression": {
      "scores": [
        0.8277777777777777,
        0.8444444444444444,
        0.7944444444444444,
        0.8444444444444444,
        0.8555555555555555
      ],
      "mean_accuracy": 0.8333333333333333,
      "std_accuracy": 0.021372648957412616,
      "best_score": 0.8555555555555555,
      "worst_score": 0.7944444444444444
    },
    "Gradient Boosting": {
      "scores": [
        0.8444444444444444,
        0.8277777777777777,
        0.7777777777777778,
        0.8333333333333334,
        0.8277777777777777
      ],
      "mean_accuracy": 0.8222222222222222,
      "std_accuracy": 0.02304049039258635,
      "best_score": 0.8444444444444444,
      "worst_score": 0.7777777777777778
    },
    "Extra Trees": {
      "scores": [
        0.8222222222222222,
        0.8444444444444444,
        0.8,
        0.8333333333333334,
        0.8277777777777777
      ],
      "mean_accuracy": 0.8255555555555556,
      "std_accuracy": 0.014740554623801765,
      "best_score": 0.8444444444444444,
      "worst_score": 0.8
    },
    "AdaBoost": {
      "scores": [
        0.6611111111111111,
        0.6833333333333333,
        0.7333333333333333,
        0.8222222222222222,
        0.6888888888888889
      ],
      "mean_accuracy": 0.7177777777777778,
      "std_accuracy": 0.0572410972106278,
      "best_score": 0.8222222222222222,
      "worst_score": 0.6611111111111111
    },
    "XGBoost": {
      "scores": [
        0.8555555555555555,
        0.8277777777777777,
        0.8222222222222222,
        0.8333333333333334,
        0.8111111111111111
      ],
      "mean_accuracy": 0.8300000000000001,
      "std_accuracy": 0.01474055462380177,
      "best_score": 0.8555555555555555,
      "worst_score": 0.8111111111111111
    },
    "Naive Bayes": {
      "scores": [
        0.6833333333333333,
        0.6555555555555556,
        0.6777777777777778,
        0.8111111111111111,
        0.7166666666666667
      ],
      "mean_accuracy": 0.7088888888888889,
      "std_accuracy": 0.054727157137887776,
      "best_score": 0.8111111111111111,
      "worst_score": 0.6555555555555556
    },
    "Quadratic Discriminant Analysis": {
      "scores": [
        0.7888888888888889,
        0.7055555555555556,
        0.7555555555555555,
        0.8444444444444444,
        0.8111111111111111
      ],
      "mean_accuracy": 0.7811111111111112,
      "std_accuracy": 0.04760952285695232,
      "best_score": 0.8444444444444444,
      "worst_score": 0.7055555555555556
    },
    "Linear Discriminant Analysis": {
      "scores": [
        0.8333333333333334,
        0.8388888888888889,
        0.8111111111111111,
        0.8666666666666667,
        0.8555555555555555
      ],
      "mean_accuracy": 0.8411111111111111,
      "std_accuracy": 0.019116278371205834,
      "best_score": 0.8666666666666667,
      "worst_score": 0.8111111111111111
    },
    "Ensemble (RF + SVM)": {
      "scores": [
        0.8055555555555556,
        0.8222222222222222,
        0.7777777777777778,
        0.8,
        0.85
      ],
      "mean_accuracy": 0.8111111111111111,
      "std_accuracy": 0.02408831487630976,
      "best_score": 0.85,
      "worst_score": 0.7777777777777778
    }
  }
}