{
  "best_overall": {
    "accuracy": 0.75,
    "batch": "collected_data_runs_2025_12_16_v1_simple",
    "classifier": "XGBoost"
  },
  "per_batch_performance": {
    "collected_data_runs_2025_12_16_v1_simple": {
      "best_classifier": {
        "name": "XGBoost",
        "accuracy": 0.75
      },
      "cv_performance": {
        "Random Forest": {
          "mean_accuracy": 0.7483333333333333,
          "std_accuracy": 0.03000000000000001
        },
        "SVM (RBF)": {
          "mean_accuracy": 0.6866666666666668,
          "std_accuracy": 0.04365266951236265
        },
        "SVM (Linear)": {
          "mean_accuracy": 0.7233333333333334,
          "std_accuracy": 0.047551142058957024
        },
        "K-NN": {
          "mean_accuracy": 0.6233333333333333,
          "std_accuracy": 0.0690008051482815
        },
        "Logistic Regression": {
          "mean_accuracy": 0.6666666666666667,
          "std_accuracy": 0.05055250296034367
        },
        "Gradient Boosting": {
          "mean_accuracy": 0.7266666666666666,
          "std_accuracy": 0.026562295750848716
        },
        "Extra Trees": {
          "mean_accuracy": 0.7366666666666666,
          "std_accuracy": 0.04034572812303402
        },
        "AdaBoost": {
          "mean_accuracy": 0.6683333333333332,
          "std_accuracy": 0.052281290471193745
        },
        "XGBoost": {
          "mean_accuracy": 0.75,
          "std_accuracy": 0.04082482904638631
        },
        "Linear Discriminant Analysis": {
          "mean_accuracy": 0.6783333333333333,
          "std_accuracy": 0.05044248650140517
        },
        "Ensemble (RF + SVM)": {
          "mean_accuracy": 0.725,
          "std_accuracy": 0.029344694769431662
        }
      },
      "num_classifiers_tested": 11
    }
  },
  "total_batches": 1,
  "cross_batch_results": {}
}