{
  "edge": {
    "precision": 0.535483870967742,
    "recall": 0.7614678899082569,
    "f1-score": 0.6287878787878788,
    "support": 109.0
  },
  "no_surface": {
    "precision": 0.16666666666666666,
    "recall": 0.03333333333333333,
    "f1-score": 0.05555555555555555,
    "support": 30.0
  },
  "surface": {
    "precision": 0.23076923076923078,
    "recall": 0.14754098360655737,
    "f1-score": 0.18,
    "support": 61.0
  },
  "accuracy": 0.465,
  "macro avg": {
    "precision": 0.31097325613454646,
    "recall": 0.3141140689493825,
    "f1-score": 0.28811447811447816,
    "support": 200.0
  },
  "weighted avg": {
    "precision": 0.3872233250620348,
    "recall": 0.465,
    "f1-score": 0.40592272727272727,
    "support": 200.0
  }
}