{
  "batch_name": "balanced_collected_data_runs_2026_01_15_workspace_2_squares_cutout_undersample",
  "num_samples": 360,
  "num_features": 38,
  "classes": [
    "contact",
    "no_contact"
  ],
  "class_distribution": {
    "contact": "180",
    "no_contact": "180"
  },
  "feature_statistics": {
    "features_shape": [
      360,
      38
    ],
    "labels_shape": [
      360
    ],
    "feature_mean": [
      1508.5429989750028,
      3213.628766220008,
      7209.244791666667,
      0.03277581486747497,
      9.025180484721766,
      5.5874789592121195,
      6.314007649454323,
      7.278841942371005,
      16.126434975713977,
      0.00578117360580816,
      535.3841145833334,
      0.09447966707456443,
      2.84233804862257,
      0.7504431011362208,
      3.7149692952632902,
      -6.649728782494289e-05,
      6.649728782494289e-05,
      0.04244241351261735,
      0.00032238855371057674,
      0.0026011149088541667,
      8.069584880934821,
      0.026442418981481437,
      0.17048828376173486,
      0.39225077106710116,
      0.00022256759592791139,
      0.0002591275543737639,
      0.0027119850248305336,
      1.0561165686641085e-08,
      3.788788471288151,
      23.156917287243736,
      0.6808956348249727,
      0.09969595496853192,
      0.00841626205559199,
      0.12839750974542566,
      0.20184648633003235,
      0.04244241351261735,
      0.041858875368618306,
      0.7837743318950137
    ],
    "feature_std": [
      101.39782844260041,
      78.83346865829932,
      1164.8410573362896,
      0.001715195387188494,
      3.0238559917298162,
      1.6438252817296666,
      0.33645323968603824,
      0.6240636560725911,
      4.102451902255235,
      0.0007491701226620075,
      28.19226545193534,
      0.006606577261049581,
      1.2563501426518078,
      0.298143974247138,
      0.1545055209961737,
      2.141853666385846e-06,
      2.141853666385846e-06,
      0.003259597362143998,
      8.376632623921085e-06,
      6.854954259778425e-05,
      0.16677529576042538,
      0.0024666772559821886,
      0.006168542487148664,
      0.007468154208922107,
      9.532773412801011e-06,
      6.082364434225202e-06,
      7.29414824676456e-05,
      1.145903018767178e-08,
      0.19780608444310868,
      1.9568420865861471,
      0.07378975588149159,
      0.007676314861183987,
      0.0006902554714687482,
      0.010501008226922123,
      0.013922086289958654,
      0.003259597362143998,
      0.004030609450583169,
      0.0991036131699098
    ],
    "feature_min": [
      1315.3524636098314,
      3038.8005570444875,
      5062.5,
      0.02980845607817173,
      1.0374327708743714,
      2.5931550786776754,
      5.555422973848621,
      5.756391755662818,
      6.014426181189192,
      0.003373019164428115,
      457.03125,
      0.05070717632770538,
      1.3448275862068966,
      -0.38771510124206543,
      3.4918274879455566,
      -7.299916711951846e-05,
      5.917653922636051e-05,
      0.03503921627998352,
      0.00021604320500046015,
      0.001556396484375,
      7.204098224639893,
      0.021291666666666667,
      0.155517578125,
      0.3768336866580175,
      0.00018340339011047035,
      0.00017613638192415237,
      0.0017023105174303055,
      9.153604957345962e-11,
      1.6412066221237183,
      3.6662468910217285,
      0.4677373641557203,
      0.015906058251857758,
      0.004393080715090036,
      0.1080821231007576,
      0.1741054356098175,
      0.03503921627998352,
      0.021849747747182846,
      0.07394776493310928
    ],
    "feature_max": [
      2470.7539786740913,
      3901.8728322272023,
      10992.1875,
      0.056791454553604126,
      20.284809858483904,
      20.225028919780208,
      8.553834964631978,
      11.67111549520057,
      38.62764093740239,
      0.008534187451004982,
      644.53125,
      0.11718865483999252,
      12.0,
      1.7679122686386108,
      4.754092693328857,
      -5.917653922636051e-05,
      7.299916711951846e-05,
      0.07155073434114456,
      0.0003406150499358773,
      0.002899169921875,
      8.853910446166992,
      0.04747916666666667,
      0.1906060112847222,
      0.4295761786512509,
      0.00024344015400856733,
      0.00027075462276116014,
      0.0029937687795609236,
      7.963266313026907e-08,
      4.127054214477539,
      26.979150772094727,
      0.8854814791941563,
      0.1145806685090065,
      0.016032997518777847,
      0.215098574757576,
      0.3268921971321106,
      0.07155073434114456,
      0.056169141083955765,
      0.9771952629089355
    ]
  }
}