{
  "batch_name": "soft_finger_batch_4",
  "num_samples": 100,
  "original_dimensions": 38,
  "num_classes": 2,
  "classes": [
    "metal",
    "no metal"
  ],
  "pca_analysis": {
    "explained_variance_ratio": [
      0.22963760003402894,
      0.12462529119311265,
      0.08690101409761793,
      0.07640464494828669,
      0.06055236691761864,
      0.05200387094206575,
      0.0439067092071774,
      0.04028539084031513,
      0.03801564039161056,
      0.035682564601328584,
      0.032153333638906864,
      0.026116244356158072,
      0.02366819832150097,
      0.01789938588334436,
      0.017305463459653454,
      0.01605174392412043,
      0.014511626320559213,
      0.012816265625681795,
      0.008937196359114807
    ],
    "cumulative_variance": [
      0.22963760003402894,
      0.3542628912271416,
      0.4411639053247595,
      0.5175685502730463,
      0.5781209171906649,
      0.6301247881327307,
      0.6740314973399081,
      0.7143168881802232,
      0.7523325285718337,
      0.7880150931731623,
      0.8201684268120691,
      0.8462846711682273,
      0.8699528694897283,
      0.8878522553730727,
      0.9051577188327261,
      0.9212094627568466,
      0.9357210890774058,
      0.9485373547030876,
      0.9574745510622025,
      0.9660160368885752,
      0.9736148849067263,
      0.9796053102057684,
      0.9851221236479777,
      0.9898756461745843,
      0.9937354967026942,
      0.9965490665375697,
      0.9985060628622499,
      0.9997552224936176,
      0.9999776201570844,
      0.9999935831001835,
      0.9999980165715867,
      0.9999991300706568,
      0.999999782458979,
      0.9999999288877601,
      1.0000000000000004,
      1.0000000000000004,
      1.0000000000000004,
      1.0000000000000004
    ],
    "components_for_95_variance": 19,
    "n_components_used": 19,
    "total_explained_variance": 0.9574745510622023
  },
  "tsne_analysis": {
    "methods_tested": [
      "perplexity_5",
      "perplexity_10",
      "perplexity_20",
      "perplexity_30",
      "best_perplexity",
      "silhouette_score"
    ],
    "best_perplexity": 10,
    "best_silhouette_score": 0.4084981679916382,
    "perplexity_results": {
      "perplexity_5": {
        "perplexity": 5,
        "silhouette_score": 0.3859911859035492,
        "kl_divergence": 0.782680094242096
      },
      "perplexity_10": {
        "perplexity": 10,
        "silhouette_score": 0.4084981679916382,
        "kl_divergence": 0.710792064666748
      },
      "perplexity_20": {
        "perplexity": 20,
        "silhouette_score": 0.3719576895236969,
        "kl_divergence": 0.5736808776855469
      },
      "perplexity_30": {
        "perplexity": 30,
        "silhouette_score": 0.3476836085319519,
        "kl_divergence": 0.43398645520210266
      }
    }
  }
}