{
  "batch_name": "soft_finger_batch_3",
  "num_samples": 150,
  "original_dimensions": 38,
  "num_classes": 2,
  "classes": [
    "contact",
    "edge"
  ],
  "pca_analysis": {
    "explained_variance_ratio": [
      0.3042412118503046,
      0.1399876545660615,
      0.07363115515831305,
      0.059253300138555565,
      0.049623117964536834,
      0.045072912122886444,
      0.040967256675678125,
      0.034483185815249576,
      0.032912984332620236,
      0.03091839626835159,
      0.02604828329609598,
      0.02311647732661335,
      0.021845180179387545,
      0.019285165485956168,
      0.017209066336308233,
      0.014547540422136053,
      0.012726986715670123,
      0.010962401095645148
    ],
    "cumulative_variance": [
      0.3042412118503046,
      0.4442288664163661,
      0.5178600215746791,
      0.5771133217132347,
      0.6267364396777715,
      0.6718093518006579,
      0.7127766084763361,
      0.7472597942915856,
      0.7801727786242059,
      0.8110911748925574,
      0.8371394581886534,
      0.8602559355152668,
      0.8821011156946543,
      0.9013862811806105,
      0.9185953475169187,
      0.9331428879390548,
      0.9458698746547248,
      0.95683227575037,
      0.9668666061331044,
      0.9749628142991965,
      0.9820161564345853,
      0.9873625340669657,
      0.991622737394905,
      0.9950494091704685,
      0.9975967828955965,
      0.9989370396112857,
      0.9993874569246993,
      0.9997566779367626,
      0.9999450252773382,
      0.9999872772053106,
      0.9999955353487904,
      0.999999396931194,
      0.9999997916020862,
      0.9999999811907041,
      0.9999999999999999,
      0.9999999999999999,
      0.9999999999999999,
      0.9999999999999999
    ],
    "components_for_95_variance": 18,
    "n_components_used": 18,
    "total_explained_variance": 0.95683227575037
  },
  "tsne_analysis": {
    "methods_tested": [
      "perplexity_5",
      "perplexity_10",
      "perplexity_20",
      "perplexity_30",
      "best_perplexity",
      "silhouette_score"
    ],
    "best_perplexity": 20,
    "best_silhouette_score": 0.7198958396911621,
    "perplexity_results": {
      "perplexity_5": {
        "perplexity": 5,
        "silhouette_score": 0.6642736792564392,
        "kl_divergence": 0.8964170813560486
      },
      "perplexity_10": {
        "perplexity": 10,
        "silhouette_score": 0.7143364548683167,
        "kl_divergence": 0.8198661208152771
      },
      "perplexity_20": {
        "perplexity": 20,
        "silhouette_score": 0.7198958396911621,
        "kl_divergence": 0.6795771718025208
      },
      "perplexity_30": {
        "perplexity": 30,
        "silhouette_score": 0.6821863651275635,
        "kl_divergence": 0.5306600332260132
      }
    }
  }
}