{
  "batch_name": "soft_finger_batch_3",
  "num_samples": 150,
  "original_dimensions": 38,
  "num_classes": 3,
  "classes": [
    "contact",
    "edge",
    "no contact"
  ],
  "pca_analysis": {
    "explained_variance_ratio": [
      0.3042412118503048,
      0.1399876545660614,
      0.07363115515831316,
      0.059253300138555454,
      0.04962311796453681,
      0.045072912122886395,
      0.04096725667567811,
      0.03448318581524954,
      0.032912984332620264,
      0.0309183962683516,
      0.026048283296095986,
      0.023116477326613386,
      0.021845180179387573,
      0.01928516548595617,
      0.01720906633630824,
      0.014547540422136053,
      0.012726986715670128,
      0.010962401095645153
    ],
    "cumulative_variance": [
      0.3042412118503048,
      0.44422886641636616,
      0.5178600215746794,
      0.5771133217132348,
      0.6267364396777716,
      0.671809351800658,
      0.7127766084763362,
      0.7472597942915857,
      0.780172778624206,
      0.8110911748925576,
      0.8371394581886535,
      0.8602559355152669,
      0.8821011156946544,
      0.9013862811806106,
      0.9185953475169188,
      0.9331428879390549,
      0.9458698746547249,
      0.9568322757503701,
      0.9668666061331045,
      0.9749628142991966,
      0.9820161564345854,
      0.9873625340669658,
      0.9916227373949051,
      0.9950494091704687,
      0.9975967828955967,
      0.9989370396112859,
      0.9993874569246995,
      0.9997566779367628,
      0.9999450252773384,
      0.9999872772053108,
      0.9999955353487906,
      0.9999993969311942,
      0.9999997916020864,
      0.9999999811907043,
      1.0,
      1.0,
      1.0,
      1.0
    ],
    "components_for_95_variance": 18,
    "n_components_used": 18,
    "total_explained_variance": 0.9568322757503702
  },
  "tsne_analysis": {
    "methods_tested": [
      "perplexity_5",
      "perplexity_10",
      "perplexity_20",
      "perplexity_30",
      "best_perplexity",
      "silhouette_score"
    ],
    "best_perplexity": 20,
    "best_silhouette_score": 0.5022402405738831,
    "perplexity_results": {
      "perplexity_5": {
        "perplexity": 5,
        "silhouette_score": 0.432567298412323,
        "kl_divergence": 0.9477965831756592
      },
      "perplexity_10": {
        "perplexity": 10,
        "silhouette_score": 0.4863559901714325,
        "kl_divergence": 0.8287838697433472
      },
      "perplexity_20": {
        "perplexity": 20,
        "silhouette_score": 0.5022402405738831,
        "kl_divergence": 0.6714491248130798
      },
      "perplexity_30": {
        "perplexity": 30,
        "silhouette_score": 0.4945994019508362,
        "kl_divergence": 0.5183135867118835
      }
    }
  }
}