{
  "num_batches_processed": 1,
  "total_impulse_responses": 5,
  "materials_found": [
    "unknown"
  ],
  "num_unique_materials": 1,
  "spectral_centroid_range": {
    "min": 0.03749344053112393,
    "max": 0.04211265218037641,
    "mean": 0.03966650159033071
  },
  "spectral_rolloff_range": {
    "min": 0.06640625,
    "max": 0.06640625,
    "mean": 0.06640625
  },
  "resonant_frequency_range": {
    "min": 150.732421875,
    "max": 22006.93359375,
    "mean": 11196.674053485576
  },
  "quality_factor_range": {
    "min": 1.166666666666667,
    "max": 511.0,
    "mean": 214.91931315795412
  }
}